Protein,Peptide,All Stdev,All Mean,All CV
PRTC,SSAAPPPPPR,656671323.1,3931381898,16.7033206
PRTC,GISNEGQNASIK,175218373,927660332.3,18.8882037
PRTC,HVLTSIGEK,272020263.6,1336781214,20.3488993
PRTC,DIPVPKPK,331457364.6,1247884386,26.5615443
PRTC,IGDYAGIK,241457374.8,1468389278,16.4436896
PRTC,TASEFDSAIAQDK,54375287.88,454373577.8,11.9670884
PRTC,SAAGAFGPELSR,734799926.3,4874554565,15.0741963
PRTC,ELGQSGVDTYLQTK,98008385.09,621762818.5,15.7629858
PRTC,GLILVGGYGTR,624528182.5,3872148638,16.1287244
PRTC,GILFVGSGVSGGEEGAR,485102220.7,3318918164,14.6162754
PRTC,SFANQPLEVVYSK,83285969.89,657243773.5,12.6720059
PRTC,LTILEELR,459562180.1,2630689861,17.4692649
PRTC,NGFILDGFPR,204833810.8,1305604293,15.6888126
PRTC,ELASGLSFPVGFK,549113511.4,4337529423,12.6595916
PRTC,LSSEAPALFQFDLK,88676857.15,323521513.8,27.4098795
PRTC,LVNELTEFAK,366659375.5,3247277410,11.2912859
PRTC,ATEEQLK,263205844.1,1157991458,22.7295152
