Protein,Peptide,All Stdev,All Mean,All CV
enolase,NVNDVIAPAFVK,306099588.1,2483753973,12.3240704
enolase,AVDDFLISLDGTANK,406178679.2,1334573625,30.43508965
enolase,LGANAILGVSLAASR,340863886.8,2537798376,13.43148021
enolase,IGSEVYHNLK,66749388.71,243603487.1,27.40083466
enolase,VNQIGTLSESIK,388164000.3,2472069947,15.7019829
PRTC,SSAAPPPPPR,459330560.8,5013196700,9.162428453
PRTC,GISNEGQNASIK,340782485.3,2037941944,16.72189369
PRTC,HVLTSIGEK,191079594.1,1365179333,13.99666618
PRTC,DIPVPKPK,584826823.2,1941717708,30.11904464
PRTC,IGDYAGIK,506140501.8,2477670062,20.42808321
PRTC,TASEFDSAIAQDK,196014299.3,1352172478,14.49624974
PRTC,SAAGAFGPELSR,897848998.6,7874286809,11.40228976
PRTC,ELGQSGVDTYLQTK,115686926.7,1382825383,8.365982293
PRTC,GLILVGGYGTR,871905119.3,7245066674,12.03446647
PRTC,GILFVGSGVSGGEEGAR,880229794,7096109464,12.40439988
PRTC,SFANQPLEVVYSK,357207848.8,1829756635,19.52215076
PRTC,LTILEELR,547697808.1,2273488529,24.09063433
PRTC,NGFILDGFPR,652799857.2,1968257746,33.16638069
PRTC,ELASGLSFPVGFK,2111542753,7708065940,27.39393734
PRTC,LSSEAPALFQFDLK,30760872.69,192058986.7,16.01636727
