Protein,Mean OM Protein Peak Area,Mean SC Protein Peak Area,log2(Fold Change),P Value,Adjusted P Value
sp|Q9UNN8|EPCR_HUMAN,50729821.46553599,16035310.560987523,-1.8105663086130395,7.450580596923828e-09,3.575533628463745e-06
sp|O94788|AL1A2_HUMAN,1876587698.603248,345944607.4274283,-2.3447324522432313,7.450580596923828e-09,3.575533628463745e-06
sp|Q8WWA0|ITLN1_HUMAN,128637845.3316295,11864321.263318582,-3.462664517107567,7.450580596923828e-09,3.575533628463745e-06
sp|Q8WUT4|LRRN4_HUMAN,29244081.269676663,9781089.91546853,-1.616691254013489,7.450580596923828e-09,3.575533628463745e-06
sp|P26447|S10A4_HUMAN,199130829.0728113,479179024.5107495,1.1171875936514997,7.450580596923828e-09,3.575533628463745e-06
sp|Q5VT79|AXA81_HUMAN,230245783.86871713,35262195.55077522,-2.4443650330277253,7.450580596923828e-09,3.575533628463745e-06
sp|Q96AM1|MRGRF_HUMAN,9785571.312378207,2869711.680681082,-1.9800853998243575,7.450580596923828e-09,3.575533628463745e-06
sp|P13928|ANXA8_HUMAN,225655632.4163067,34253294.37519837,-2.488640028974224,7.450580596923828e-09,3.575533628463745e-06
sp|P09972|ALDOC_HUMAN,399992957.85385615,1432553999.946881,1.6751095112481107,7.450580596923828e-09,3.575533628463745e-06
sp|P09110|THIK_HUMAN,40000507.37823431,70564662.62769715,0.7878253099181532,7.450580596923828e-09,3.575533628463745e-06
sp|P50453|SPB9_HUMAN,175828509.75996542,101569303.10793936,-0.753166074946886,1.4901161193847656e-08,5.5008209668673e-06
sp|P21246|PTN_HUMAN,6624284.828534449,1094611.3173578205,-2.5157110925923214,1.4901161193847656e-08,5.5008209668673e-06
sp|P00750|TPA_HUMAN,2143704.5483604376,1031509.2833554398,-1.218659688497482,1.4901161193847656e-08,5.5008209668673e-06
sp|O00592|PODXL_HUMAN,19952444.786410373,7551190.142958618,-1.3526283328246105,2.2351741790771484e-08,5.645579413363808e-06
sp|Q03135|CAV1_HUMAN,145363273.61521795,229913376.5632824,0.6349987661531323,2.2351741790771484e-08,5.645579413363808e-06
sp|Q8N335|GPD1L_HUMAN,228086955.58157215,64031037.9731585,-1.9634083544119962,2.2351741790771484e-08,5.645579413363808e-06
sp|Q9H4G4|GAPR1_HUMAN,18810029.130670946,66360580.791824654,1.657160008435611,2.2351741790771484e-08,5.645579413363808e-06
sp|P05452|TETN_HUMAN,151269873.2129575,382267855.58065224,1.2669552323143325,2.2351741790771484e-08,5.645579413363808e-06
sp|P52594|AGFG1_HUMAN,26608677.453361686,37895679.180335954,0.502291291544525,2.2351741790771484e-08,5.645579413363808e-06
sp|P05783|K1C18_HUMAN,1155311269.5738506,100320320.09539624,-3.5785474723788533,3.725290298461914e-08,7.449028392632803e-06
sp|P13611|CSPG2_HUMAN,54331584.98339188,158971738.98844427,1.3864274616205825,3.725290298461914e-08,7.449028392632803e-06
sp|Q86UX2|ITIH5_HUMAN,21511738.917607095,55321289.22647768,1.271160965289704,3.725290298461914e-08,7.449028392632803e-06
sp|Q13421|MSLN_HUMAN,21076694.934135728,2998484.8781265966,-2.8518371916396967,3.725290298461914e-08,7.449028392632803e-06
sp|O75339|CILP1_HUMAN,8330950.648197063,21798314.308685835,1.2944547097204144,3.725290298461914e-08,7.449028392632803e-06
sp|Q9NZR1|TMOD2_HUMAN,34749798.59385411,14854935.475493426,-1.2637786210939754,5.21540641784668e-08,8.07378561266007e-06
sp|Q6UVK1|CSPG4_HUMAN,45987757.08126188,91201391.30738834,0.9634380471053647,5.21540641784668e-08,8.07378561266007e-06
sp|P05023|AT1A1_HUMAN,71134191.38122253,31608011.752184313,-1.101887650838732,5.21540641784668e-08,8.07378561266007e-06
sp|O76076|CCN5_HUMAN,2368612.0194825195,6246244.834809467,1.2135153819586963,5.21540641784668e-08,8.07378561266007e-06
sp|Q9NZA1|CLIC5_HUMAN,75752251.00239785,34330611.968251176,-1.1426430982730822,5.21540641784668e-08,8.07378561266007e-06
sp|P19012|K1C15_HUMAN,433266992.32205504,52612469.7664602,-3.366190153204154,5.21540641784668e-08,8.07378561266007e-06
sp|Q8IWA5|CTL2_HUMAN,19021853.585338958,11357666.921614002,-0.7353520134595428,5.21540641784668e-08,8.07378561266007e-06
sp|Q9BVJ7|DUS23_HUMAN,8365463.602144747,3660379.290823274,-1.0891871453307427,7.450580596923828e-08,9.932037856843735e-06
sp|P01303|NPY_HUMAN,920336.24243649,79533.70773401056,-4.268815847944817,7.450580596923828e-08,9.932037856843735e-06
sp|P08727|K1C19_HUMAN,1203244116.156857,75104010.54640836,-4.17156130560905,7.450580596923828e-08,9.932037856843735e-06
sp|Q15063|POSTN_HUMAN,118163611.90238741,357756812.13463676,1.5382885704226814,7.450580596923828e-08,9.932037856843735e-06
sp|P05787|K2C8_HUMAN,6662121549.413851,520763821.7069494,-3.7561099323983997,7.450580596923828e-08,9.932037856843735e-06
sp|Q92823|NRCAM_HUMAN,7868912.730182193,43289543.439764135,2.0784851045099533,1.043081283569336e-07,1.1123882399664986e-05
sp|Q9BY76|ANGL4_HUMAN,1541163.184619498,2960248.866021984,0.901284492563307,1.043081283569336e-07,1.1123882399664986e-05
sp|Q8IVN8|SBSPO_HUMAN,1292070.7356860568,176482.4167662275,-2.6460327129745,1.043081283569336e-07,1.1123882399664986e-05
sp|Q04695|K1C17_HUMAN,337178599.8706086,61526199.65501777,-2.6205235142074073,1.043081283569336e-07,1.1123882399664986e-05
sp|Q9HCU0|CD248_HUMAN,70948685.76411353,286732957.8364404,1.7001655860474068,1.043081283569336e-07,1.1123882399664986e-05
sp|Q9UJ83|HACL1_HUMAN,5934331.122364371,16006139.419776754,1.3697850070842317,1.043081283569336e-07,1.1123882399664986e-05
sp|Q13219|PAPP1_HUMAN,13425531.284572857,6200620.527681765,-1.0527486562275,1.043081283569336e-07,1.1123882399664986e-05
sp|Q9NRN5|OLFL3_HUMAN,48374000.680766694,24335796.172720585,-0.9770138531174501,1.043081283569336e-07,1.1123882399664986e-05
sp|P13646|K1C13_HUMAN,319340630.58075655,46881451.44953369,-3.0030334598596857,1.043081283569336e-07,1.1123882399664986e-05
sp|P01033|TIMP1_HUMAN,238163174.90370446,111821917.93037751,-1.1318360387218107,1.4156103134155273e-07,1.3587027788162232e-05
sp|P15311|EZRI_HUMAN,1357181850.2615247,643683175.6120718,-1.0580067620603502,1.4156103134155273e-07,1.3587027788162232e-05
sp|Q5JPB2|ZN831_HUMAN,33781636.02001666,62885312.06624471,0.8927115354100962,1.4156103134155273e-07,1.3587027788162232e-05
sp|P14384|CBPM_HUMAN,20329491.653720103,53522609.24893061,1.4219237275452647,1.4156103134155273e-07,1.3587027788162232e-05
sp|Q5TZA2|CROCC_HUMAN,16528595.235219466,2173285.305898334,-3.1287220615348006,1.4156103134155273e-07,1.3587027788162232e-05
sp|Q14CN4|K2C72_HUMAN,109188756.37803209,20404122.077220116,-2.5183890155634634,1.862645149230957e-07,1.596220369849886e-05
sp|O94875|SRBS2_HUMAN,99658609.06237145,57967751.51809649,-0.7712713451874504,1.862645149230957e-07,1.596220369849886e-05
sp|P41159|LEP_HUMAN / sp|LEP_HUMAN|P41159,417932.2825258327,1259926.6367927946,1.4292962641865319,1.862645149230957e-07,1.596220369849886e-05
sp|P83916|CBX1_HUMAN,36646282.36388419,21799571.149206985,-0.7490479430220105,1.862645149230957e-07,1.596220369849886e-05
sp|Q13308|PTK7_HUMAN,18368264.307541706,5454897.761537091,-1.6518938932782894,1.862645149230957e-07,1.596220369849886e-05
sp|Q9C0B1|FTO_HUMAN,22557115.659295898,12942608.206800284,-0.8009287672032531,1.862645149230957e-07,1.596220369849886e-05
sp|O95297|MPZL1_HUMAN,772386.429882939,456855.35724889295,-0.853369734518564,2.4586915969848633e-07,2.0343553403328203e-05
sp|P55268|LAMB2_HUMAN,429571879.52392423,862643902.3883823,1.0284301804406248,2.4586915969848633e-07,2.0343553403328203e-05
sp|P23193|TCEA1_HUMAN,18057469.143095154,13348207.446708228,-0.4398487741619679,3.203749656677246e-07,2.4798055810313072e-05
sp|O95861|BPNT1_HUMAN,99692808.81951506,63308362.598084375,-0.6688754997403963,3.203749656677246e-07,2.4798055810313072e-05
sp|O60240|PLIN1_HUMAN,704080235.6490811,1256757176.2669985,0.8088648052228748,3.203749656677246e-07,2.4798055810313072e-05
sp|P09486|SPRC_HUMAN,90864620.09996119,216573978.4273732,1.2100744319147319,3.203749656677246e-07,2.4798055810313072e-05
sp|Q6UB28|MAP12_HUMAN,709841.8814036446,2413410.952261684,1.7612642346445682,4.0978193283081055e-07,2.9351395457538207e-05
sp|P16870|CBPE_HUMAN,1407815.6434339653,576360.7269308037,-1.3357115285739067,4.0978193283081055e-07,2.9351395457538207e-05
sp|O95848|NUD14_HUMAN,12302150.483910395,26111976.98905441,0.8968913007655288,4.0978193283081055e-07,2.9351395457538207e-05
sp|O00423|EMAL1_HUMAN,92388899.81602086,64761335.70213876,-0.5148201526951253,4.0978193283081055e-07,2.9351395457538207e-05
sp|O43175|SERA_HUMAN,111799224.4527438,53117967.69550316,-1.1763161393632,4.0978193283081055e-07,2.9351395457538207e-05
sp|P55011|S12A2_HUMAN,8771024.141329931,12603547.959623696,0.5256239174230428,5.21540641784668e-07,3.575533628463746e-05
sp|A2A2Z9|AN18B_HUMAN,3084362.9024640033,7960327.558612729,1.2581609062130679,5.21540641784668e-07,3.575533628463746e-05
sp|O60664|PLIN3_HUMAN,69650720.07513608,139007174.84607133,0.865829394428879,5.21540641784668e-07,3.575533628463746e-05
sp|Q969G5|CAVN3_HUMAN,459990452.7449889,689725141.416279,0.5761133188966713,6.556510925292969e-07,3.982872902592526e-05
sp|Q9H6N6|MYH16_HUMAN,9891802.5268148,5361219.356689722,-1.0091646345007932,6.556510925292969e-07,3.982872902592526e-05
sp|P00352|AL1A1_HUMAN,6718894506.251657,3946298198.555669,-0.8751378080597823,6.556510925292969e-07,3.982872902592526e-05
sp|Q07666|KHDR1_HUMAN,31356775.950239796,20215788.62209787,-0.6335966627796638,6.556510925292969e-07,3.982872902592526e-05
sp|Q6UWP8|SBSN_HUMAN,144601.95348551223,742178.7427868476,1.8632909964099749,6.556510925292969e-07,3.982872902592526e-05
sp|Q9Y5K6|CD2AP_HUMAN,71970740.28127618,91867262.58073051,0.33977051751119663,6.556510925292969e-07,3.982872902592526e-05
sp|Q9NXD2|MTMRA_HUMAN,6826030.640736063,2442952.5152834295,-2.381243000475782,6.556510925292969e-07,3.982872902592526e-05
sp|P20648|ATP4A_HUMAN,7709470.987778835,2975826.919878543,-1.4402085005611995,6.556510925292969e-07,3.982872902592526e-05
sp|Q16647|PTGIS_HUMAN,22705391.056757998,7384595.8037180705,-1.5028169368379112,6.556510925292969e-07,3.982872902592526e-05
sp|Q9HBR0|S38AA_HUMAN,864179.03842963,3511783.6255664276,1.7922309571875001,8.195638656616211e-07,4.796447550378195e-05
sp|P62861|RS30_HUMAN,3133531.793550109,1138368.4826938976,-1.6275118071937607,8.195638656616211e-07,4.796447550378195e-05
sp|Q99685|MGLL_HUMAN,64489077.440099195,179512445.06675032,1.4482652485531862,8.195638656616211e-07,4.796447550378195e-05
sp|P22413|ENPP1_HUMAN,4150080.6628144966,9492385.214272575,1.2474031008351247,1.0207295417785645e-06,5.2111500755269474e-05
sp|P08729|K2C7_HUMAN,4779321956.824168,1013930885.2875748,-1.8745111984977323,1.0207295417785645e-06,5.2111500755269474e-05
sp|Q8NFW8|NEUA_HUMAN,11910998.807401845,5104158.001770868,-1.2268302246751426,1.0207295417785645e-06,5.2111500755269474e-05
sp|P39656|OST48_HUMAN,71668760.19462815,35628438.0470664,-1.0918497830447638,1.0207295417785645e-06,5.2111500755269474e-05
sp|Q8TD08|MK15_HUMAN,17216772.37216336,8990241.71719008,-1.1282171859433356,1.0207295417785645e-06,5.2111500755269474e-05
sp|O75643|U520_HUMAN,10205118.698625578,6175746.083181739,-0.6861610761594894,1.0207295417785645e-06,5.2111500755269474e-05
sp|Q9H2U1|DHX36_HUMAN,22778089.52653676,12184194.816939684,-1.0300989293324354,1.0207295417785645e-06,5.2111500755269474e-05
sp|P55899|FCGRN_HUMAN,19175311.331565417,12831335.07920466,-0.656441355483782,1.0207295417785645e-06,5.2111500755269474e-05
sp|O96019|ACL6A_HUMAN,25224637.070393626,15609116.258826435,-0.711775646634379,1.0207295417785645e-06,5.2111500755269474e-05
sp|P98194|AT2C1_HUMAN,1335493.4513751643,399244.4118847596,-1.9303613779083644,1.0207295417785645e-06,5.2111500755269474e-05
sp|Q9Y3Y2|CHTOP_HUMAN,7737539.616505285,4500371.823667313,-0.820660246424864,1.0207295417785645e-06,5.2111500755269474e-05
sp|Q9H330|TM245_HUMAN,3126883.819906234,1531887.783385051,-1.3194416952471528,1.0207295417785645e-06,5.2111500755269474e-05
sp|P51531|SMCA2_HUMAN,5273160.103231476,2037551.9342146704,-1.4651569620709144,1.259148120880127e-06,5.982823596142306e-05
sp|Q8IYS5|OSCAR_HUMAN,213851.41323003167,548713.324861646,1.0843873754597786,1.259148120880127e-06,5.982823596142306e-05
sp|Q9UKX2|MYH2_HUMAN / sp|P12882|MYH1_HUMAN,52056998.86940112,11947929.46350114,-2.359390605646728,1.259148120880127e-06,5.982823596142306e-05
sp|P21980|TGM2_HUMAN,67516805.39015712,28044110.434473928,-1.3116773050203858,1.259148120880127e-06,5.982823596142306e-05
sp|P78559|MAP1A_HUMAN,17412740.536355443,31812059.93156994,0.7920403858027143,1.259148120880127e-06,5.982823596142306e-05
sp|Q5M775|CYTSB_HUMAN,4387299.000701751,6880416.138079585,0.6354004191252498,1.259148120880127e-06,5.982823596142306e-05
sp|P00167|CYB5_HUMAN / sp|CYB5_HUMAN|P00167,14777352.208589796,30862031.351203687,1.1486198743691143,1.259148120880127e-06,5.982823596142306e-05
sp|Q9Y6R7|FCGBP_HUMAN,10187318.868536668,16371168.424319431,0.6726876691345858,1.5422701835632324e-06,7.048909153257097e-05
sp|Q07820|MCL1_HUMAN,14386406.789867515,9074112.674748978,-0.6954734003344506,1.5422701835632324e-06,7.048909153257097e-05
sp|P27487|DPP4_HUMAN,97736417.37471284,41843263.05544268,-1.301221712693115,1.5422701835632324e-06,7.048909153257097e-05
sp|Q96CG8|CTHR1_HUMAN,20920679.49883608,46605393.48613632,1.0232776386248856,1.5422701835632324e-06,7.048909153257097e-05
sp|P12111|CO6A3_HUMAN,476348619.02104324,1129226069.350554,1.1709064606522896,1.8849968910217285e-06,7.86617398262024e-05
sp|Q9BQI9|NRIP2_HUMAN,23533582.455449216,12448043.192357857,-0.9080177831546895,1.8849968910217285e-06,7.86617398262024e-05
sp|P00387|NB5R3_HUMAN,69083839.90283443,115396975.0851949,0.6981424941854966,1.8849968910217285e-06,7.86617398262024e-05
sp|O94911|ABCA8_HUMAN,15945631.977551514,10314925.497618211,-0.6647968251551177,1.8849968910217285e-06,7.86617398262024e-05
sp|Q8N5R6|CCD33_HUMAN,13097034.595499,18648397.294537965,0.4893481514698711,1.8849968910217285e-06,7.86617398262024e-05
sp|Q9BX68|HINT2_HUMAN,86842556.50676648,140152744.62526008,0.6261494768332823,1.8849968910217285e-06,7.86617398262024e-05
sp|Q96F85|CNRP1_HUMAN,77600660.94306628,38291129.040486224,-1.0585201351763645,1.8849968910217285e-06,7.86617398262024e-05
sp|P54289|CA2D1_HUMAN,46899332.073750615,72366095.37149319,0.6044655327906282,1.8849968910217285e-06,7.86617398262024e-05
sp|O75891|AL1L1_HUMAN,1020420938.4905975,449124661.7816965,-1.3349384668620077,1.8849968910217285e-06,7.86617398262024e-05
sp|O14745|NHRF1_HUMAN,157318549.3698366,68938694.0151251,-1.1764637986751354,1.8849968910217285e-06,7.86617398262024e-05
sp|P43121|MUC18_HUMAN,364621746.6295522,729481222.1671871,1.0033119992224253,2.2873282432556152e-06,8.711816063002935e-05
sp|Q08211|DHX9_HUMAN,173055519.55385432,92221271.90164675,-0.9239711625300068,2.2873282432556152e-06,8.711816063002935e-05
sp|Q6UWP2|DHR11_HUMAN,33539039.68040257,65788906.774462335,0.8278335433911428,2.2873282432556152e-06,8.711816063002935e-05
sp|Q14315|FLNC_HUMAN,701694342.8473644,345345659.078854,-0.9826772139837069,2.2873282432556152e-06,8.711816063002935e-05
sp|P08237|PFKAM_HUMAN,184200369.63059926,104921767.49413875,-0.8928371143109964,2.2873282432556152e-06,8.711816063002935e-05
sp|Q06828|FMOD_HUMAN,25965557.94675151,44638301.040936016,0.744512616760021,2.2873282432556152e-06,8.711816063002935e-05
sp|Q9Y2S2|CRYL1_HUMAN,51390144.526458696,33895221.75862818,-0.6328526725591324,2.2873282432556152e-06,8.711816063002935e-05
sp|P08294|SODE_HUMAN,158849022.65143114,263558758.94852495,0.7119605102216644,2.2873282432556152e-06,8.711816063002935e-05
sp|P18031|PTN1_HUMAN,15398050.60307282,4965263.866608052,-1.8689160021807647,2.2873282432556152e-06,8.711816063002935e-05
sp|Q52LC2|VAS1L_HUMAN,1633388.4775785306,789075.8749113986,-1.0439076491550996,2.2873282432556152e-06,8.711816063002935e-05
sp|Q96IJ6|GMPPA_HUMAN,35074673.817240015,24860674.600487087,-0.5039813668049326,2.2873282432556152e-06,8.711816063002935e-05
sp|Q8IUX7|AEBP1_HUMAN,30943803.150705706,16605632.801613307,-0.8012673993499178,2.7641654014587402e-06,9.612485334493111e-05
sp|O43491|E41L2_HUMAN,353097992.06840056,249172435.59104255,-0.5032887766797248,2.7641654014587402e-06,9.612485334493111e-05
sp|Q7Z4H3|HDDC2_HUMAN,11088332.335952207,7381270.153519876,-0.6089919501439177,2.7641654014587402e-06,9.612485334493111e-05
sp|P08138|TNR16_HUMAN,962932.6242584677,333285.0346218712,-1.8060332416759572,2.7641654014587402e-06,9.612485334493111e-05
sp|P30039|PBLD_HUMAN,21499835.468525164,33480202.166329626,0.6202958461567604,2.7641654014587402e-06,9.612485334493111e-05
sp|P46952|3HAO_HUMAN,40626468.335377395,25539597.230312962,-0.7267477315463317,2.7641654014587402e-06,9.612485334493111e-05
sp|Q53GG5|PDLI3_HUMAN,32068504.667337228,13329821.126161294,-1.413260884656307,2.7641654014587402e-06,9.612485334493111e-05
sp|P07101|TY3H_HUMAN,2591428.3994840225,992847.0912890963,-1.2667192761862753,2.7641654014587402e-06,9.612485334493111e-05
sp|Q9UEY8|ADDG_HUMAN,112171421.58981694,61096219.05769636,-0.9098126060373641,2.7641654014587402e-06,9.612485334493111e-05
sp|P62277|RS13_HUMAN,128398196.65240647,35454281.53385168,-2.3227300339190395,2.7641654014587402e-06,9.612485334493111e-05
sp|P53384|NUBP1_HUMAN,5565447.530525423,3860710.8516010162,-0.561052829210257,2.7641654014587402e-06,9.612485334493111e-05
sp|P28827|PTPRM_HUMAN,22082014.830571137,34796709.79103356,0.5932542735705502,2.7641654014587402e-06,9.612485334493111e-05
sp|P61019|RAB2A_HUMAN,103297564.9038415,153805126.28116217,0.5443484664225785,3.330409526824951e-06,0.00011099052305022875
sp|Q15124|PGM5_HUMAN,307646253.0448677,153226689.83374724,-1.0325108997530106,3.330409526824951e-06,0.00011099052305022875
sp|P17302|CXA1_HUMAN,232032.3254474132,66589.83558135647,-3.923165840183729,3.330409526824951e-06,0.00011099052305022875
sp|P51151|RAB9A_HUMAN,12517631.152407924,20591190.315690737,0.6494619093348967,3.330409526824951e-06,0.00011099052305022875
sp|Q14116|IL18_HUMAN,109225573.04730189,50278914.87456493,-1.1873212196880567,3.330409526824951e-06,0.00011099052305022875
sp|Q9UI17|M2GD_HUMAN,19271970.344886202,42129970.55793562,1.0326712714487285,3.330409526824951e-06,0.00011099052305022875
sp|P10643|CO7_HUMAN,266180383.12572598,139595834.5524293,-1.1915513133610756,3.993511199951172e-06,0.00012206917355774314
sp|Q13547|HDAC1_HUMAN,10415350.085711256,5947345.640029313,-0.8350025138470288,3.993511199951172e-06,0.00012206917355774314
sp|Q02790|FKBP4_HUMAN,73440325.11745694,49616194.79568882,-0.6114334349382251,3.993511199951172e-06,0.00012206917355774314
sp|Q03252|LMNB2_HUMAN,276532935.5125726,165421001.86155084,-0.734905880125875,3.993511199951172e-06,0.00012206917355774314
sp|Q9NXG2|THUM1_HUMAN,5374942.649697055,2499019.658406178,-1.234614120461382,3.993511199951172e-06,0.00012206917355774314
sp|Q5MNZ9|WIPI1_HUMAN,1370487.1621452689,2479003.170376503,0.9758495825543749,3.993511199951172e-06,0.00012206917355774314
sp|P07942|LAMB1_HUMAN,577976280.1897949,307053033.1282204,-1.0090920575389073,3.993511199951172e-06,0.00012206917355774314
sp|P04040|CATA_HUMAN / sp|CATA_HUMAN|P04040,5801423000.8618555,9666183463.467901,0.6955544601695743,3.993511199951172e-06,0.00012206917355774314
sp|Q99523|SORT_HUMAN,8465805.29842889,12376362.49564139,0.6356404865898354,3.993511199951172e-06,0.00012206917355774314
sp|Q9H6B4|CLMP_HUMAN,2129495.8285632986,5791087.618228405,1.3024274566684824,3.993511199951172e-06,0.00012206917355774314
sp|Q9P2B2|FPRP_HUMAN,20586467.417703878,9205954.574395146,-1.1169453011077928,3.993511199951172e-06,0.00012206917355774314
sp|Q9H5N1|RABE2_HUMAN,69354776.38275623,91457285.09895515,0.4118546601701997,3.993511199951172e-06,0.00012206917355774314
sp|Q71UM5|RS27L_HUMAN / sp|P42677|RS27_HUMAN,24396451.508520924,9895018.757404387,-1.3072521233570857,3.993511199951172e-06,0.00012206917355774314
sp|P00488|F13A_HUMAN,505034700.2132228,239162374.8598852,-1.0089061695938357,4.76837158203125e-06,0.00013540482379981045
sp|P16050|LOX15_HUMAN,39981859.46303026,23414699.416302886,-0.821070760481079,4.76837158203125e-06,0.00013540482379981045
sp|P39059|COFA1_HUMAN,62687085.7780335,128583530.95873666,1.018343335974425,4.76837158203125e-06,0.00013540482379981045
sp|P98160|PGBM_HUMAN,382082870.8435851,581180778.2570177,0.5652844808621212,4.76837158203125e-06,0.00013540482379981045
sp|Q7Z3D6|GLUCM_HUMAN,59206815.63709736,35035297.92407309,-0.7273359093279212,4.76837158203125e-06,0.00013540482379981045
sp|P30041|PRDX6_HUMAN,2393806159.357613,1195797522.5653405,-0.9639013261744322,4.76837158203125e-06,0.00013540482379981045
sp|O43556|SGCE_HUMAN,4485348.394714787,8369776.406950863,0.8470501395737535,4.76837158203125e-06,0.00013540482379981045
sp|P43490|NAMPT_HUMAN,44357784.7744537,82850333.7738705,0.8535132801620646,4.76837158203125e-06,0.00013540482379981045
sp|Q96S97|MYADM_HUMAN,22303736.706810556,15894792.412854303,-0.5405072947789327,4.76837158203125e-06,0.00013540482379981045
sp|O15254|ACOX3_HUMAN,19319955.47137717,29715066.87134817,0.5809654224207105,4.76837158203125e-06,0.00013540482379981045
sp|Q04726|TLE3_HUMAN,7777080.813730791,5506090.514497021,-0.5285969603413678,4.76837158203125e-06,0.00013540482379981045
sp|Q9UI09|NDUAC_HUMAN,7099465.140855419,3913389.7237423556,-1.0061121337887573,4.76837158203125e-06,0.00013540482379981045
sp|P62280|RS11_HUMAN,116875614.85927513,34771356.555415496,-1.9902716715467066,5.677342414855957e-06,0.0001530649789263693
sp|O60279|SUSD5_HUMAN,8162443.56590372,2910955.97331409,-1.4071536457744676,5.677342414855957e-06,0.0001530649789263693
sp|O95613|PCNT_HUMAN,7010758.503846446,1943439.8337733725,-2.156492268757975,5.677342414855957e-06,0.0001530649789263693
sp|Q13451|FKBP5_HUMAN,692145.1876997089,1391619.621935056,0.810773736509125,5.677342414855957e-06,0.0001530649789263693
sp|Q13231|CHIT1_HUMAN,5109557.889119893,21427175.570687063,1.4681586115560712,5.677342414855957e-06,0.0001530649789263693
sp|P55263|ADK_HUMAN,132482010.31909855,232820415.6148923,0.7052801090490789,5.677342414855957e-06,0.0001530649789263693
sp|P14174|MIF_HUMAN,836466292.6874865,570474229.2518642,-0.619469425452257,5.677342414855957e-06,0.0001530649789263693
sp|A6NDG6|PGP_HUMAN,62782594.92310683,90765482.49757822,0.5225669732274182,5.677342414855957e-06,0.0001530649789263693
sp|Q96S19|MTL26_HUMAN,19786500.310515676,11451999.106891321,-0.874341004430075,5.677342414855957e-06,0.0001530649789263693
sp|P61247|RS3A_HUMAN,249937045.53222844,100429730.13786085,-1.4623286294017146,6.735324859619141e-06,0.00017471796757466084
sp|Q00839|HNRPU_HUMAN,175682082.93024033,85530284.17541529,-0.9974572092156785,6.735324859619141e-06,0.00017471796757466084
sp|Q8WXE0|CSKI2_HUMAN,1750615.6802747708,3812559.2478612023,0.923001803226682,6.735324859619141e-06,0.00017471796757466084
sp|Q9NXC2|GFOD1_HUMAN / sp|Q3B7J2|GFOD2_HUMAN,755298.1914248224,458824.2732014577,-0.8130988833634074,6.735324859619141e-06,0.00017471796757466084
sp|Q14031|CO4A6_HUMAN,198609.40272865092,1096073.393985017,3.8001860625984603,6.735324859619141e-06,0.00017471796757466084
sp|O43493|TGON2_HUMAN,11717444.974293064,20560343.464979876,0.7439702699132036,6.735324859619141e-06,0.00017471796757466084
sp|P62263|RS14_HUMAN,74864578.67982899,29740806.239718493,-1.4043878817890707,6.735324859619141e-06,0.00017471796757466084
sp|Q96A49|SYAP1_HUMAN,1575648.6015483832,2914909.839943386,0.7374817559975708,7.964670658111572e-06,0.00019501252289937467
sp|P31949|S10AB_HUMAN,191315925.43980595,303155424.3611774,0.6414176789812497,7.964670658111572e-06,0.00019501252289937467
sp|Q2KHR3|QSER1_HUMAN,6440627.164700826,13321142.684781777,0.9149428139338464,7.964670658111572e-06,0.00019501252289937467
sp|O15400|STX7_HUMAN,99469516.79143964,130914756.31129906,0.39395193949112134,7.964670658111572e-06,0.00019501252289937467
sp|Q8WWY3|PRP31_HUMAN,3055935.776128371,1428242.75054738,-1.0866240137498036,7.964670658111572e-06,0.00019501252289937467
sp|P17661|DESM_HUMAN,5869035292.396631,2254352230.8501163,-1.1040867615002818,7.964670658111572e-06,0.00019501252289937467
sp|P98179|RBM3_HUMAN,48088874.034581736,123191338.96898627,1.318551015858014,7.964670658111572e-06,0.00019501252289937467
sp|Q9NPY3|C1QR1_HUMAN,28159207.612640917,38796654.558246955,0.4517433812085712,7.964670658111572e-06,0.00019501252289937467
sp|O76070|SYUG_HUMAN,405510679.2232728,1088118375.816421,1.3860234642467937,7.964670658111572e-06,0.00019501252289937467
sp|Q07065|CKAP4_HUMAN,31883431.696344208,18392188.47959027,-0.7822971315785822,7.964670658111572e-06,0.00019501252289937467
sp|Q92522|H1X_HUMAN,38594310.73929743,17988805.368461616,-1.0850153643504854,7.964670658111572e-06,0.00019501252289937467
sp|Q08174|PCDH1_HUMAN,17352706.291909315,24625287.876708012,0.5331165797937356,9.395182132720947e-06,0.0002178139084779122
sp|O00764|PDXK_HUMAN,421239114.7348216,789181870.6782887,0.7001434396292957,9.395182132720947e-06,0.0002178139084779122
sp|Q99759|M3K3_HUMAN,13617587.441841274,7217343.504022569,-1.059594855224018,9.395182132720947e-06,0.0002178139084779122
sp|Q13822|ENPP2_HUMAN,6756839.551028101,11379041.936816955,0.7018799389586713,9.395182132720947e-06,0.0002178139084779122
sp|P49407|ARRB1_HUMAN,46829685.368850134,29442327.343509037,-0.6626293312306925,9.395182132720947e-06,0.0002178139084779122
sp|P49189|AL9A1_HUMAN,1598856625.4020195,2848845780.3980327,0.6610561467276748,9.395182132720947e-06,0.0002178139084779122
sp|P54802|ANAG_HUMAN,16670556.089594338,30262895.520269204,0.7576822256039145,9.395182132720947e-06,0.0002178139084779122
sp|Q92841|DDX17_HUMAN,221057272.69263175,116912764.2740028,-0.8355455108132318,9.395182132720947e-06,0.0002178139084779122
sp|P12955|PEPD_HUMAN,90995947.32061742,150590648.30721045,0.5955289752065963,9.395182132720947e-06,0.0002178139084779122
sp|Q5JS37|NHLC3_HUMAN,11375724.893873164,21226896.929821547,0.8287927555756325,9.395182132720947e-06,0.0002178139084779122
sp|A4D0S4|LAMB4_HUMAN,16622474.81483379,32742970.667544182,0.9948225159104748,9.395182132720947e-06,0.0002178139084779122
sp|Q00577|PURA_HUMAN,55771756.33359029,36142118.19488316,-0.6513839816825071,1.1049211025238037e-05,0.0002335910295599883
sp|Q3KQU3|MA7D1_HUMAN,27262046.704783265,37694858.58554551,0.49326961953749965,1.1049211025238037e-05,0.0002335910295599883
sp|Q8N684|CPSF7_HUMAN,4658995.125522575,3103453.183975856,-0.6070535255281214,1.1049211025238037e-05,0.0002335910295599883
sp|P36969|GPX4_HUMAN,63341457.9873742,109361669.50135347,0.7879005539585325,1.1049211025238037e-05,0.0002335910295599883
sp|P07203|GPX1_HUMAN,608015667.6702901,1074166286.3332126,0.812755169607125,1.1049211025238037e-05,0.0002335910295599883
sp|P62987|RL40_HUMAN,568843553.7699684,771417544.9199016,0.4012234333608039,1.1049211025238037e-05,0.0002335910295599883
sp|Q9H0W5|CCDC8_HUMAN,158856.01973226675,42289.67971278874,-3.705506350927057,1.1049211025238037e-05,0.0002335910295599883
sp|P0DMV8|HS71A_HUMAN / sp|P0DMV9|HS71B_HUMAN,3863806486.384536,2501981506.5024543,-0.5854261158552178,1.1049211025238037e-05,0.0002335910295599883
sp|Q6GTX8|LAIR1_HUMAN,5048389.888714908,8831309.968973357,0.7650970906617675,1.1049211025238037e-05,0.0002335910295599883
sp|P43351|RAD52_HUMAN,5388057.169426933,14038617.315652667,1.3471960073812788,1.1049211025238037e-05,0.0002335910295599883
sp|P02461|CO3A1_HUMAN,52100575.015789546,170780349.2306323,1.5391236227533924,1.1049211025238037e-05,0.0002335910295599883
sp|P61978|HNRPK_HUMAN,294391966.34781873,184595917.0109182,-0.6833417564579998,1.1049211025238037e-05,0.0002335910295599883
sp|Q13561|DCTN2_HUMAN,167442601.71224013,225496723.13514215,0.4299141909161535,1.1049211025238037e-05,0.0002335910295599883
sp|Q13554|KCC2B_HUMAN,26669597.242301255,15466664.489373872,-0.7935801027813215,1.1049211025238037e-05,0.0002335910295599883
sp|Q15067|ACOX1_HUMAN,52116634.56828884,104176457.18313268,1.1333600106203938,1.1049211025238037e-05,0.0002335910295599883
sp|Q96J01|THOC3_HUMAN,577015.8521937982,274588.41877121956,-2.2830133425185255,1.1049211025238037e-05,0.0002335910295599883
sp|P56181|NDUV3_HUMAN,2197781.392105322,3480305.5425412995,0.8039390921613714,1.1049211025238037e-05,0.0002335910295599883
sp|P12532|KCRU_HUMAN,66173219.66519315,15998412.368888717,-1.6383026869491393,1.1049211025238037e-05,0.0002335910295599883
sp|P02452|CO1A1_HUMAN,114573593.92445627,689234044.1231983,1.998013439571065,1.1049211025238037e-05,0.0002335910295599883
sp|P33151|CADH5_HUMAN,17117081.65266518,28885405.533330876,0.7824470438514671,1.1049211025238037e-05,0.0002335910295599883
sp|O75347|TBCA_HUMAN,210034588.7203042,283749404.0562384,0.47896037328712854,1.2949109077453613e-05,0.000261104094381092
sp|Q9Y2T7|YBOX2_HUMAN,25217886.246218283,40459035.828231715,0.5989400906298431,1.2949109077453613e-05,0.000261104094381092
sp|P34931|HS71L_HUMAN,2619314603.8701797,1778324829.5612004,-0.5287973053958605,1.2949109077453613e-05,0.000261104094381092
sp|Q6UXG3|CLM9_HUMAN,3299400.0776623073,8425115.487528836,1.4681447596223252,1.2949109077453613e-05,0.000261104094381092
sp|Q96AP7|ESAM_HUMAN,12979489.045365544,20071041.20600017,0.6269195389247572,1.2949109077453613e-05,0.000261104094381092
sp|Q12906|ILF3_HUMAN,86016470.1355568,52230694.1546089,-0.6786663541417142,1.2949109077453613e-05,0.000261104094381092
sp|Q8WUD1|RAB2B_HUMAN,84008896.76622534,118822914.67916083,0.48583522658269984,1.2949109077453613e-05,0.000261104094381092
sp|O00233|PSMD9_HUMAN,96216239.40150848,145968356.7941943,0.6200746461875679,1.2949109077453613e-05,0.000261104094381092
sp|P62081|RS7_HUMAN,90966717.05442913,37401314.00582252,-1.3895979360621216,1.2949109077453613e-05,0.000261104094381092
sp|Q8TD47|RS4Y2_HUMAN,82711475.1547281,29616621.286117222,-1.7651239603150715,1.2949109077453613e-05,0.000261104094381092
sp|P20700|LMNB1_HUMAN,229438402.04900804,139565058.05816194,-0.728261179698707,1.2949109077453613e-05,0.000261104094381092
sp|Q9BPW8|NIPS1_HUMAN,44474407.19193308,25592090.32047754,-0.7626311636889501,1.5139579772949219e-05,0.0002783710472428479
sp|P62854|RS26_HUMAN,80972480.24360542,27796099.400109142,-1.6433899413100357,1.5139579772949219e-05,0.0002783710472428479
sp|Q07507|DERM_HUMAN,43985406.63271948,126572312.78711866,1.5863107556913139,1.5139579772949219e-05,0.0002783710472428479
sp|Q96Q06|PLIN4_HUMAN,1620530855.142035,2971011457.377887,0.9187423001579391,1.5139579772949219e-05,0.0002783710472428479
sp|Q52LJ0|FA98B_HUMAN,9418841.152165847,4714256.287832874,-1.037123194746607,1.5139579772949219e-05,0.0002783710472428479
sp|O43143|DHX15_HUMAN,61106128.297514684,40697749.360362954,-0.5692303638251964,1.5139579772949219e-05,0.0002783710472428479
sp|Q12905|ILF2_HUMAN,45291921.759490386,26042768.09753582,-0.779008275427607,1.5139579772949219e-05,0.0002783710472428479
sp|P13716|HEM2_HUMAN,1008051261.3132817,1603086391.7977707,0.739849923514357,1.5139579772949219e-05,0.0002783710472428479
sp|P15104|GLNA_HUMAN,97020150.88051416,185429430.47332114,0.7330279608041824,1.5139579772949219e-05,0.0002783710472428479
sp|Q9BRF8|CPPED_HUMAN,59292948.799085476,102206438.22212408,0.7636350310654356,1.5139579772949219e-05,0.0002783710472428479
sp|Q9NRA2|S17A5_HUMAN,447183.7778147667,1399494.730327918,1.026905210039086,1.5139579772949219e-05,0.0002783710472428479
sp|Q1KMD3|HNRL2_HUMAN,85946495.25782774,50744946.41408899,-0.759959584189007,1.5139579772949219e-05,0.0002783710472428479
sp|O00468|AGRIN_HUMAN,8046596.311003883,3627608.383628561,-1.0593240701837363,1.5139579772949219e-05,0.0002783710472428479
sp|P37108|SRP14_HUMAN,6555433.792351319,3132443.9926016335,-1.0767189090228466,1.5139579772949219e-05,0.0002783710472428479
sp|O15231|ZN185_HUMAN,54740063.03672296,35248503.64913083,-0.6612868007767608,1.5139579772949219e-05,0.0002783710472428479
sp|Q92747|ARC1A_HUMAN,72463347.17574088,54870466.754523106,-0.4226517237449429,1.5139579772949219e-05,0.0002783710472428479
sp|Q9BXF6|RFIP5_HUMAN,12549775.26493088,9633642.370326707,-0.39868408874246103,1.5139579772949219e-05,0.0002783710472428479
sp|P17858|PFKAL_HUMAN,265417858.73593858,165414196.01699463,-0.820050386385193,1.5139579772949219e-05,0.0002783710472428479
sp|Q13332|PTPRS_HUMAN,37054469.20851342,29190262.385777082,-0.3418534676470926,1.5139579772949219e-05,0.0002783710472428479
sp|Q2MKA7|RSPO1_HUMAN,1050522.1660945707,9719690.57881984,2.2059895962108,1.5139579772949219e-05,0.0002783710472428479
sp|P51610|HCFC1_HUMAN,28485409.09992715,24293973.084595274,-0.2350946018641249,1.5139579772949219e-05,0.0002783710472428479
sp|P27361|MK03_HUMAN,170920204.64190894,98636973.01206864,-0.8767549617511612,1.5139579772949219e-05,0.0002783710472428479
sp|Q5SSJ5|HP1B3_HUMAN,21729479.14745041,12200071.105226422,-0.8429991314481285,1.5139579772949219e-05,0.0002783710472428479
sp|Q9BVC6|TM109_HUMAN,22558808.050104745,12166039.301295476,-1.0925056349133322,1.765042543411255e-05,0.00030469205632484216
sp|Q4KMQ2|ANO6_HUMAN,14947880.5542064,10662247.317690061,-0.49088379413787486,1.765042543411255e-05,0.00030469205632484216
sp|Q9BWJ5|SF3B5_HUMAN,4386303.700949344,2657683.1714179316,-0.8127846033547109,1.765042543411255e-05,0.00030469205632484216
sp|O43390|HNRPR_HUMAN,278551441.70605224,145455339.1231287,-0.9594117466124141,1.765042543411255e-05,0.00030469205632484216
sp|P52272|HNRPM_HUMAN,143372296.83826593,79152597.89089915,-0.9273143862959035,1.765042543411255e-05,0.00030469205632484216
sp|P06396|GELS_HUMAN / sp|GELS_HUMAN|P06396,1475461275.2656233,2099969579.9961026,0.496398097667529,1.765042543411255e-05,0.00030469205632484216
sp|Q16610|ECM1_HUMAN,60210476.11074612,146278424.53042275,1.3827160982684858,1.765042543411255e-05,0.00030469205632484216
sp|Q15942|ZYX_HUMAN,337945494.5647871,531459947.1271861,0.6237742147485574,1.765042543411255e-05,0.00030469205632484216
sp|Q6QNY1|BL1S2_HUMAN,8968256.380752383,12684968.782601366,0.4530597997377748,1.765042543411255e-05,0.00030469205632484216
sp|P15586|GNS_HUMAN,122194847.12880671,227277073.82883486,0.7999238435090389,1.765042543411255e-05,0.00030469205632484216
sp|Q96NY7|CLIC6_HUMAN,33879556.81146793,62069003.69740965,0.8243572569585894,1.765042543411255e-05,0.00030469205632484216
sp|Q13510|ASAH1_HUMAN,138646685.10315135,283021611.4291007,1.0055984031758893,1.765042543411255e-05,0.00030469205632484216
sp|Q16143|SYUB_HUMAN,63948077.38252963,131058729.08612457,1.0798274020604925,1.765042543411255e-05,0.00030469205632484216
sp|P15880|RS2_HUMAN,129716799.07427539,46260199.94347655,-1.7663462239854397,1.765042543411255e-05,0.00030469205632484216
sp|P55769|NH2L1_HUMAN,12315695.038646525,6197169.042897852,-0.9202555717225573,1.765042543411255e-05,0.00030469205632484216
sp|Q8WUF8|F172A_HUMAN,3613324.441424113,2377927.257765029,-0.6119915701037967,1.765042543411255e-05,0.00030469205632484216
sp|Q6UWY5|OLFL1_HUMAN,11942294.505154934,5661688.447984199,-0.9403903651012427,1.765042543411255e-05,0.00030469205632484216
sp|P31947|1433S_HUMAN,1022292382.2601149,1374745013.1100736,0.38180478440051424,2.0518898963928223e-05,0.0003360757547027015
sp|Q14194|DPYL1_HUMAN,374386765.3965379,262252529.7444642,-0.5785172822108462,2.0518898963928223e-05,0.0003360757547027015
sp|P09455|RET1_HUMAN,12660899.473260598,6505678.982738855,-0.902496644596961,2.0518898963928223e-05,0.0003360757547027015
sp|P11216|PYGB_HUMAN,949311429.5150689,1596486292.270141,0.6832157429458432,2.0518898963928223e-05,0.0003360757547027015
sp|P10809|CH60_HUMAN,699158654.67723,504944295.0856229,-0.4756496685862004,2.0518898963928223e-05,0.0003360757547027015
sp|Q9Y2D5|AKAP2_HUMAN,156388124.28118044,283958237.48106277,0.873250001009793,2.0518898963928223e-05,0.0003360757547027015
sp|P03950|ANGI_HUMAN,31307956.821197424,19828892.942662805,-0.7925840913163466,2.0518898963928223e-05,0.0003360757547027015
sp|Q9HB19|PKHA2_HUMAN,233891.06528662052,563045.5838003368,1.1383316269425714,2.0518898963928223e-05,0.0003360757547027015
sp|Q6UY14|ATL4_HUMAN,6245904.540428599,10611868.770116722,0.7071071142103323,2.0518898963928223e-05,0.0003360757547027015
sp|Q86XE5|HOGA1_HUMAN,2737628.651985486,4844418.224473401,0.7870607495782744,2.0518898963928223e-05,0.0003360757547027015
sp|P62241|RS8_HUMAN,156856960.57904586,55977797.58560199,-1.696389603125882,2.0518898963928223e-05,0.0003360757547027015
sp|Q8N1G4|LRC47_HUMAN,46780109.451195695,28535193.328097623,-0.7385660271029534,2.0518898963928223e-05,0.0003360757547027015
sp|Q9Y2T3|GUAD_HUMAN,3445906.7171948636,8778762.42752848,1.1147197974908143,2.0518898963928223e-05,0.0003360757547027015
sp|Q6UXB8|PI16_HUMAN,16774397.837043827,38903894.66507151,1.0483947838765,2.0518898963928223e-05,0.0003360757547027015
sp|P43251|BTD_HUMAN,46752702.347553134,61344741.230973974,0.44724459856578924,2.0518898963928223e-05,0.0003360757547027015
sp|Q9HCN4|GPN1_HUMAN,730650.4163816002,1431059.4380235027,0.7988276369011892,2.380460500717163e-05,0.0003649785924262513
sp|Q9BV79|MECR_HUMAN,6546946.955128926,8630698.537161646,0.41136572029160334,2.380460500717163e-05,0.0003649785924262513
sp|Q9NRV9|HEBP1_HUMAN,93235473.06999996,145163906.97104305,0.6773370976234391,2.380460500717163e-05,0.0003649785924262513
sp|P12109|CO6A1_HUMAN,96461878.0187327,178036343.4447733,0.7790829037032639,2.380460500717163e-05,0.0003649785924262513
sp|Q15334|L2GL1_HUMAN,69602992.58138876,47638455.800856836,-0.5583753513398785,2.380460500717163e-05,0.0003649785924262513
sp|Q8NHP8|PLBL2_HUMAN,48473707.7353286,105498157.3501838,0.9762032179994499,2.380460500717163e-05,0.0003649785924262513
sp|Q9NRR5|UBQL4_HUMAN,34043476.41248905,47719794.4812373,0.4804056075455998,2.380460500717163e-05,0.0003649785924262513
sp|P25940|CO5A3_HUMAN,1275985.219442293,3342571.550333548,1.471922074616383,2.380460500717163e-05,0.0003649785924262513
sp|Q8N392|RHG18_HUMAN,4825825.240545945,2807165.0305807022,-0.7162421135445104,2.380460500717163e-05,0.0003649785924262513
sp|Q92769|HDAC2_HUMAN,26769270.12862649,16217108.565559668,-0.7408542217551858,2.380460500717163e-05,0.0003649785924262513
sp|P62701|RS4X_HUMAN,193786682.78156355,67018378.19177923,-1.9141897420263827,2.380460500717163e-05,0.0003649785924262513
sp|Q8IXQ3|CI040_HUMAN,7814075.632952326,16966716.084204134,1.044091477580125,2.380460500717163e-05,0.0003649785924262513
sp|THIO_HUMAN|P10599,373624557.8430419,539526463.1603434,0.5092395021905285,2.380460500717163e-05,0.0003649785924262513
sp|P56199|ITA1_HUMAN,51540213.47392837,81513054.74583411,0.6124013523463752,2.380460500717163e-05,0.0003649785924262513
sp|Q86SQ4|AGRG6_HUMAN,492698.2048362376,284898.8105482945,-0.8661668242089428,2.380460500717163e-05,0.0003649785924262513
sp|P49903|SPS1_HUMAN,29620346.22273389,21649767.986993734,-0.4687870153766142,2.380460500717163e-05,0.0003649785924262513
sp|Q06278|AOXA_HUMAN,906149638.0545523,485857154.8359009,-1.0597704869746,2.380460500717163e-05,0.0003649785924262513
sp|Q08170|SRSF4_HUMAN,29911730.25891738,18285639.76858118,-0.698995278051964,2.380460500717163e-05,0.0003649785924262513
sp|Q13867|BLMH_HUMAN,26552196.03615037,41592196.933661126,0.5888830983431895,2.380460500717163e-05,0.0003649785924262513
sp|P20810|ICAL_HUMAN,338070945.36674637,476769697.45669377,0.5611665699710645,2.380460500717163e-05,0.0003649785924262513
sp|Q9BRT3|MIEN1_HUMAN,8319797.533540688,10692438.24622442,0.3693319513518822,2.7544796466827393e-05,0.0004042430527348766
sp|P47989|XDH_HUMAN,69931136.64744775,40674534.67645444,-0.984231547253368,2.7544796466827393e-05,0.0004042430527348766
sp|Q9BY43|CHM4A_HUMAN,86796877.68764345,130416903.95423932,0.6644159759334822,2.7544796466827393e-05,0.0004042430527348766
sp|Q14117|DPYS_HUMAN,118757396.76608005,77245111.27307819,-0.6210866358189644,2.7544796466827393e-05,0.0004042430527348766
sp|Q9NS86|LANC2_HUMAN,24273551.239911415,32464364.02303214,0.40084689984866057,2.7544796466827393e-05,0.0004042430527348766
sp|Q13557|KCC2D_HUMAN,49657074.823990695,28892172.819881797,-0.8031171511549109,2.7544796466827393e-05,0.0004042430527348766
sp|Q16629|SRSF7_HUMAN,25418186.098287165,10957146.001145031,-1.2329226233347537,2.7544796466827393e-05,0.0004042430527348766
sp|Q9NP81|SYSM_HUMAN,8889431.283338653,5594638.282718179,-0.6918082735037572,2.7544796466827393e-05,0.0004042430527348766
sp|Q6P1J9|CDC73_HUMAN,153388.71927599376,62483.139731311436,-1.3511478979256568,2.7544796466827393e-05,0.0004042430527348766
sp|Q53EL6|PDCD4_HUMAN,2609432.792036514,1669317.4030768261,-0.7259046877606858,2.7544796466827393e-05,0.0004042430527348766
sp|Q96AJ9|VTI1A_HUMAN,144212316.87779063,222573278.14700657,1.5694368071016793,2.7544796466827393e-05,0.0004042430527348766
sp|Q8TD55|PKHO2_HUMAN,36434902.420930706,50470642.6060823,0.4175891627960964,2.7544796466827393e-05,0.0004042430527348766
sp|P62753|RS6_HUMAN,88550312.6481594,38391271.11613781,-1.3382995876345074,2.7544796466827393e-05,0.0004042430527348766
sp|Q06481|APLP2_HUMAN,12077176.333715366,19200111.755156953,0.823297274600746,2.7544796466827393e-05,0.0004042430527348766
sp|Q2M2I8|AAK1_HUMAN,2533762.617110242,3796420.592401675,0.617189595277868,3.17990779876709e-05,0.000447518402530301
sp|P62266|RS23_HUMAN,36798076.24452263,12719851.743406309,-1.8834854903468536,3.17990779876709e-05,0.000447518402530301
sp|Q8TAV4|STML3_HUMAN,12712426.703636447,20333625.971694898,0.7301590107720359,3.17990779876709e-05,0.000447518402530301
sp|P62851|RS25_HUMAN,138814011.19422534,62490737.473760106,-1.3407284371641357,3.17990779876709e-05,0.000447518402530301
sp|Q08AF3|SLFN5_HUMAN,609305.2038245994,395725.8595149088,-0.6644151614860464,3.17990779876709e-05,0.000447518402530301
sp|Q9NQ39|RS10L_HUMAN,26893387.767212324,14389709.20798571,-0.953874496309064,3.17990779876709e-05,0.000447518402530301
sp|P09382|LEG1_HUMAN,2505819825.5914693,3461462170.352231,0.4957582929623642,3.17990779876709e-05,0.000447518402530301
sp|Q7Z7H3|CATIP_HUMAN,8742089.836692864,14617138.979129147,0.8194042127230933,3.17990779876709e-05,0.000447518402530301
sp|O76031|CLPX_HUMAN,2084533.7099486038,5843667.085639873,1.4403258900776426,3.17990779876709e-05,0.000447518402530301
sp|Q8WVV9|HNRLL_HUMAN,29541999.285536777,16875161.736792583,-0.9061825446816105,3.17990779876709e-05,0.000447518402530301
sp|P06737|PYGL_HUMAN,1924411971.460544,3128368338.624227,0.607874375834772,3.17990779876709e-05,0.000447518402530301
sp|Q8N1W1|ARG28_HUMAN,2906012.753737398,5906982.985797691,1.0890939427081643,3.17990779876709e-05,0.000447518402530301
sp|Q3SY69|AL1L2_HUMAN,213479452.441746,120447560.86494228,-0.8796651534183434,3.17990779876709e-05,0.000447518402530301
sp|P17066|HSP76_HUMAN,1927256228.3800094,1446976306.4912689,-0.3575626078132784,3.17990779876709e-05,0.000447518402530301
sp|P16671|CD36_HUMAN,682488894.8586743,1415558895.0298564,1.0834710655982929,3.663450479507446e-05,0.0004966355607671253
sp|Q12841|FSTL1_HUMAN,15785909.28351635,30026750.22700265,0.9082649985669214,3.663450479507446e-05,0.0004966355607671253
sp|P08708|RS17_HUMAN,46590143.13989185,20549007.394042492,-1.3663655349917359,3.663450479507446e-05,0.0004966355607671253
sp|P05090|APOD_HUMAN,193830713.30211288,337138718.36099786,0.8562561907076499,3.663450479507446e-05,0.0004966355607671253
sp|Q7Z417|NUFP2_HUMAN,3930661.4052037573,6695871.794591228,0.7332839108596643,3.663450479507446e-05,0.0004966355607671253
sp|Q53H82|LACB2_HUMAN,22620128.608542,32214795.43420688,0.48826831465916015,3.663450479507446e-05,0.0004966355607671253
sp|P84103|SRSF3_HUMAN,93466262.2405641,45275616.72936468,-0.9999019282502254,3.663450479507446e-05,0.0004966355607671253
sp|P42330|AK1C3_HUMAN,1250049307.5325239,3304296878.395674,1.307424633504904,3.663450479507446e-05,0.0004966355607671253
sp|P61587|RND3_HUMAN,740934.8559293778,1335532.0072246843,0.816352373303508,3.663450479507446e-05,0.0004966355607671253
sp|P61026|RAB10_HUMAN,124573420.5226538,154702754.2228067,0.311886053001457,3.663450479507446e-05,0.0004966355607671253
sp|Q16620|NTRK2_HUMAN,274090.5712422459,509187.6158817313,0.993193957231668,3.663450479507446e-05,0.0004966355607671253
sp|O60763|USO1_HUMAN,16140366.548586646,22140993.62998296,0.44576078519652806,3.663450479507446e-05,0.0004966355607671253
sp|P08913|ADA2A_HUMAN,334280.9520611178,803113.032253732,1.2919865790942748,3.663450479507446e-05,0.0004966355607671253
sp|Q6NZI2|CAVN1_HUMAN,2232328115.2028356,3640512952.8201838,0.679119721613085,4.2110681533813477e-05,0.0005476671021159102
sp|Q9Y6T7|DGKB_HUMAN,1939121.0767914958,4011140.987182101,0.3548685466736964,4.2110681533813477e-05,0.0005476671021159102
sp|Q96DB5|RMD1_HUMAN,22923874.97461926,34177736.58385769,0.5644245208547499,4.2110681533813477e-05,0.0005476671021159102
sp|Q9UNL2|SSRG_HUMAN,784808.0859191855,407170.9568731548,-1.6172678657202606,4.2110681533813477e-05,0.0005476671021159102
sp|P22307|SCP2_HUMAN,99340424.27105764,137522290.45212314,0.44380233913262845,4.2110681533813477e-05,0.0005476671021159102
sp|P22570|ADRO_HUMAN,43598680.97807228,27113347.676491924,-0.6172163669624429,4.2110681533813477e-05,0.0005476671021159102
sp|P34059|GALNS_HUMAN,8676135.322339753,18596715.55088068,0.9497998302404213,4.2110681533813477e-05,0.0005476671021159102
sp|P47813|IF1AX_HUMAN,16553885.295719123,10585641.366648478,-0.6978730660233966,4.2110681533813477e-05,0.0005476671021159102
sp|P62857|RS28_HUMAN,76322990.52437508,40077401.845161125,-1.0525544365166322,4.2110681533813477e-05,0.0005476671021159102
sp|P28074|PSB5_HUMAN,192016626.5682843,312986675.8497662,0.6575011668563144,4.2110681533813477e-05,0.0005476671021159102
sp|Q08623|HDHD1_HUMAN,7724740.983443521,5533496.101260942,-0.5038322822674106,4.2110681533813477e-05,0.0005476671021159102
sp|P28072|PSB6_HUMAN,183941254.4951032,284907188.1114821,0.5980230719424997,4.2110681533813477e-05,0.0005476671021159102
sp|Q5IJ48|CRUM2_HUMAN,1712256.5676091032,645689.5891278994,-1.3466117875689683,4.2110681533813477e-05,0.0005476671021159102
sp|P12429|ANXA3_HUMAN,302375361.9391912,134628598.30429903,-1.2863884758004,4.2110681533813477e-05,0.0005476671021159102
sp|Q13595|TRA2A_HUMAN,10321024.770213638,6660602.083309112,-0.6329567519951427,4.2110681533813477e-05,0.0005476671021159102
sp|Q9UK59|DBR1_HUMAN,2552008.916690245,1681072.842172608,-0.6332795155030605,4.830211400985718e-05,0.0006100048556139594
sp|P62829|RL23_HUMAN,58583402.275041476,26471586.550323546,-1.0449979702989751,4.830211400985718e-05,0.0006100048556139594
sp|Q96B97|SH3K1_HUMAN,51239087.909891486,73514046.01885206,0.5123271926588782,4.830211400985718e-05,0.0006100048556139594
sp|Q9H299|SH3L3_HUMAN,489775955.07784015,884504021.3376404,0.6954750152385821,4.830211400985718e-05,0.0006100048556139594
sp|P62244|RS15A_HUMAN,130568281.89983822,54191637.89736426,-1.4929972103799785,4.830211400985718e-05,0.0006100048556139594
sp|P31942|HNRH3_HUMAN,80943447.01534092,45452003.742751,-0.8312039370357498,4.830211400985718e-05,0.0006100048556139594
sp|P13804|ETFA_HUMAN,335970946.45028937,254405846.78151417,-0.47146397274593926,4.830211400985718e-05,0.0006100048556139594
sp|P50851|LRBA_HUMAN,261390.80622623744,476068.0601095979,0.7245961208595463,4.830211400985718e-05,0.0006100048556139594
sp|Q9Y3L5|RAP2C_HUMAN,1427883.9024267157,1887623.0903872885,0.4048385378716896,4.830211400985718e-05,0.0006100048556139594
sp|P20930|FILA_HUMAN,6664905.729496199,28771829.110594954,1.1985650337340645,4.830211400985718e-05,0.0006100048556139594
sp|P14866|HNRPL_HUMAN,189080287.27917266,98726613.6166571,-0.995529564102257,4.830211400985718e-05,0.0006100048556139594
sp|P00746|CFAD_HUMAN,78864807.60401721,128430680.8501669,0.6108123923008392,5.529820919036865e-05,0.000671838242796403
sp|Q9NP90|RAB9B_HUMAN,14527922.956429878,21426151.46562463,0.43740425221770707,5.529820919036865e-05,0.000671838242796403
sp|P22676|CALB2_HUMAN,380137778.7010121,582808721.3896269,0.5888876462393646,5.529820919036865e-05,0.000671838242796403
sp|Q15181|IPYR_HUMAN,252992615.9507555,400763660.7758862,0.6314055293630643,5.529820919036865e-05,0.000671838242796403
sp|Q8N5K1|CISD2_HUMAN,987324.179844914,717127.5151408972,-0.7514312420871752,5.529820919036865e-05,0.000671838242796403
sp|P62834|RAP1A_HUMAN,127492802.77288541,192105658.76941797,0.5742983296297783,5.529820919036865e-05,0.000671838242796403
sp|Q9Y4G6|TLN2_HUMAN,110345724.78526747,141816359.71954387,0.32877686039860343,5.529820919036865e-05,0.000671838242796403
sp|O00142|KITM_HUMAN,35327293.09564505,49196222.88928617,0.48596567662168894,5.529820919036865e-05,0.000671838242796403
sp|O95639|CPSF4_HUMAN,3093308.8018413177,4232381.0999398,0.43454376626958907,5.529820919036865e-05,0.000671838242796403
sp|P35568|IRS1_HUMAN,2125350.294418823,2972393.3129510013,0.45338771042361753,5.529820919036865e-05,0.000671838242796403
sp|Q96FJ2|DYL2_HUMAN,39567242.199815586,30413285.918980427,-0.38010370889108547,5.529820919036865e-05,0.000671838242796403
sp|P23468|PTPRD_HUMAN,11418714.277510209,7071733.776003005,-0.682820990715471,5.529820919036865e-05,0.000671838242796403
sp|P56556|NDUA6_HUMAN,4223460.370518172,2763578.4174351017,-0.6472844179548326,5.529820919036865e-05,0.000671838242796403
sp|Q14847|LASP1_HUMAN,486546422.4809932,791035864.1334492,0.6621824556455608,5.529820919036865e-05,0.000671838242796403
sp|O15355|PPM1G_HUMAN,14242459.987423109,7923565.027719898,-0.8510212649841505,5.529820919036865e-05,0.000671838242796403
sp|O00192|ARVC_HUMAN,2782083.5243205167,5902059.044354836,1.010501902180628,6.318092346191406e-05,0.0007359350769265184
sp|Q9UGI8|TES_HUMAN,125614478.41425404,83159882.25867318,-0.5519054958019318,6.318092346191406e-05,0.0007359350769265184
sp|Q14195|DPYL3_HUMAN,1092978993.5623813,755494973.5449095,-0.6256768558685749,6.318092346191406e-05,0.0007359350769265184
sp|Q9UNZ5|L10K_HUMAN,4580128.839488717,1546825.2903806625,-1.6083289765159177,6.318092346191406e-05,0.0007359350769265184
sp|O43920|NDUS5_HUMAN,3925263.038532724,2438721.483509486,-0.6539920405809675,6.318092346191406e-05,0.0007359350769265184
sp|O60784|TOM1_HUMAN,18945035.64267416,26468034.143448222,0.45069038042083925,6.318092346191406e-05,0.0007359350769265184
sp|Q5VUM1|SDHF4_HUMAN,629128.2653527545,1290779.8168100528,1.0720449857723002,6.318092346191406e-05,0.0007359350769265184
sp|Q9Y2V2|CHSP1_HUMAN,86100240.78230917,63868053.06127802,-0.42872174410789615,6.318092346191406e-05,0.0007359350769265184
sp|P31323|KAP3_HUMAN,223721497.64902768,124950334.74030712,-0.9622618100846176,6.318092346191406e-05,0.0007359350769265184
sp|Q96IU4|ABHEB_HUMAN,225383354.70052224,146632298.3042768,-0.7580181172976465,6.318092346191406e-05,0.0007359350769265184
sp|Q27J81|INF2_HUMAN,9500482.088624824,13286195.708924383,0.4606266530504642,6.318092346191406e-05,0.0007359350769265184
sp|P46781|RS9_HUMAN,226819004.12717605,87676984.68650354,-1.7550649763969892,6.318092346191406e-05,0.0007359350769265184
sp|P48163|MAOX_HUMAN,469647640.697131,868361384.765107,0.6771515026643461,6.318092346191406e-05,0.0007359350769265184
sp|P61224|RAP1B_HUMAN,133918702.7866402,200331531.2552383,0.5528834837687715,6.318092346191406e-05,0.0007359350769265184
sp|Q86Y82|STX12_HUMAN,38686078.25776984,52348566.9998843,0.41661808289487173,6.318092346191406e-05,0.0007359350769265184
sp|Q9UJJ9|GNPTG_HUMAN,564446.073174499,806237.0228943004,0.5530814195553252,6.318092346191406e-05,0.0007359350769265184
sp|P04179|SODM_HUMAN,792449330.4597454,1543801561.3318799,0.7847220626396675,6.318092346191406e-05,0.0007359350769265184
sp|Q9BV10|ALG12_HUMAN,117199.89741145591,23590.877458172352,-9.465153720402435,6.424684296669231e-05,0.0007465389815911776
sp|P08473|NEP_HUMAN,1317052.0235661448,3598907.755426389,1.6519038976323717,7.204711437225342e-05,0.0007985083184121112
sp|P15531|NDKA_HUMAN,1030871323.1692419,1442746556.7616825,0.4472783917795861,7.204711437225342e-05,0.0007985083184121112
sp|P62070|RRAS2_HUMAN,107303740.5602019,173358145.38970143,0.6263947618880543,7.204711437225342e-05,0.0007985083184121112
sp|Q13907|IDI1_HUMAN,5125415.839124852,9933858.89971273,0.8934399583104783,7.204711437225342e-05,0.0007985083184121112
sp|A6NIH7|U119B_HUMAN,11175134.437961651,7568251.649114804,-0.5812197695930432,7.204711437225342e-05,0.0007985083184121112
sp|P16144|ITB4_HUMAN,9898542.928629354,6606868.222432321,-0.6415800254432781,7.204711437225342e-05,0.0007985083184121112
sp|Q16853|AOC3_HUMAN,2814688962.6969233,4474815194.634103,0.7019802013294889,7.204711437225342e-05,0.0007985083184121112
sp|P09525|ANXA4_HUMAN,63664700.67651117,41444765.65741818,-0.6348233154334286,7.204711437225342e-05,0.0007985083184121112
sp|Q7Z4H8|PLGT3_HUMAN,85252240.16800663,51100775.035434976,-0.8710335067607641,7.204711437225342e-05,0.0007985083184121112
sp|O94905|ERLN2_HUMAN,28687490.426744465,17862737.66142694,-0.7732797369706532,7.204711437225342e-05,0.0007985083184121112
sp|P30101|PDIA3_HUMAN,908726723.1543542,588421028.3788642,-0.6941651969475563,7.204711437225342e-05,0.0007985083184121112
sp|Q09666|AHNK_HUMAN,4666761331.803793,7075937550.0806875,0.5724538433389956,7.204711437225342e-05,0.0007985083184121112
sp|P83731|RL24_HUMAN,36426257.87426435,18215874.5207642,-0.9851142311355531,7.204711437225342e-05,0.0007985083184121112
sp|P04843|RPN1_HUMAN,64686476.8317386,34881843.67203465,-1.0531139753629428,7.204711437225342e-05,0.0007985083184121112
sp|O75368|SH3L1_HUMAN,160797479.4596334,235599373.85957146,0.4578233716116569,7.204711437225342e-05,0.0007985083184121112
sp|O95980|RECK_HUMAN,606897.4430460731,331263.49487678806,-0.9316814393282501,7.204711437225342e-05,0.0007985083184121112
sp|Q9UPZ6|THS7A_HUMAN,18058439.635119982,13153974.291180799,-0.48926929259173224,7.204711437225342e-05,0.0007985083184121112
sp|Q13522|PPR1A_HUMAN,14106073.647180911,21492463.85609325,0.6149214032159502,7.204711437225342e-05,0.0007985083184121112
sp|P11279|LAMP1_HUMAN,78850212.13398825,121336652.86652471,0.5393989684550716,7.204711437225342e-05,0.0007985083184121112
sp|P62847|RS24_HUMAN,48734514.04146794,18621620.544448916,-1.5645881364557677,7.204711437225342e-05,0.0007985083184121112
sp|A1L4H1|SRCRL_HUMAN,5523069.543197208,12171123.123171356,0.7881310448623574,8.20159912109375e-05,0.0008707848270382502
sp|Q15848|ADIPO_HUMAN,10120940.554810511,17965600.27646452,0.7596903392078141,8.20159912109375e-05,0.0008707848270382502
sp|P27635|RL10_HUMAN,57170269.272458665,18819812.416706637,-1.608792292421764,8.20159912109375e-05,0.0008707848270382502
sp|Q9BS40|LXN_HUMAN,41666223.243298315,21389059.140865054,-1.0100161267550607,8.20159912109375e-05,0.0008707848270382502
sp|Q8TEP8|CE192_HUMAN,13917860.970961554,19612922.45158235,0.5656207762514965,8.20159912109375e-05,0.0008707848270382502
sp|Q15046|SYK_HUMAN,192198730.17016882,137834052.14334092,-0.4775999510491814,8.20159912109375e-05,0.0008707848270382502
sp|P07741|APT_HUMAN,103059367.08738561,60969507.656621285,-0.7859642481590746,8.20159912109375e-05,0.0008707848270382502
sp|Q9NZB2|F120A_HUMAN,58140042.781303816,41621342.22312979,-0.475612231449543,8.20159912109375e-05,0.0008707848270382502
sp|Q6ZMP0|THSD4_HUMAN,236220.62992250352,386023.2972968514,-2.497755367394447,8.20159912109375e-05,0.0008707848270382502
sp|P12235|ADT1_HUMAN,83449153.99419938,52260456.91387576,-0.6592581781501246,8.20159912109375e-05,0.0008707848270382502
sp|Q92597|NDRG1_HUMAN,33895662.480611496,20070056.871642467,-0.7176497477022786,8.20159912109375e-05,0.0008707848270382502
sp|Q9NX24|NHP2_HUMAN,874330.7881987476,348709.0091779696,-1.3344393041691753,8.20159912109375e-05,0.0008707848270382502
sp|P49458|SRP09_HUMAN,38622626.32900335,25366683.304644708,-0.6400488511471113,8.20159912109375e-05,0.0008707848270382502
sp|P62273|RS29_HUMAN,46355040.02768435,20185659.478004705,-1.6617698913029677,8.20159912109375e-05,0.0008707848270382502
sp|O76021|RL1D1_HUMAN,4543236.924117743,2540439.8417950864,-0.7841220766480355,8.20159912109375e-05,0.0008707848270382502
sp|Q99436|PSB7_HUMAN,58649238.546624415,86098438.95116277,0.5112253055233641,8.20159912109375e-05,0.0008707848270382502
sp|P00846|ATP6_HUMAN,764329.670940861,423022.65881635284,-0.976074072516939,8.20159912109375e-05,0.0008707848270382502
sp|P27695|APEX1_HUMAN,52543265.57669778,28881108.439392008,-1.0523700876454858,8.20159912109375e-05,0.0008707848270382502
sp|Q8IXS6|PALM2_HUMAN,47055234.71989,81077634.71748236,0.7718732903934933,8.20159912109375e-05,0.0008707848270382502
sp|P26639|SYTC_HUMAN,61397391.707740165,39560463.07979555,-0.6289852134740966,9.319186210632324e-05,0.0009576611268699042
sp|Q969Z3|MARC2_HUMAN,29121860.82776334,21893093.4999476,-0.4226856275617895,9.319186210632324e-05,0.0009576611268699042
sp|Q13449|LSAMP_HUMAN,5089814.468300141,2492869.4008733,-1.115273544807525,9.319186210632324e-05,0.0009576611268699042
sp|Q9UEU0|VTI1B_HUMAN,8370747.008600769,12195259.388250511,0.5019346171940821,9.319186210632324e-05,0.0009576611268699042
sp|P23246|SFPQ_HUMAN,148490718.1049343,96015312.32968248,-0.635249303040107,9.319186210632324e-05,0.0009576611268699042
sp|P11532|DMD_HUMAN,9438674.845223788,12960674.788968205,0.45903018101580695,9.319186210632324e-05,0.0009576611268699042
sp|P61088|UBE2N_HUMAN,29851704.712285407,43940146.41735572,0.4955481946644292,9.319186210632324e-05,0.0009576611268699042
sp|P45880|VDAC2_HUMAN,52639756.29851072,34814769.55835195,-0.61312432214015,9.319186210632324e-05,0.0009576611268699042
sp|P46783|RS10_HUMAN,66155713.89388205,31154516.588972278,-1.1647592753312244,9.319186210632324e-05,0.0009576611268699042
sp|P25398|RS12_HUMAN,108234602.4121618,58349768.889780656,-0.9257131853822397,9.319186210632324e-05,0.0009576611268699042
sp|Q9NQ66|PLCB1_HUMAN,1862275.1558369768,1337314.7188949157,-0.477010616526586,9.319186210632324e-05,0.0009576611268699042
sp|Q08397|LOXL1_HUMAN,747326.1425634592,1735078.6794823012,1.1519184549663817,9.319186210632324e-05,0.0009576611268699042
sp|P0DMM9|ST1A3_HUMAN / sp|P0DMN0|ST1A4_HUMAN,102581705.55245563,60154515.831612594,-0.7797963343261498,9.319186210632324e-05,0.0009576611268699042
sp|Q9GZT8|NIF3L_HUMAN,74512337.98279049,99290412.36840272,0.3940511621041682,9.319186210632324e-05,0.0009576611268699042
sp|P39019|RS19_HUMAN,187758115.6469791,99175466.37313223,-1.0391465483269426,9.319186210632324e-05,0.0009576611268699042
sp|Q14244|MAP7_HUMAN,3267797.34614046,5180690.588035466,0.7172912046016394,0.00010570138692855835,0.0010458988780827866
sp|P83881|RL36A_HUMAN,10373715.657715505,3905019.2496727454,-1.4516281560163324,0.00010570138692855835,0.0010458988780827866
sp|B7ZW38|HNRC3_HUMAN / sp|P0DMR1|HNRC4_HUMAN / sp|O60812|HNRC1_HUMAN,116122909.02656485,43224755.59369507,-1.448616324249947,0.00010570138692855835,0.0010458988780827866
sp|Q9Y3I0|RTCB_HUMAN,85163322.81519318,57742917.83696384,-0.5600838517609211,0.00010570138692855835,0.0010458988780827866
sp|Q8IVN3|MSTN1_HUMAN,4090147.168221604,1993953.7994582981,-0.9324870853950681,0.00010570138692855835,0.0010458988780827866
sp|P54725|RD23A_HUMAN,98346602.82734533,130356599.19536518,0.4414752673551964,0.00010570138692855835,0.0010458988780827866
sp|Q9UHB6|LIMA1_HUMAN,60014317.22127768,89128870.4719186,0.4993477244960967,0.00010570138692855835,0.0010458988780827866
sp|Q9NP74|PALMD_HUMAN,81392452.06822276,139715615.91332904,0.7573324512108529,0.00010570138692855835,0.0010458988780827866
sp|Q96CT7|CC124_HUMAN,10355048.387014564,16704135.205909822,0.6548051281581643,0.00010570138692855835,0.0010458988780827866
sp|P16284|PECA1_HUMAN,49739078.72004836,68868297.72427236,0.44572194907718554,0.00010570138692855835,0.0010458988780827866
sp|Q9P2M7|CING_HUMAN,614150.7631195772,439736.8552646401,-1.110363476981668,0.00010570138692855835,0.0010458988780827866
sp|O43865|SAHH2_HUMAN,91436523.70934607,50872326.89360074,-0.8579398416572251,0.00010570138692855835,0.0010458988780827866
sp|Q92611|EDEM1_HUMAN,2993562.9538552123,1826906.1105880402,-0.9423316164198249,0.00010570138692855835,0.0010458988780827866
sp|P49590|SYHM_HUMAN,50220400.154042,24925109.105622854,-1.1703140222472397,0.00010570138692855835,0.0010458988780827866
sp|O75113|N4BP1_HUMAN,2375615.119222499,3782129.946955874,0.674638362483393,0.00010570138692855835,0.0010458988780827866
sp|P05141|ADT2_HUMAN,132595535.74120021,88617246.7885455,-0.5845495751289783,0.00010570138692855835,0.0010458988780827866
sp|P61106|RAB14_HUMAN,105701830.56078884,137848962.34688538,0.3784531925822177,0.00010570138692855835,0.0010458988780827866
sp|Q969Q0|RL36L_HUMAN,12061506.158718841,3630693.4216875667,-1.8535868679445322,0.00010570138692855835,0.0010458988780827866
sp|Q13740|CD166_HUMAN,11817992.783252677,20130845.17576427,0.6274137181676389,0.00011970102787017822,0.0011375153123742284
sp|Q7Z7G0|TARSH_HUMAN,20221074.326569248,50256232.86449359,0.9438220860573463,0.00011970102787017822,0.0011375153123742284
sp|Q8NG11|TSN14_HUMAN,355146.5906189638,238932.1319877183,-0.6012271195715997,0.00011970102787017822,0.0011375153123742284
sp|P00441|SODC_HUMAN / sp|SODC_HUMAN|P00441,287649437.1741122,409331587.5621309,0.5184908665590109,0.00011970102787017822,0.0011375153123742284
sp|Q9P266|JCAD_HUMAN,5302119.525820895,7596867.763503301,0.44902799511678576,0.00011970102787017822,0.0011375153123742284
sp|P62249|RS16_HUMAN,134208909.1463776,55879805.500896946,-1.5503469257272464,0.00011970102787017822,0.0011375153123742284
sp|P78324|SHPS1_HUMAN,11726233.227862094,17530982.211520407,0.4477716344465321,0.00011970102787017822,0.0011375153123742284
sp|O94885|SASH1_HUMAN,3065085.112846945,4431892.417422756,0.4699058786488105,0.00011970102787017822,0.0011375153123742284
sp|Q8NBJ7|SUMF2_HUMAN,52556115.550931334,70051788.59648047,0.36978702179841366,0.00011970102787017822,0.0011375153123742284
sp|O00217|NDUS8_HUMAN,6661942.3251111405,4391054.0326714525,-0.5600817886579466,0.00011970102787017822,0.0011375153123742284
sp|P15144|AMPN_HUMAN,43141441.422236614,60392060.393008135,0.4560132747742073,0.00011970102787017822,0.0011375153123742284
sp|O00244|ATOX1_HUMAN,24005934.296956696,40480304.555694565,0.6854828462788426,0.00011970102787017822,0.0011375153123742284
sp|Q14CZ8|HECAM_HUMAN,28315184.71717748,46848118.55311098,0.7328097854141175,0.00011970102787017822,0.0011375153123742284
sp|Q15185|TEBP_HUMAN,76023400.55389954,46615287.096641585,-0.7733648341704322,0.00011970102787017822,0.0011375153123742284
sp|P61769|B2MG_HUMAN / sp|B2MG_HUMAN|P61769,81078352.26947157,119827132.29822102,0.5180983962166753,0.00011970102787017822,0.0011375153123742284
sp|P13010|XRCC5_HUMAN,128488081.84200881,69891439.86896668,-0.8783425656142182,0.00011970102787017822,0.0011375153123742284
sp|Q8IWS0|PHF6_HUMAN,754797.1504798278,2234772.613992313,1.135118057843657,0.00011970102787017822,0.0011375153123742284
sp|P28482|MK01_HUMAN,124045581.77382192,90672442.35140477,-0.5354998914131394,0.00011970102787017822,0.0011375153123742284
sp|P22090|RS4Y1_HUMAN,44074234.507328115,17066300.92774624,-1.6235046893961997,0.00011970102787017822,0.0011375153123742284
sp|P29590|PML_HUMAN,33222524.389616925,41781789.63928116,0.3075914395962713,0.00011970102787017822,0.0011375153123742284
sp|P51687|SUOX_HUMAN,62979632.88655745,113543911.35899828,0.5760842272112104,0.0001353248953819275,0.0012393591086600573
sp|Q8N142|PURA1_HUMAN,11434613.066062633,5323315.059395621,-1.2571101581559532,0.0001353248953819275,0.0012393591086600573
sp|Q07157|ZO1_HUMAN,505678971.4425422,433671354.96305656,-0.21910385994993176,0.0001353248953819275,0.0012393591086600573
sp|P54727|RD23B_HUMAN,319457201.9383537,481804043.1648975,0.5684368273037823,0.0001353248953819275,0.0012393591086600573
sp|P67870|CSK2B_HUMAN,30578257.623246666,21687308.926482465,-0.5434286622673677,0.0001353248953819275,0.0012393591086600573
sp|P23396|RS3_HUMAN,596050181.2137929,265792151.47605187,-1.4374218191147319,0.0001353248953819275,0.0012393591086600573
sp|P62820|RAB1A_HUMAN,181248135.73110077,233842194.62375316,0.3630900265951644,0.0001353248953819275,0.0012393591086600573
sp|P49247|RPIA_HUMAN,208165864.60707346,350361622.5088216,0.7992112045049357,0.0001353248953819275,0.0012393591086600573
sp|Q9Y580|RBM7_HUMAN,21042731.78534881,35780165.75037272,0.7519985396870215,0.0001353248953819275,0.0012393591086600573
sp|P02656|APOC3_HUMAN,33621983.05665533,62085429.11007662,0.6438185414287682,0.0001353248953819275,0.0012393591086600573
sp|P30533|AMRP_HUMAN,37082920.16239768,53529682.744225636,0.47372190147835,0.0001353248953819275,0.0012393591086600573
sp|P48449|LSS_HUMAN,15936154.901173143,23771931.62432635,0.4898071377738642,0.0001353248953819275,0.0012393591086600573
sp|Q9Y2X3|NOP58_HUMAN,16820116.650042474,11261540.372885233,-0.6657661339240961,0.0001353248953819275,0.0012393591086600573
sp|P02649|APOE_HUMAN,47294343.93534364,110909625.48772974,1.0786389141322676,0.0001353248953819275,0.0012393591086600573
sp|Q15276|RABE1_HUMAN,49583483.241583586,61439347.68028139,0.30089646135766784,0.0001353248953819275,0.0012393591086600573
sp|P49792|RBP2_HUMAN,27662336.57677948,20123011.92127227,-0.4961114763390251,0.0001353248953819275,0.0012393591086600573
sp|P16070|CD44_HUMAN,91641124.98757155,157634165.86565644,0.6571092748495461,0.0001353248953819275,0.0012393591086600573
sp|Q15075|EEA1_HUMAN,305798634.3788945,444231841.86850864,0.5019415364079393,0.0001353248953819275,0.0012393591086600573
sp|P11277|SPTB1_HUMAN,151151386.9894984,357998001.31525767,0.8885575342045396,0.0001353248953819275,0.0012393591086600573
sp|P62269|RS18_HUMAN,256342187.05828708,112593139.37176931,-1.5390509031211863,0.00015273690223693848,0.0013473977827850511
sp|P39687|AN32A_HUMAN,73443283.16457997,39118837.449029446,-0.9754919354418355,0.00015273690223693848,0.0013473977827850511
sp|P55083|MFAP4_HUMAN,66625677.146829925,126622045.76446445,0.7930926180142249,0.00015273690223693848,0.0013473977827850511
sp|Q9UKM9|RALY_HUMAN,62869726.93609599,35949255.64805837,-0.7679936979019998,0.00015273690223693848,0.0013473977827850511
sp|Q96C01|F136A_HUMAN,5209405.818086381,7328131.961605027,0.45851404657368583,0.00015273690223693848,0.0013473977827850511
sp|Q9BQB6|VKOR1_HUMAN,2005655.0311379002,1089980.6283262877,-1.2884349574916574,0.00015273690223693848,0.0013473977827850511
sp|Q9BXK5|B2L13_HUMAN,861841.7184733659,1557301.1691042779,0.7714664594503111,0.00015273690223693848,0.0013473977827850511
sp|P55036|PSMD4_HUMAN,74039309.0894848,90836353.97793297,0.28553677790694987,0.00015273690223693848,0.0013473977827850511
sp|P07910|HNRPC_HUMAN,300270466.4745128,114294355.71913281,-1.3924664538282965,0.00015273690223693848,0.0013473977827850511
sp|P46782|RS5_HUMAN,158553001.01840258,64449179.22826572,-1.721555441016207,0.00015273690223693848,0.0013473977827850511
sp|Q04828|AK1C1_HUMAN,1486562778.796454,3552109907.529251,1.1521834479642394,0.00015273690223693848,0.0013473977827850511
sp|Q96GA7|SDSL_HUMAN,12661339.160371542,27460836.480895698,0.9623655193194781,0.00015273690223693848,0.0013473977827850511
sp|Q13151|ROA0_HUMAN,70046082.58011334,37781615.611454256,-0.8942430795592606,0.00015273690223693848,0.0013473977827850511
sp|P26599|PTBP1_HUMAN,160896593.2465868,104311352.68616606,-0.6588895793850501,0.00015273690223693848,0.0013473977827850511
sp|P15289|ARSA_HUMAN,31706478.97258809,54886223.858779125,0.7801999611471182,0.00015273690223693848,0.0013473977827850511
sp|P51659|DHB4_HUMAN,104958384.39626847,146295278.285229,0.4132708091970141,0.00015273690223693848,0.0013473977827850511
sp|Q9NWU5|RM22_HUMAN,2693532.955853205,3735724.410281124,0.4802342322705608,0.00015273690223693848,0.0013473977827850511
sp|P04080|CYTB_HUMAN,323503508.0996198,490693147.0661786,0.5276978522049748,0.00015273690223693848,0.0013473977827850511
sp|Q9UM47|NOTC3_HUMAN,3226119.4754897254,5334714.864375646,0.7339010976269821,0.00015273690223693848,0.0013473977827850511
sp|Q9NP72|RAB18_HUMAN,7339220.3104596725,11258342.076841963,0.5575581290879148,0.00015273690223693848,0.0013473977827850511
sp|Q9Y285|SYFA_HUMAN,7224832.872938759,4006975.8300393666,-0.78717029093435,0.0001721307635307312,0.001472469757903706
sp|P07358|CO8B_HUMAN,121752371.29654895,64092855.93346019,-1.2434419643309893,0.0001721307635307312,0.001472469757903706
sp|O95628|CNOT4_HUMAN,3127499.3957426664,4176881.9709252543,0.4015247697101894,0.0001721307635307312,0.001472469757903706
sp|Q15599|NHRF2_HUMAN,42007213.90986662,56131948.62939657,0.44368723245952146,0.0001721307635307312,0.001472469757903706
sp|P02747|C1QC_HUMAN,33752741.94017262,16434739.414845113,-0.9458078868790215,0.0001721307635307312,0.001472469757903706
sp|O95817|BAG3_HUMAN,100103618.52576408,151471377.0924967,0.5870609309823788,0.0001721307635307312,0.001472469757903706
sp|P11234|RALB_HUMAN,18849599.693266902,25481230.174937587,0.43273768397421425,0.0001721307635307312,0.001472469757903706
sp|P09012|SNRPA_HUMAN,30917915.080431867,23812281.997127477,-0.40822393624135017,0.0001721307635307312,0.001472469757903706
sp|Q9Y547|IFT25_HUMAN,1427702.3963951494,2565355.7154521835,0.7341963168117248,0.0001721307635307312,0.001472469757903706
sp|P59768|GBG2_HUMAN,10874278.237489449,19931333.171784986,0.9057677751874579,0.0001721307635307312,0.001472469757903706
sp|Q14011|CIRBP_HUMAN,36881519.965475425,70733964.70323974,0.740481568216289,0.0001721307635307312,0.001472469757903706
sp|Q969E4|TCAL3_HUMAN / sp|Q5H9L2|TCAL5_HUMAN,29179427.072911207,15092804.051917788,-1.0926388830090856,0.0001721307635307312,0.001472469757903706
sp|Q9UMX0|UBQL1_HUMAN,53092401.02121402,74286502.33905095,0.4858101402960426,0.0001721307635307312,0.001472469757903706
sp|P08572|CO4A2_HUMAN,38141332.251126565,69341763.26642075,0.8983116467284497,0.0001721307635307312,0.001472469757903706
sp|P02655|APOC2_HUMAN,8882834.087846065,19865865.27969178,0.7518054647113359,0.0001721307635307312,0.001472469757903706
sp|P61927|RL37_HUMAN,1694599.812956879,982241.8083469906,-0.8523310128876541,0.0001721307635307312,0.001472469757903706
sp|P30049|ATPD_HUMAN,108542655.6993172,166105881.50669092,0.6532695014511926,0.0001721307635307312,0.001472469757903706
sp|Q01105|SET_HUMAN,22720091.152260564,11404617.45514697,-1.132913901452054,0.00019368529319763184,0.001605346670216641
sp|P50440|GATM_HUMAN,40999430.19580616,28807740.209031276,-0.5484565032052896,0.00019368529319763184,0.001605346670216641
sp|Q96QK1|VPS35_HUMAN,97248404.61286649,54805307.982769944,-0.8566941204412718,0.00019368529319763184,0.001605346670216641
sp|P63279|UBC9_HUMAN / sp|UBE2I_HUMAN|P63279,27603353.77216205,17098705.928727716,-0.7422665350679567,0.00019368529319763184,0.001605346670216641
sp|Q9P2R7|SUCB1_HUMAN,251166041.61565995,161294754.83300975,-0.7450488240678247,0.00019368529319763184,0.001605346670216641
sp|Q96SB3|NEB2_HUMAN,8541462.745775735,11348510.797346229,0.4091940041173999,0.00019368529319763184,0.001605346670216641
sp|P08574|CY1_HUMAN,21178147.15357169,13044090.223563625,-0.6704725165039571,0.00019368529319763184,0.001605346670216641
sp|P55957|BID_HUMAN / sp|BID_HUMAN|P55957,769604.3995406799,1883997.6058812425,1.038389323223343,0.00019368529319763184,0.001605346670216641
sp|Q8N668|COMD1_HUMAN,4810346.691898787,6325198.243315141,0.37918486404678947,0.00019368529319763184,0.001605346670216641
sp|P05230|FGF1_HUMAN,2739865.109059325,902070.6286306261,-1.7939010974447147,0.00019368529319763184,0.001605346670216641
sp|Q14247|SRC8_HUMAN,246955508.27763882,369161161.9011655,0.5390039809557037,0.00019368529319763184,0.001605346670216641
sp|Q9BQI4|CCDC3_HUMAN,522371.4742732826,261764.27654647426,-1.045944307740564,0.00019368529319763184,0.001605346670216641
sp|P06733|ENOA_HUMAN,6109799185.509089,9374886683.771933,0.47051538980550667,0.00019368529319763184,0.001605346670216641
sp|Q15287|RNPS1_HUMAN,11989085.646223087,6975363.69711854,-0.8705884968598181,0.00019368529319763184,0.001605346670216641
sp|Q9Y3F4|STRAP_HUMAN,65201309.385236315,86455093.579939,0.34223926348184314,0.00019368529319763184,0.001605346670216641
sp|P67812|SC11A_HUMAN,1510573.1172943679,749683.1354500699,-1.4955924829825538,0.00019368529319763184,0.001605346670216641
sp|Q07955|SRSF1_HUMAN,81477435.14583652,46015648.156281784,-0.7875237300803211,0.00019368529319763184,0.001605346670216641
sp|P19838|NFKB1_HUMAN,27483609.620031826,19489401.15345605,-0.4551140933431605,0.00019368529319763184,0.001605346670216641
sp|P26640|SYVC_HUMAN,82857305.72725303,52284318.463950254,-0.6290979898645427,0.00021760910749435425,0.0017463312823836224
sp|P62906|RL10A_HUMAN,54327725.76202487,19602729.77313475,-1.643176037369775,0.00021760910749435425,0.0017463312823836224
sp|P30876|RPB2_HUMAN,8943891.410420245,6160942.924101233,-0.5112814468181183,0.00021760910749435425,0.0017463312823836224
sp|Q14108|SCRB2_HUMAN,71901776.70906241,98699289.0392755,0.4412209942218359,0.00021760910749435425,0.0017463312823836224
sp|P07237|PDIA1_HUMAN,425937963.6286259,577041232.6093419,0.3930244185660924,0.00021760910749435425,0.0017463312823836224
sp|Q8NBK3|SUMF1_HUMAN,6681824.96002982,10103619.487870468,0.4744302350962823,0.00021760910749435425,0.0017463312823836224
sp|Q15020|SART3_HUMAN,906847.3165896236,502922.04181305115,-0.8211728156172214,0.00021760910749435425,0.0017463312823836224
sp|P25789|PSA4_HUMAN,342843182.42060554,450308729.97369784,0.3386150041842715,0.00021760910749435425,0.0017463312823836224
sp|O95433|AHSA1_HUMAN,1539331.1283202968,885825.5950158375,-0.9034225168185638,0.00021760910749435425,0.0017463312823836224
sp|P19338|NUCL_HUMAN,287408038.6363661,172305163.98427895,-0.8206798327798259,0.00021760910749435425,0.0017463312823836224
sp|O14879|IFIT3_HUMAN,3224609.364335605,1881180.2525090503,-0.7603379954735028,0.00021760910749435425,0.0017463312823836224
sp|P46776|RL27A_HUMAN,19114213.115325876,6111625.3981425585,-1.8077602732744964,0.00021760910749435425,0.0017463312823836224
sp|O00625|PIR_HUMAN,49658104.251337364,68182105.3373575,0.4805750147129143,0.00021760910749435425,0.0017463312823836224
sp|O75094|SLIT3_HUMAN,5573091.660013898,3587607.804343022,-0.5887128873653638,0.00021760910749435425,0.0017463312823836224
sp|P25787|PSA2_HUMAN,303707750.3475365,422054764.8118376,0.40294731150757535,0.00021760910749435425,0.0017463312823836224
sp|O00186|STXB3_HUMAN,715309.07943528,410870.54702783603,-1.6468549517857718,0.00021760910749435425,0.0017463312823836224
sp|Q13790|APOF_HUMAN,373032.321418921,809657.8936126705,1.2472312141437463,0.00021760910749435425,0.0017463312823836224
sp|P38117|ETFB_HUMAN,617595538.5342902,484823532.94073904,-0.3768402941336211,0.00021760910749435425,0.0017463312823836224
sp|Q03518|TAP1_HUMAN,29932561.24939431,47745220.6891387,0.523582279690225,0.00021760910749435425,0.0017463312823836224
sp|Q16643|DREB_HUMAN,41913413.902519085,58261341.070805445,0.4322453079568963,0.000244140625,0.0019113064590130506
sp|Q16762|THTR_HUMAN,165886969.12101206,88189671.62731802,-1.1281070995707463,0.000244140625,0.0019113064590130506
sp|P40429|RL13A_HUMAN,65787678.87111185,23385805.11577212,-1.6507040382164142,0.000244140625,0.0019113064590130506
sp|P43243|MATR3_HUMAN,30670833.20722499,17323404.636028092,-0.7667183642659356,0.000244140625,0.0019113064590130506
sp|P36222|CH3L1_HUMAN,2875419.6459807134,7293859.471975683,0.9867048346510605,0.000244140625,0.0019113064590130506
sp|Q9BZK7|TBL1R_HUMAN,8025019.09542168,6293054.914459219,-0.37420487970537863,0.000244140625,0.0019113064590130506
sp|Q96A99|PTX4_HUMAN,594723.3364977654,981720.3491254186,0.7038823895565571,0.000244140625,0.0019113064590130506
sp|Q9NUQ9|CYRIB_HUMAN,2670900.2854066575,3615509.2984209517,0.43474816194553206,0.000244140625,0.0019113064590130506
sp|Q99447|PCY2_HUMAN,144430043.54651448,113833194.35745405,-0.4077899027264322,0.000244140625,0.0019113064590130506
sp|Q9UKF6|CPSF3_HUMAN,1373294.2707090636,3903602.145689614,1.0315156993717538,0.000244140625,0.0019113064590130506
sp|P19623|SPEE_HUMAN,44039078.962572046,29840505.571396347,-0.7164836780358753,0.000244140625,0.0019113064590130506
sp|Q96QR8|PURB_HUMAN,11397147.286972653,8541656.53174384,-0.41887997317009645,0.000244140625,0.0019113064590130506
sp|P12236|ADT3_HUMAN,116291584.58386116,76626917.26037593,-0.5931461462806003,0.000244140625,0.0019113064590130506
sp|Q9BVM4|GGACT_HUMAN,87888606.14610155,113185698.02698953,0.36194606585714645,0.000244140625,0.0019113064590130506
sp|Q9NUJ1|ABHDA_HUMAN,13729527.300463319,8218008.168903152,-0.7046913609927496,0.000244140625,0.0019113064590130506
sp|Q86SE5|RALYL_HUMAN,17489921.127644323,7100670.503907579,-1.374363904728382,0.00027351081371307373,0.0020867701033530062
sp|P49411|EFTU_HUMAN,143690015.66475654,91867153.16555187,-0.757652766236075,0.00027351081371307373,0.0020867701033530062
sp|P62995|TRA2B_HUMAN,48183029.049843535,32077648.684207547,-0.6038545034159641,0.00027351081371307373,0.0020867701033530062
sp|P35268|RL22_HUMAN,47407927.22062834,29932288.683536507,-0.7221290165489067,0.00027351081371307373,0.0020867701033530062
sp|P25786|PSA1_HUMAN,826575253.4280031,1160200044.6284282,0.41165739979970695,0.00027351081371307373,0.0020867701033530062
sp|Q8TC44|POC1B_HUMAN,6527319.45880201,10239328.075439006,0.5340285587140817,0.00027351081371307373,0.0020867701033530062
sp|P15088|CBPA3_HUMAN,175141687.39317653,96010103.08484142,-0.9470070875008535,0.00027351081371307373,0.0020867701033530062
sp|Q14118|DAG1_HUMAN,17424343.828178804,28280901.529881556,0.7128317079699285,0.00027351081371307373,0.0020867701033530062
sp|P62917|RL8_HUMAN,91150105.10318685,38097522.766802676,-1.2096957570517464,0.00027351081371307373,0.0020867701033530062
sp|P08621|RU17_HUMAN,81752685.36901832,53960098.789433055,-0.5769347836398356,0.00027351081371307373,0.0020867701033530062
sp|P29401|TKT_HUMAN,4994502328.175657,8373343278.593985,0.6464648292964428,0.00027351081371307373,0.0020867701033530062
sp|P08579|RU2B_HUMAN,8358829.054795826,5842876.091368805,-0.6949368164094033,0.00027351081371307373,0.0020867701033530062
sp|P60866|RS20_HUMAN,21870390.705035448,9946204.38388055,-1.2866018142246503,0.00027351081371307373,0.0020867701033530062
sp|Q9UMX5|NENF_HUMAN,24905515.51812954,36466415.68467381,0.5084771210518967,0.00027351081371307373,0.0020867701033530062
sp|P60900|PSA6_HUMAN,431312311.501274,592597436.4078721,0.38539209255327134,0.00027351081371307373,0.0020867701033530062
sp|Q969R8|ITFG2_HUMAN,1074313.1504503062,657295.8318055414,-0.7297041016890428,0.00027351081371307373,0.0020867701033530062
sp|P0DP24|CALM2_HUMAN / sp|P0DP25|CALM3_HUMAN / sp|P0DP23|CALM1_HUMAN,1312246466.7152767,1953874567.2795856,0.497363880890546,0.0003059804439544678,0.0022556069900729506
sp|A4FU69|EFCB5_HUMAN,933565.0818701267,2541958.6908657625,1.2039326857605503,0.0003059804439544678,0.0022556069900729506
sp|O14818|PSA7_HUMAN,277227726.2248013,376104135.5262278,0.36220952088459973,0.0003059804439544678,0.0022556069900729506
sp|P02533|K1C14_HUMAN,337925322.4507431,129121739.82762067,-1.2936849816725355,0.0003059804439544678,0.0022556069900729506
sp|Q9NZN4|EHD2_HUMAN,867416385.1124095,1341361726.6992168,0.5106794179804642,0.0003059804439544678,0.0022556069900729506
sp|P61129|ZC3H6_HUMAN,2455939.6391682248,4227732.447961796,0.6133894891911427,0.0003059804439544678,0.0022556069900729506
sp|Q9H3M7|TXNIP_HUMAN,355788.89645938,148371.3374704571,-1.201985473636786,0.0003059804439544678,0.0022556069900729506
sp|P61513|RL37A_HUMAN,12178948.342429327,5040054.1352505265,-1.184017555952136,0.0003059804439544678,0.0022556069900729506
sp|Q6WCQ1|MPRIP_HUMAN,14309478.325579109,18221839.09590857,0.3354708192488359,0.0003059804439544678,0.0022556069900729506
sp|Q9HCE6|ARGAL_HUMAN,527109.5119136922,918635.3261122006,0.721759664586832,0.0003059804439544678,0.0022556069900729506
sp|Q8TE76|MORC4_HUMAN,2455939.6391682248,4227732.447961796,0.6133894891911427,0.0003059804439544678,0.0022556069900729506
sp|Q9BRP8|PYM1_HUMAN,47667086.33840843,71884604.95464258,0.49936119133456786,0.0003059804439544678,0.0022556069900729506
sp|Q13492|PICAL_HUMAN,10380396.612664616,12723661.399231618,0.2941158883681065,0.0003059804439544678,0.0022556069900729506
sp|P25788|PSA3_HUMAN,345327052.3044874,469907411.7515145,0.37851132466775744,0.0003059804439544678,0.0022556069900729506
sp|P00492|HPRT_HUMAN,105617291.92060678,170466987.30457935,0.6534760268546858,0.0003059804439544678,0.0022556069900729506
sp|O00483|NDUA4_HUMAN,14048834.6094076,9077609.517378937,-0.6670901608738719,0.0003059804439544678,0.0022556069900729506
sp|P46778|RL21_HUMAN,44787983.75205401,15270437.535377655,-1.431012109665429,0.0003059804439544678,0.0022556069900729506
sp|P62841|RS15_HUMAN,54830625.83215533,26252292.531357825,-1.4137495691970716,0.0003059804439544678,0.0022556069900729506
sp|P12821|ACE_HUMAN,7600828.328080684,10404083.308642473,0.4441048584957136,0.0003059804439544678,0.0022556069900729506
sp|P12956|XRCC6_HUMAN,85129292.16345692,51100301.834655285,-0.7394090403023611,0.0003059804439544678,0.0022556069900729506
sp|P10636|TAU_HUMAN / sp|TAU_HUMAN|P10636,57628744.030006155,91048665.42266886,0.7130660449886678,0.0003059804439544678,0.0022556069900729506
sp|Q96CM8|ACSF2_HUMAN,59410560.066210575,39115890.79211015,-0.5917770513339037,0.0003059804439544678,0.0022556069900729506
sp|P32969|RL9_HUMAN,80218032.29431197,36797756.95381041,-1.0610135099447031,0.0003418475389480591,0.002437632005069444
sp|P15529|MCP_HUMAN,4823198.342875666,7522952.552838474,0.594463042950286,0.0003418475389480591,0.002437632005069444
sp|P31150|GDIA_HUMAN,286191462.52461725,158567595.72026613,-0.9343497337685396,0.0003418475389480591,0.002437632005069444
sp|P12081|HARS1_HUMAN / sp|SYH_HUMAN|P12081,46370493.14290017,25781686.01760336,-0.9134944163435356,0.0003418475389480591,0.002437632005069444
sp|P12107|COBA1_HUMAN / sp|P20908|CO5A1_HUMAN,792061.2137754534,2948331.640653477,2.1715786082437676,0.0003418475389480591,0.002437632005069444
sp|P11117|PPAL_HUMAN,30029718.754208554,47970562.55154427,0.6077135707240895,0.0003418475389480591,0.002437632005069444
sp|Q5VTU8|AT5EL_HUMAN / sp|P56381|ATP5E_HUMAN,30096369.753529336,42884701.87458928,0.5817847728831104,0.0003418475389480591,0.002437632005069444
sp|O43353|RIPK2_HUMAN,206724.7973676574,310231.33885801927,0.6332591570149856,0.0003418475389480591,0.002437632005069444
sp|Q15428|SF3A2_HUMAN,9273445.459643604,7352102.325702639,-0.3714538100842712,0.0003418475389480591,0.002437632005069444
sp|Q9NSD9|SYFB_HUMAN,420763177.53752756,256854866.89414987,-0.6548155590552461,0.0003418475389480591,0.002437632005069444
sp|P27816|MAP4_HUMAN,1043531714.6736451,1727865346.0914385,0.6335012303377111,0.0003418475389480591,0.002437632005069444
sp|O60488|ACSL4_HUMAN,4406913.863762611,5597495.759514654,0.28238543524155385,0.0003418475389480591,0.002437632005069444
sp|Q96RS6|NUDC1_HUMAN,8976258.308372434,6784455.836567485,-0.4829404635657146,0.0003418475389480591,0.002437632005069444
sp|P48059|LIMS1_HUMAN,164251967.57489434,217680474.6891295,0.3703610947843469,0.0003418475389480591,0.002437632005069444
sp|P13667|PDIA4_HUMAN,224996514.73746377,128876395.2264831,-0.8914837645186605,0.0003418475389480591,0.002437632005069444
sp|P63104|1433Z_HUMAN,1542095768.5724823,1885415427.933314,0.27651038468330025,0.0003418475389480591,0.002437632005069444
sp|Q9H0X4|F234A_HUMAN,4469412.139958798,6144817.810884489,0.5143672806379321,0.0003418475389480591,0.002437632005069444
sp|P07814|SYEP_HUMAN,117129436.36495364,78864576.79893175,-0.6045732026148033,0.0003418475389480591,0.002437632005069444
sp|P51532|SMCA4_HUMAN,2276972.4448857107,1087482.775402416,-1.1063921012256033,0.0003418475389480591,0.002437632005069444
sp|Q8IXL7|MSRB3_HUMAN,27323625.510201328,48111386.21820048,0.6562903793392536,0.0003418475389480591,0.002437632005069444
sp|P30622|CLIP1_HUMAN,219195867.70220876,306193469.15763164,0.45732055138657846,0.0003418475389480591,0.002437632005069444
sp|Q8N163|CCAR2_HUMAN,36685681.767557435,26012767.009794086,-0.46755056672308914,0.0003418475389480591,0.002437632005069444
sp|Q9UJY1|HSPB8_HUMAN,12933440.290738268,18218548.25537743,0.5240229195319429,0.0003814026713371277,0.0026798703070964507
sp|O94973|AP2A2_HUMAN,44820259.59690953,32132795.809871484,-0.4439515485667317,0.0003814026713371277,0.0026798703070964507
sp|Q9H0N5|PHS2_HUMAN,11741388.04274854,15829822.421207355,0.5145195359288464,0.0003814026713371277,0.0026798703070964507
sp|Q5T5P2|SKT_HUMAN,18431229.64984819,24687941.385377783,0.4142790461312111,0.0003814026713371277,0.0026798703070964507
sp|P02549|SPTA1_HUMAN,106043421.3679341,282340325.1269395,0.8825114166368965,0.0003814026713371277,0.0026798703070964507
sp|P08123|CO1A2_HUMAN,113926447.06917723,379150051.1272667,1.5706040960775718,0.0003814026713371277,0.0026798703070964507
sp|P39023|RL3_HUMAN,241942891.227854,100888421.28112087,-1.2893914804486888,0.0003814026713371277,0.0026798703070964507
sp|Q13526|PIN1_HUMAN,32790627.19706762,41414224.6093326,0.32929010748686033,0.0003814026713371277,0.0026798703070964507
sp|Q02978|M2OM_HUMAN,15279226.366032202,10779716.318778422,-0.4909103738273969,0.0003814026713371277,0.0026798703070964507
sp|Q9UHX1|PUF60_HUMAN,41727999.04539158,30258790.383598473,-0.44498374306935734,0.0003814026713371277,0.0026798703070964507
sp|Q8TCT8|SPP2A_HUMAN,1297509.398245797,1737159.3229185939,0.41098279411762884,0.0004249662160873413,0.002909290828820472
sp|NQO2_HUMAN|P16083,155873237.62619734,279052535.5580574,0.5905152417651355,0.0004249662160873413,0.002909290828820472
sp|Q9Y3U8|RL36_HUMAN,15841369.745221289,6019704.402530121,-1.3908333079073714,0.0004249662160873413,0.002909290828820472
sp|P46777|RL5_HUMAN,88519491.22779064,52442470.58370204,-0.8393289350916039,0.0004249662160873413,0.002909290828820472
sp|Q4ZHG4|FNDC1_HUMAN,1002618.2837675886,4537847.583551015,1.2714129603986364,0.0004249662160873413,0.002909290828820472
sp|Q9P0P0|RN181_HUMAN,6064818.229195149,10222435.827897428,0.6478852201031857,0.0004249662160873413,0.002909290828820472
sp|P63010|AP2B1_HUMAN,53815163.65325124,37555515.00516013,-0.49043369614282856,0.0004249662160873413,0.002909290828820472
sp|Q15233|NONO_HUMAN,81424373.97297515,54585269.84085623,-0.5457848874363214,0.0004249662160873413,0.002909290828820472
sp|Q9NRG1|PRDC1_HUMAN,1595209.2596010442,3160600.4042616757,0.8906652702123858,0.0004249662160873413,0.002909290828820472
sp|Q92734|TFG_HUMAN,38021327.110894546,47249311.39740787,0.29803546003609654,0.0004249662160873413,0.002909290828820472
sp|O95757|HS74L_HUMAN,51308286.07731813,35467496.08224496,-0.6431415290637219,0.0004249662160873413,0.002909290828820472
sp|Q12882|DPYD_HUMAN,158688200.14317656,102401867.64321801,-0.7240235161844639,0.0004249662160873413,0.002909290828820472
sp|P48047|ATPO_HUMAN,73294581.98454686,56291417.3882493,-0.3722112538469037,0.0004249662160873413,0.002909290828820472
sp|Q9UL42|PNMA2_HUMAN,33240346.422511835,18363484.49546086,-1.1033520781098214,0.0004249662160873413,0.002909290828820472
sp|Q16795|NDUA9_HUMAN,9899198.707761152,6824019.513408794,-0.5039869264079676,0.0004249662160873413,0.002909290828820472
sp|Q9Y5J9|TIM8B_HUMAN,2399623.119321274,3220019.7222975357,0.5325090542250426,0.0004249662160873413,0.002909290828820472
sp|Q6ZVM7|TM1L2_HUMAN,13718129.258322136,18390074.31703385,0.42750429577955035,0.0004249662160873413,0.002909290828820472
sp|P49327|FAS_HUMAN,2045336047.328543,1278527445.90318,-1.2002272123628746,0.0004249662160873413,0.002909290828820472
sp|P62424|RL7A_HUMAN,79440806.88355656,36359110.013066106,-1.2435798211812568,0.0004729032516479492,0.0031740737128091025
sp|Q9Y2Z0|SGT1_HUMAN,19107583.43046033,25317972.24089217,0.4004011095756964,0.0004729032516479492,0.0031740737128091025
sp|Q9Y275|TN13B_HUMAN,15211144.567528797,20655571.208101712,0.42490156761492176,0.0004729032516479492,0.0031740737128091025
sp|Q96DC8|ECHD3_HUMAN,149023421.75990933,101623176.13653111,-0.6696065416066113,0.0004729032516479492,0.0031740737128091025
sp|O75954|TSN9_HUMAN,1064959.16975358,648374.6670396216,-0.6590551053656254,0.0004729032516479492,0.0031740737128091025
sp|Q6P2Q9|PRP8_HUMAN,56442288.50498086,41061170.37864373,-0.42550921959576765,0.0004729032516479492,0.0031740737128091025
sp|P01034|CYTC_HUMAN,53413795.90359754,74733634.8420023,0.44792772756477195,0.0004729032516479492,0.0031740737128091025
sp|P22392|NDKB_HUMAN,1218295530.8094463,1551817969.697943,0.3263899384214573,0.0004729032516479492,0.0031740737128091025
sp|Q9NVD7|PARVA_HUMAN,6983073.522418774,9036058.879715096,0.340261633790936,0.0004729032516479492,0.0031740737128091025
sp|P42704|LPPRC_HUMAN,5463320.884947868,3938058.6760453307,-0.4942357882136608,0.0004729032516479492,0.0031740737128091025
sp|P05388|RLA0_HUMAN,37041477.051671766,20233140.39702185,-0.9268406256517788,0.0004729032516479492,0.0031740737128091025
sp|P36578|RL4_HUMAN,113111272.00345492,49884008.395359956,-1.3049915339184823,0.0004729032516479492,0.0031740737128091025
sp|Q8N4T0|CBPA6_HUMAN,12340361.72186078,5710890.958977231,-1.285500729938328,0.0004729032516479492,0.0031740737128091025
sp|Q9H4A4|AMPB_HUMAN,844491205.8151284,571988813.9836383,-0.64177710587575,0.0004729032516479492,0.0031740737128091025
sp|Q15717|ELAV1_HUMAN,120768915.90109037,89130406.5173382,-0.4119331138755498,0.0005255788564682007,0.0034269740926506725
sp|Q9BSA9|TM175_HUMAN,267263.2409088073,528998.540340835,1.0077120049669819,0.0005255788564682007,0.0034269740926506725
sp|Q92629|SGCD_HUMAN,2172894.205489493,3486349.611478459,0.5893951636277289,0.0005255788564682007,0.0034269740926506725
sp|Q9BXN1|ASPN_HUMAN,221338135.91422692,123527498.42255013,-1.1934048705371139,0.0005255788564682007,0.0034269740926506725
sp|P06576|ATPB_HUMAN,2260261502.2993865,3062709224.9028716,0.5003683988168783,0.0005255788564682007,0.0034269740926506725
sp|P23141|EST1_HUMAN,3252055052.315706,5498909408.989921,0.7764361224591714,0.0005255788564682007,0.0034269740926506725
sp|Q9BTV4|TMM43_HUMAN,27201015.31923676,16142342.085373165,-0.9341743028906427,0.0005255788564682007,0.0034269740926506725
sp|O95716|RAB3D_HUMAN,68036021.87042098,83709663.27506061,0.29885290812607873,0.0005255788564682007,0.0034269740926506725
sp|P08670|VIME_HUMAN,26280695122.59184,34454642481.63712,0.3553105284142255,0.0005255788564682007,0.0034269740926506725
sp|Q53GQ0|DHB12_HUMAN,16746974.060873104,12136154.970177487,-0.48426943883474965,0.0005255788564682007,0.0034269740926506725
sp|P61313|RL15_HUMAN,57636750.399376445,30038000.855787963,-1.072145055717632,0.0005255788564682007,0.0034269740926506725
sp|P00966|ASSY_HUMAN,541317761.0358444,852993802.9499058,0.6144626640768177,0.0005255788564682007,0.0034269740926506725
sp|P16930|FAAA_HUMAN,1437771856.8215582,2552851993.571943,0.6840991082050253,0.0005255788564682007,0.0034269740926506725
sp|Q63HR2|TNS2_HUMAN,22891148.219200153,17481635.918292943,-0.40741934459938606,0.0005255788564682007,0.0034269740926506725
sp|P08047|SP1_HUMAN,76032.96700039171,133457.62656765047,0.8949668451544287,0.0005255788564682007,0.0034269740926506725
sp|Q96C11|FGGY_HUMAN,5054586.379928631,7218343.492171851,0.507361102765225,0.0005255788564682007,0.0034269740926506725
sp|Q8WVE0|EFMT1_HUMAN,916628.6045748891,619747.0883802847,-0.48551910121327146,0.0005255788564682007,0.0034269740926506725
sp|P0CW20|LIMS4_HUMAN / sp|P0CW19|LIMS3_HUMAN,1941794.3643784267,1421884.4776830054,-0.5815630867967503,0.0005255788564682007,0.0034269740926506725
sp|O95299|NDUAA_HUMAN,25827238.791479807,19101532.008664526,-0.45318866441918576,0.0005255788564682007,0.0034269740926506725
sp|O14737|PDCD5_HUMAN,72256463.00360173,92015328.86028881,0.38961438295579637,0.0005255788564682007,0.0034269740926506725
sp|P55884|EIF3B_HUMAN,45411524.98196445,30369475.100357108,-0.6008627396150503,0.0005255788564682007,0.0034269740926506725
sp|P07602|SAP_HUMAN,35885277.462421425,57605960.724043034,0.6083055123746498,0.0005833879113197327,0.003674118879820731
sp|Q9BQ67|GRWD1_HUMAN,182256.42745682396,102435.28461965399,-2.013157295133861,0.0005833879113197327,0.003674118879820731
sp|P06865|HEXA_HUMAN,42681827.52626736,62831954.86684154,0.45401646322500017,0.0005833879113197327,0.003674118879820731
sp|Q13361|MFAP5_HUMAN,103792803.19523658,187662300.35459968,1.0190243670246644,0.0005833879113197327,0.003674118879820731
sp|P18621|RL17_HUMAN,48457108.1866497,20099306.6567635,-1.366722224777272,0.0005833879113197327,0.003674118879820731
sp|P18077|RL35A_HUMAN,47084411.54322442,19489715.392496705,-1.4851510381106503,0.0005833879113197327,0.003674118879820731
sp|P13674|P4HA1_HUMAN,24790611.57341477,19203825.454987552,-0.4130494075671357,0.0005833879113197327,0.003674118879820731
sp|P06703|S10A6_HUMAN,515705869.1292685,701916035.3930241,0.41480275467302125,0.0005833879113197327,0.003674118879820731
sp|P24539|AT5F1_HUMAN,44911383.793077126,32508667.398232903,-0.4917537553238183,0.0005833879113197327,0.003674118879820731
sp|Q99623|PHB2_HUMAN,135683213.25156865,91900603.27970937,-0.5493261818746211,0.0005833879113197327,0.003674118879820731
sp|Q02241|KIF23_HUMAN,4408924.480310576,8316291.203098392,0.6083034203817463,0.0005833879113197327,0.003674118879820731
sp|P23284|PPIB_HUMAN,126154052.74734202,90476164.82848248,-0.49593904263683175,0.0005833879113197327,0.003674118879820731
sp|P39060|COIA1_HUMAN,69336682.76753692,91322367.50891224,0.4140448855760751,0.0005833879113197327,0.003674118879820731
sp|P05556|ITB1_HUMAN,233328420.66392094,312921530.90730083,0.4247174377714927,0.0005833879113197327,0.003674118879820731
sp|P27105|STOM_HUMAN,91688462.49784207,140451716.61370265,0.5990283129641462,0.0005833879113197327,0.003674118879820731
sp|P40855|PEX19_HUMAN,11302702.188350435,15356097.242950456,0.46269194970714295,0.0005833879113197327,0.003674118879820731
sp|O95429|BAG4_HUMAN,435975.7408035151,1206812.686148928,1.1707911015118104,0.0005833879113197327,0.003674118879820731
sp|O95319|CELF2_HUMAN,45265304.95210083,34441542.75813521,-0.40453510915989316,0.0005833879113197327,0.003674118879820731
sp|P61254|RL26_HUMAN,57855337.49977305,24349076.764099088,-1.384992575991957,0.0005833879113197327,0.003674118879820731
sp|P55285|CADH6_HUMAN,3251074.165079225,4663035.835333126,0.4904650152487644,0.0005833879113197327,0.003674118879820731
sp|Q8IVF2|AHNK2_HUMAN,78729803.07232307,126973070.57992785,0.5798686744800426,0.0005833879113197327,0.003674118879820731
sp|O75381|PEX14_HUMAN,1008259.7371072375,1937842.9114568054,0.9193888108208678,0.0005833879113197327,0.003674118879820731
sp|Q92688|AN32B_HUMAN,70636400.09044082,32132543.148409575,-1.307715908549182,0.0005833879113197327,0.003674118879820731
sp|P49593|PPM1F_HUMAN,22218886.109013554,15111265.20115401,-0.6273648378527,0.0005833879113197327,0.003674118879820731
sp|Q9Y4P1|ATG4B_HUMAN,1653101.0635149193,889015.6253919229,-0.9049432242811574,0.0005833879113197327,0.003674118879820731
sp|Q9Y2J2|E41L3_HUMAN,127660634.74706724,103317074.78819911,-0.3201209235912647,0.0005833879113197327,0.003674118879820731
sp|Q15393|SF3B3_HUMAN,400525556.06015414,273943724.84119076,-0.5728462873180534,0.0006467849016189575,0.003964138879782091
sp|Q7Z5L9|I2BP2_HUMAN,7133913.906293121,5341279.757772843,-0.4643386273896787,0.0006467849016189575,0.003964138879782091
sp|P68402|PA1B2_HUMAN,116490045.00213495,85613701.29821126,-0.5082695935729573,0.0006467849016189575,0.003964138879782091
sp|P50135|HNMT_HUMAN,196011705.0839828,126849542.06927563,-0.6506638839214788,0.0006467849016189575,0.003964138879782091
sp|Q6UXH9|PAMR1_HUMAN,3405386.5456642737,2207467.9677029112,-0.6155032768347107,0.0006467849016189575,0.003964138879782091
sp|P17844|DDX5_HUMAN,169131381.235665,99212705.1174839,-0.8307415443846748,0.0006467849016189575,0.003964138879782091
sp|O60762|DPM1_HUMAN,658115.5687991718,305874.0667804634,-2.1363613043246574,0.0006467849016189575,0.003964138879782091
sp|P49207|RL34_HUMAN,33063312.028676294,13782344.458592888,-1.321197251728561,0.0006467849016189575,0.003964138879782091
sp|P0DJI8|SAA1_HUMAN,4353832.066071728,9243678.470194956,1.0230791530259533,0.0006467849016189575,0.003964138879782091
sp|Q5ZPR3|CD276_HUMAN,2928457.6966481428,4579520.495316851,0.5883983370113717,0.0006467849016189575,0.003964138879782091
sp|Q14157|UBP2L_HUMAN,24056903.634307016,33365422.172212083,0.46580276045658586,0.0006467849016189575,0.003964138879782091
sp|Q99439|CNN2_HUMAN,31984626.3059406,43838032.03040536,0.4005144665749821,0.0006467849016189575,0.003964138879782091
sp|P50914|RL14_HUMAN,133931001.049843,47495833.950446606,-1.6546580384776033,0.0006467849016189575,0.003964138879782091
sp|P42574|CASP3_HUMAN,15800783.583223218,24022453.538711943,0.6440172292604249,0.0006467849016189575,0.003964138879782091
sp|Q9H7C9|AAMDC_HUMAN,59676455.824672565,114925893.14203218,0.7481392097876354,0.0006467849016189575,0.003964138879782091
sp|P02746|C1QB_HUMAN,21084347.792806827,12568971.894636704,-0.7722158850834713,0.0006467849016189575,0.003964138879782091
sp|Q9Y624|JAM1_HUMAN,46217739.557507634,65446756.38254793,0.45659118344651783,0.0006467849016189575,0.003964138879782091
sp|O00267|SPT5H_HUMAN,3766259.85357784,2642697.718347855,-0.5352072183327605,0.0006467849016189575,0.003964138879782091
sp|P51857|AK1D1_HUMAN,75355175.46327266,202370304.57924166,1.420431132286982,0.0006467849016189575,0.003964138879782091
sp|P84095|RHOG_HUMAN,52135740.63881139,71242578.78408794,0.41496252346640333,0.0006467849016189575,0.003964138879782091
sp|Q8N1G2|CMTR1_HUMAN,369469.45646672236,158436.08401824953,-1.2181778115347106,0.0006467849016189575,0.003964138879782091
sp|Q15293|RCN1_HUMAN,50048641.605318464,30150576.053797517,-0.8026509201456602,0.0007162094116210938,0.0042696757346206565
sp|Q9HCE1|MOV10_HUMAN,1312680.5898272928,900358.2956014944,-0.8369637692960215,0.0007162094116210938,0.0042696757346206565
sp|P34896|GLYC_HUMAN,63694694.01664465,96990303.20288785,0.534923946597775,0.0007162094116210938,0.0042696757346206565
sp|Q92879|CELF1_HUMAN,13453279.356081128,9446211.076219134,-0.5280136407558822,0.0007162094116210938,0.0042696757346206565
sp|P18124|RL7_HUMAN,72740669.07330288,27765609.73361609,-1.3381278983312896,0.0007162094116210938,0.0042696757346206565
sp|Q9UM22|EPDR1_HUMAN,8447105.864699742,14395532.77259372,0.939976704826953,0.0007162094116210938,0.0042696757346206565
sp|P47929|LEG7_HUMAN,6025284.077463754,41599947.4969871,1.3447984207944323,0.0007162094116210938,0.0042696757346206565
sp|Q9Y600|CSAD_HUMAN,86272971.30735567,132809176.71993186,0.5086650566008574,0.0007162094116210938,0.0042696757346206565
sp|P52895|AK1C2_HUMAN,1287831335.521689,2843217739.462102,1.0912880094923358,0.0007162094116210938,0.0042696757346206565
sp|Q14980|NUMA1_HUMAN,92267526.94252773,72213799.21656589,-0.3306302974776746,0.0007162094116210938,0.0042696757346206565
sp|Q6EMK4|VASN_HUMAN,11237650.219217401,15246006.887027474,0.43539455780495034,0.0007162094116210938,0.0042696757346206565
sp|Q92890|UFD1_HUMAN,25216026.28515121,32363239.57757601,0.3080711271633932,0.0007162094116210938,0.0042696757346206565
sp|P68036|UB2L3_HUMAN,19827487.122336295,28390206.90739281,0.5129664254868505,0.0007162094116210938,0.0042696757346206565
sp|Q6UWE0|LRSM1_HUMAN,1398853.5746312763,2073357.1953463394,0.4526607395091075,0.0007162094116210938,0.0042696757346206565
sp|Q9H4X1|RGCC_HUMAN,1259056.1533456857,1849362.2558068656,0.5919777724563605,0.0007162094116210938,0.0042696757346206565
sp|Q07020|RL18_HUMAN,50012362.700864315,20922630.824242476,-1.413307171741968,0.0007162094116210938,0.0042696757346206565
sp|P84085|ARF5_HUMAN,46230032.14230077,57950389.50133459,0.31434344793842517,0.0007162094116210938,0.0042696757346206565
sp|P41227|NAA10_HUMAN,1570698.456494381,947319.2604520527,-0.8351615645944711,0.0007162094116210938,0.0042696757346206565
sp|Q8IXQ4|GPAM1_HUMAN,207823.47053623028,108928.00841174347,-1.3150170053973682,0.0007162094116210938,0.0042696757346206565
sp|Q96I59|SYNM_HUMAN,4981497.24640396,2976177.3181459466,-0.8108927347646675,0.0007162094116210938,0.0042696757346206565
sp|P02753|RET4_HUMAN / sp|RETBP_HUMAN|P02753,396377447.0499939,593092084.9849428,0.6511314190338355,0.0007162094116210938,0.0042696757346206565
sp|P42765|THIM_HUMAN,818606276.3095363,1069069358.5964497,0.3900336650806067,0.0007162094116210938,0.0042696757346206565
sp|Q7Z6M1|RABEK_HUMAN,15453904.049874544,23138792.00674751,0.4821196826236963,0.0007921457290649414,0.0046303378243394075
sp|Q9NP77|SSU72_HUMAN,2596370.240487528,1678382.5876309874,-0.7777668778035425,0.0007921457290649414,0.0046303378243394075
sp|P28066|PSA5_HUMAN,182837413.9230946,259684421.54715633,0.38626509353608224,0.0007921457290649414,0.0046303378243394075
sp|Q7L3T8|SYPM_HUMAN,624086.3260817126,472596.51015643484,-0.4560761056718036,0.0007921457290649414,0.0046303378243394075
sp|Q99470|SDF2_HUMAN,4167113.193862525,6528974.747573313,0.5027233611635212,0.0007921457290649414,0.0046303378243394075
sp|Q13405|RM49_HUMAN,3830833.42902794,2864300.6089649717,-0.6820529676604751,0.0007921457290649414,0.0046303378243394075
sp|Q13247|SRSF6_HUMAN,36025747.83912823,22568581.830530606,-0.6011060528430815,0.0007921457290649414,0.0046303378243394075
sp|P22105|TENX_HUMAN,232912159.45364848,171605185.00258848,-0.4609819552965426,0.0007921457290649414,0.0046303378243394075
sp|P10619|PPGB_HUMAN,20119194.68591834,27301998.141196497,0.38041935636220015,0.0007921457290649414,0.0046303378243394075
sp|O75131|CPNE3_HUMAN,37386720.96246602,27405212.215047542,-0.4689136759211995,0.0007921457290649414,0.0046303378243394075
sp|P28288|ABCD3_HUMAN,434123.4591885274,688562.8119400056,0.6049245260876501,0.0007921457290649414,0.0046303378243394075
sp|Q9Y5P6|GMPPB_HUMAN,45742014.20640534,36084204.72046744,-0.3378510335560856,0.0007921457290649414,0.0046303378243394075
sp|A5YM72|CRNS1_HUMAN,1262266.2261915144,783667.9966817818,-0.9773789781779427,0.0007921457290649414,0.0046303378243394075
sp|P09001|RM03_HUMAN,5989827.117374909,9153809.824127609,0.4773213066291043,0.0007921457290649414,0.0046303378243394075
sp|P05181|CP2E1_HUMAN,563952.8167245744,909190.0505287244,0.585932517644993,0.0007921457290649414,0.0046303378243394075
sp|P02745|C1QA_HUMAN,14213785.00586987,8918487.636234399,-0.5920487582279573,0.0007921457290649414,0.0046303378243394075
sp|Q8IXH6|T53I2_HUMAN,493809.0020483093,201769.72664178535,-1.9290493150626322,0.0008492294116545201,0.0049579707378710975
sp|P48304|REG1B_HUMAN / sp|P05451|REG1A_HUMAN,154178.47239175698,694085.4458080754,1.019390074700889,0.0008751451969146729,0.004981995017785902
sp|P35443|TSP4_HUMAN,6597318.449483584,9718014.29947844,0.5075809189982036,0.0008751451969146729,0.004981995017785902
sp|P78356|PI42B_HUMAN,22526517.37384485,13773898.189611178,-0.8407232131714251,0.0008751451969146729,0.004981995017785902
sp|Q8WTS1|ABHD5_HUMAN,12876775.026624192,20718537.479766935,0.4884992973229571,0.0008751451969146729,0.004981995017785902
sp|Q8WTS6|SETD7_HUMAN,20128792.479539845,12491147.062597454,-0.888945200338111,0.0008751451969146729,0.004981995017785902
sp|Q9UKU7|ACAD8_HUMAN,35790636.758588314,50573389.76377918,0.5026077625642501,0.0008751451969146729,0.004981995017785902
sp|P20618|PSB1_HUMAN,122515965.08082178,177726964.12800026,0.4391600484025929,0.0008751451969146729,0.004981995017785902
sp|O14964|HGS_HUMAN,16319870.324621772,19555304.70189936,0.26956002711239996,0.0008751451969146729,0.004981995017785902
sp|P50148|GNAQ_HUMAN,10241003.786943346,8325530.577064263,-0.33019574796538925,0.0008751451969146729,0.004981995017785902
sp|O75970|MPDZ_HUMAN,4231203.98760271,3000372.697776315,-0.5214254089120497,0.0008751451969146729,0.004981995017785902
sp|P49721|PSB2_HUMAN,193031148.0963733,266420788.7562785,0.38210649148214976,0.0008751451969146729,0.004981995017785902
sp|P26006|ITA3_HUMAN,6913881.371979328,11051898.654446596,0.46122092990187813,0.0008751451969146729,0.004981995017785902
sp|P63167|DYL1_HUMAN,31700693.25328674,26488274.21284887,-0.22880248994594257,0.0008751451969146729,0.004981995017785902
sp|P62888|RL30_HUMAN,89534780.16130455,43262557.11936421,-1.1665726811882566,0.0008751451969146729,0.004981995017785902
sp|Q6IAA8|LTOR1_HUMAN,12777823.47641121,18248815.565477,0.4881998699302927,0.0008751451969146729,0.004981995017785902
sp|P54920|SNAA_HUMAN,40004877.55472438,48628084.53639781,0.3005493935366649,0.0008751451969146729,0.004981995017785902
sp|Q15029|U5S1_HUMAN,110800105.3670764,85690496.73251514,-0.36805336682469647,0.0008751451969146729,0.004981995017785902
sp|P26373|RL13_HUMAN,78916741.60056339,36901512.31470636,-1.0805861719408891,0.0008751451969146729,0.004981995017785902
sp|Q15056|IF4H_HUMAN,49060643.05515107,72739155.36944501,0.4835892402542858,0.0008751451969146729,0.004981995017785902
sp|P42766|RL35_HUMAN,9228642.764631452,4951961.2018486615,-0.8524301066753501,0.0008751451969146729,0.004981995017785902
sp|P08631|HCK_HUMAN,66753346.00383903,53235684.41167227,-0.355331725838204,0.0008751451969146729,0.004981995017785902
sp|Q9UJY5|GGA1_HUMAN,239783.2721728263,440491.8138841102,0.8689183202004964,0.0009657368063926697,0.0053890359696260725
sp|P07333|CSF1R_HUMAN,5279246.894707771,8869645.3666472,0.5225696754349604,0.0009657368063926697,0.0053890359696260725
sp|P54136|SYRC_HUMAN,54391927.18249898,37268921.25250913,-0.5737218306883319,0.0009657368063926697,0.0053890359696260725
sp|Q9NVG8|TBC13_HUMAN,7042760.759681401,5035173.496628238,-0.5525091371623859,0.0009657368063926697,0.0053890359696260725
sp|Q9UNK0|STX8_HUMAN,30763731.005692106,43433861.9344903,0.47609073659878537,0.0009657368063926697,0.0053890359696260725
sp|P10586|PTPRF_HUMAN,52114541.79795517,41897687.19573673,-0.3427822990908643,0.0009657368063926697,0.0053890359696260725
sp|P60484|PTEN_HUMAN,2932154.436476729,1799191.6366503343,-0.7692846616508499,0.0009657368063926697,0.0053890359696260725
sp|Q9H0E2|TOLIP_HUMAN,27646362.83248886,36937243.74051138,0.3433178125685326,0.0009657368063926697,0.0053890359696260725
sp|O00170|AIP_HUMAN,10109484.222907463,6467572.454531471,-0.6358710541880498,0.0009657368063926697,0.0053890359696260725
sp|Q9UDW1|QCR9_HUMAN,1476943.1890087407,850997.8926474092,-0.7900049248804567,0.0009657368063926697,0.0053890359696260725
sp|P47224|MSS4_HUMAN,9053558.68315013,13462898.110807968,0.5016019264671465,0.0009657368063926697,0.0053890359696260725
sp|P61204|ARF3_HUMAN / sp|P84077|ARF1_HUMAN,104131661.32607031,128650871.62690236,0.27791183017863946,0.0009657368063926697,0.0053890359696260725
sp|Q4U2R6|RM51_HUMAN,877358.6760203036,599570.8430303233,-0.9648611036204784,0.0009657368063926697,0.0053890359696260725
sp|Q9BX97|PLVAP_HUMAN,1254264.753582082,1768529.6536942606,0.5438111662846644,0.0009657368063926697,0.0053890359696260725
sp|P53007|TXTP_HUMAN,55867004.180629395,44551827.53275549,-0.33833141952791096,0.0009657368063926697,0.0053890359696260725
sp|P29992|GNA11_HUMAN,12991604.23028241,10456432.73303591,-0.32963167000536764,0.0009657368063926697,0.0053890359696260725
sp|P62487|RPB7_HUMAN,8210943.023147499,6576001.4985167505,-0.34394106981748174,0.0009657368063926697,0.0053890359696260725
sp|O60506|HNRPQ_HUMAN,242290735.34597448,169859613.6949537,-0.5478799230009324,0.0010645166039466858,0.005778976450611024
sp|Q02878|RL6_HUMAN,119145406.23908916,53569672.233838014,-1.1928789618364466,0.0010645166039466858,0.005778976450611024
sp|Q9H8H3|MET7A_HUMAN,39609222.234305,26940534.648911316,-0.7101587834406641,0.0010645166039466858,0.005778976450611024
sp|P62910|RL32_HUMAN,10336972.47576453,4125258.4878091654,-1.2162374799220284,0.0010645166039466858,0.005778976450611024
sp|O75964|ATP5L_HUMAN,14877504.727328641,9596994.138931328,-0.6245797707753932,0.0010645166039466858,0.005778976450611024
sp|Q8TBE0|BAHD1_HUMAN,448850.33991704613,792592.0858090224,0.6719656252172037,0.0010645166039466858,0.005778976450611024
sp|Q15154|PCM1_HUMAN,1785131.0518897031,2703275.76249821,0.6260671732194246,0.0010645166039466858,0.005778976450611024
sp|Q13148|TADBP_HUMAN,17473158.563800175,10358092.979820965,-0.8823253283429534,0.0010645166039466858,0.005778976450611024
sp|P61353|RL27_HUMAN,80180330.2733274,36302359.89115846,-1.436545339266079,0.0010645166039466858,0.005778976450611024
sp|Q13555|KCC2G_HUMAN,36152662.61914419,25146940.728430677,-0.5554375737465256,0.0010645166039466858,0.005778976450611024
sp|P38919|IF4A3_HUMAN,39816433.67442978,24623617.988518994,-0.7490064348929285,0.0010645166039466858,0.005778976450611024
sp|Q04206|TF65_HUMAN,25828550.477258872,20752544.531985212,-0.32216827182909985,0.0010645166039466858,0.005778976450611024
sp|Q00325|MPCP_HUMAN,309053970.22513455,223027641.08294678,-0.4834140218752684,0.0010645166039466858,0.005778976450611024
sp|Q9NPG3|UBN1_HUMAN,1390742.0393659105,3260569.7607791754,0.7998484837954641,0.0010645166039466858,0.005778976450611024
sp|P60468|SC61B_HUMAN,863888.4392575708,423656.7861017136,-0.9622040189216895,0.0010645166039466858,0.005778976450611024
sp|Q16798|MAON_HUMAN,58231019.696045615,81101565.51452093,0.3877229743901466,0.0010645166039466858,0.005778976450611024
sp|P06702|S10A9_HUMAN,56703455.839998886,249000800.20886904,1.2127616931562601,0.0010645166039466858,0.005778976450611024
sp|Q6IB77|GLYAT_HUMAN,22922787.477931578,34142049.16111125,0.6114800130384107,0.0010645166039466858,0.005778976450611024
sp|P18206|VINC_HUMAN,1038932099.3429987,1513234557.8096821,0.525317710785979,0.0010645166039466858,0.005778976450611024
sp|Q13444|ADA15_HUMAN,1276919.975686015,1999005.3849521128,0.6390516489799178,0.0010645166039466858,0.005778976450611024
sp|Q8N8S7|ENAH_HUMAN,31591202.820677906,40723283.42615243,0.3705549862153966,0.0010645166039466858,0.005778976450611024
sp|Q9BR76|COR1B_HUMAN,352453796.13995713,261525555.48220322,-0.5490330354720889,0.0010645166039466858,0.005778976450611024
sp|Q01433|AMPD2_HUMAN,190672028.4256942,152036519.1340471,-0.33814991567267494,0.0010645166039466858,0.005778976450611024
sp|Q9NSE4|SYIM_HUMAN,174251043.32167393,130673573.58688053,-0.48596428003446096,0.0010645166039466858,0.005778976450611024
sp|Q96C86|DCPS_HUMAN,3667866.3402952636,2151497.7523658336,-0.815685362743271,0.0011721327900886536,0.006222417322605585
sp|P11182|ODB2_HUMAN,24864856.646110576,20296235.60411839,-0.3212350892871574,0.0011721327900886536,0.006222417322605585
sp|O00203|AP3B1_HUMAN,3879057.0460600187,2876167.669927649,-0.49932564210796737,0.0011721327900886536,0.006222417322605585
sp|O15389|SIGL5_HUMAN / sp|Q08ET2|SIG14_HUMAN,2651835.946425342,3505212.675527405,0.43038659780856026,0.0011721327900886536,0.006222417322605585
sp|Q04727|TLE4_HUMAN / sp|Q04724|TLE1_HUMAN,1895688.0615413168,1431463.4858702428,-0.4626679797811712,0.0011721327900886536,0.006222417322605585
sp|Q8TD30|ALAT2_HUMAN,58356017.944272645,46107861.313826226,-0.3605201295082067,0.0011721327900886536,0.006222417322605585
sp|P84098|RL19_HUMAN,19124692.313535444,11509905.474932676,-0.7191525893465751,0.0011721327900886536,0.006222417322605585
sp|P61006|RAB8A_HUMAN,115493814.11159499,143689442.1284503,0.2896596013075034,0.0011721327900886536,0.006222417322605585
sp|Q13263|TIF1B_HUMAN,33809634.446097896,25560462.43879527,-0.41425461795346064,0.0011721327900886536,0.006222417322605585
sp|Q9NVJ2|ARL8B_HUMAN,9863720.995828073,13241388.148473231,0.3816145676387034,0.0011721327900886536,0.006222417322605585
sp|Q6YP21|KAT3_HUMAN,96379143.75723316,121662006.24049021,0.3898533201490819,0.0011721327900886536,0.006222417322605585
sp|Q9UPU7|TBD2B_HUMAN,7593819.689766408,10873015.241973985,0.44118165493782197,0.0011721327900886536,0.006222417322605585
sp|P49760|CLK2_HUMAN,1910438.8611638981,976085.5707139856,-1.1554245667177463,0.0011721327900886536,0.006222417322605585
sp|Q7L1Q6|BZW1_HUMAN,4012373.4364433954,8098518.948377507,1.4222204779812395,0.0011721327900886536,0.006222417322605585
sp|Q01813|PFKAP_HUMAN,92909749.79060009,66547017.81295555,-0.5333575473384108,0.0011721327900886536,0.006222417322605585
sp|P51808|DYLT3_HUMAN,15589247.053177152,21408978.71128888,0.45479860423394997,0.0011721327900886536,0.006222417322605585
sp|Q9H7E2|TDRD3_HUMAN,34843082.71577678,62756583.09468763,0.6558461778837753,0.0011721327900886536,0.006222417322605585
sp|Q02543|RL18A_HUMAN,51757451.0955636,21190492.846005328,-1.3951069805760639,0.0011721327900886536,0.006222417322605585
sp|P49821|NDUV1_HUMAN,140575128.0741529,185478603.3323455,0.30663700700286434,0.0011721327900886536,0.006222417322605585
sp|O60925|PFD1_HUMAN,42053945.18586455,54780234.833847165,0.3971748550998286,0.0011721327900886536,0.006222417322605585
sp|P17568|NDUB7_HUMAN,1436964.1262512326,1017428.0245237788,-0.4733720552621713,0.0012892335653305054,0.006695921948074778
sp|P56134|ATPK_HUMAN,29493519.321736425,23171128.758660447,-0.3761610352041473,0.0012892335653305054,0.006695921948074778
sp|P61225|RAP2B_HUMAN,3286453.1347776307,4392423.162008513,0.36167455394023584,0.0012892335653305054,0.006695921948074778
sp|P18085|ARF4_HUMAN,50976482.39629142,63015418.50006361,0.29590120932866426,0.0012892335653305054,0.006695921948074778
sp|Q9UKY3|CES1P_HUMAN,480619513.45721334,809592132.8450204,0.7537288954347676,0.0012892335653305054,0.006695921948074778
sp|P47756|CAPZB_HUMAN,237275391.75133845,188268111.07146874,-0.4341326195901856,0.0012892335653305054,0.006695921948074778
sp|P34949|MPI_HUMAN,65479644.44994344,50477964.10630785,-0.4352482070619535,0.0012892335653305054,0.006695921948074778
sp|P04275|VWF_HUMAN,481182562.7988204,599446806.0896026,0.33177180526200384,0.0012892335653305054,0.006695921948074778
sp|P62913|RL11_HUMAN,49733996.63295544,24884022.3326782,-0.9983138065099213,0.0012892335653305054,0.006695921948074778
sp|Q8NBL1|PGLT1_HUMAN,993149.5419559799,674038.2518365819,-0.6428074549886821,0.0012892335653305054,0.006695921948074778
sp|Q16595|FRDA_HUMAN,53061533.12271635,68863626.31999263,0.3075948704874966,0.0012892335653305054,0.006695921948074778
sp|P08238|HS90B_HUMAN,263582803.6173408,167614025.99218148,-0.7547575848517178,0.0012892335653305054,0.006695921948074778
sp|O95782|AP2A1_HUMAN,47860403.75750231,37513754.62097098,-0.3499504499550076,0.0012892335653305054,0.006695921948074778
sp|P22897|MRC1_HUMAN,110471866.65519199,79501099.20866987,-0.48868737978252863,0.0012892335653305054,0.006695921948074778
sp|P07686|HEXB_HUMAN,102937226.6687844,160736742.12615737,0.508992374253514,0.0012892335653305054,0.006695921948074778
sp|Q8NFP9|NBEA_HUMAN,6371300.367919916,11901864.525261808,0.8976435040833752,0.0012892335653305054,0.006695921948074778
sp|P26368|U2AF2_HUMAN,23431705.990091767,17036518.630648855,-0.49259729046545,0.0012892335653305054,0.006695921948074778
sp|P45984|MK09_HUMAN,10417489.186012061,8099098.201422768,-0.38683587048910345,0.0012892335653305054,0.006695921948074778
sp|Q9HBL0|TENS1_HUMAN,345886976.0887308,439759965.1948505,0.33172473912820727,0.0012892335653305054,0.006695921948074778
sp|Q9H0U4|RAB1B_HUMAN,170427582.9092714,217409962.3800058,0.34035892791268935,0.0012892335653305054,0.006695921948074778
sp|P23946|CMA1_HUMAN,89202138.14049555,49287714.07559739,-0.894368087018386,0.001416526734828949,0.007155696632046449
sp|O14561|ACPM_HUMAN,212644.2489906613,384067.878504204,1.5945702287932602,0.001416526734828949,0.007155696632046449
sp|Q9UNZ2|NSF1C_HUMAN,135905113.54570493,171211681.23635224,0.31419407179860376,0.001416526734828949,0.007155696632046449
sp|P52888|THOP1_HUMAN,34817085.26696908,43397506.3216154,0.28917122979125676,0.001416526734828949,0.007155696632046449
sp|P19367|HXK1_HUMAN,173642117.55874905,210439708.3996169,0.31220043242262463,0.001416526734828949,0.007155696632046449
sp|P40939|ECHA_HUMAN,316487324.53722095,217902358.97334522,-0.6265646977064071,0.001416526734828949,0.007155696632046449
sp|Q9UMS4|PRP19_HUMAN,12924048.836150333,9746057.73506833,-0.4210261937501571,0.001416526734828949,0.007155696632046449
sp|Q8TDQ0|HAVR2_HUMAN,1468328.5096821666,2365626.4565883335,0.5711231777157221,0.001416526734828949,0.007155696632046449
sp|P63244|RACK1_HUMAN,306343572.59726954,220689060.64964676,-0.5754539537036175,0.001416526734828949,0.007155696632046449
sp|Q7Z5L7|PODN_HUMAN,8160318.017396676,4780285.088396711,-0.8513282096352249,0.001416526734828949,0.007155696632046449
sp|O75844|FACE1_HUMAN,107492.00112534125,173785.84734352102,0.6653218301309639,0.001416526734828949,0.007155696632046449
sp|P55084|ECHB_HUMAN,266831505.20131287,185919202.62842754,-0.6219469415456996,0.001416526734828949,0.007155696632046449
sp|P06727|APOA4_HUMAN,790750057.6697189,1362054020.1510358,0.859640793241839,0.001416526734828949,0.007155696632046449
sp|P63151|2ABA_HUMAN,21903009.470684204,17084640.17296361,-0.35284363312694617,0.001416526734828949,0.007155696632046449
sp|Q53QV2|LBH_HUMAN,1888728.0628549948,945358.2430850763,-1.2060639999778715,0.001416526734828949,0.007155696632046449
sp|Q15847|ADIRF_HUMAN,89639622.04258387,117144265.33983834,0.4995494618712963,0.001416526734828949,0.007155696632046449
sp|Q96CW1|AP2M1_HUMAN,29876099.039774656,21046254.158061456,-0.5289113638805961,0.001416526734828949,0.007155696632046449
sp|Q7Z434|MAVS_HUMAN,1466607.0606606554,2220943.4207165935,0.6226894894775963,0.001416526734828949,0.007155696632046449
sp|Q9P0J1|PDP1_HUMAN,14266339.042209374,11058441.943021595,-0.4068867596876182,0.001416526734828949,0.007155696632046449
sp|P49720|PSB3_HUMAN,185300863.41928238,259439344.35359433,0.39764402208711097,0.001416526734828949,0.007155696632046449
sp|Q9UBG0|MRC2_HUMAN,42195517.276336096,32984713.675847344,-0.4285300558957462,0.001416526734828949,0.007155696632046449
sp|Q9Y4H2|IRS2_HUMAN,1674079.4242223084,2451281.77525784,0.6275435196401963,0.001416526734828949,0.007155696632046449
sp|P50402|EMD_HUMAN,7206779.060405426,8964282.51010705,0.32876128803777466,0.001416526734828949,0.007155696632046449
sp|Q8NEV1|CSK23_HUMAN / sp|P68400|CSK21_HUMAN,14705831.891295034,11103720.05811915,-0.44014560932959323,0.001416526734828949,0.007155696632046449
sp|Q13427|PPIG_HUMAN,2443810.6923665702,1567689.6386229845,-0.7107055933309072,0.001416526734828949,0.007155696632046449
sp|P19388|RPAB1_HUMAN,1801947.6603872601,1146940.7022434624,-0.7705522582943148,0.001416526734828949,0.007155696632046449
sp|Q6P587|FAHD1_HUMAN,71104662.33942379,103096900.82239406,0.45795091073359273,0.0015547871589660645,0.007700127529286009
sp|Q9H3G5|CPVL_HUMAN,24779432.329242457,18260549.568061657,-0.4399545849046142,0.0015547871589660645,0.007700127529286009
sp|P09619|PGFRB_HUMAN,20671831.135596406,15691636.001255525,-0.41762098346533555,0.0015547871589660645,0.007700127529286009
sp|Q15691|MARE1_HUMAN,12845661.359279152,17223959.00610569,0.3719257079858106,0.0015547871589660645,0.007700127529286009
sp|Q92835|SHIP1_HUMAN,1281801.9766146727,980307.7340301593,-0.5496983260858429,0.0015547871589660645,0.007700127529286009
sp|Q9UHD8|SEPT9_HUMAN,149373666.69186357,107052764.70373644,-0.4161155433984,0.0015547871589660645,0.007700127529286009
sp|Q99614|TTC1_HUMAN,9948550.850690736,12178167.759300802,0.28760427974203256,0.0015547871589660645,0.007700127529286009
sp|Q9BQI0|AIF1L_HUMAN,6164183.457400402,8151788.885800901,0.4408694631996929,0.0015547871589660645,0.007700127529286009
sp|P17900|SAP3_HUMAN,29986590.48228908,44580197.34963258,0.5779513836032569,0.0015547871589660645,0.007700127529286009
sp|P31943|HNRH1_HUMAN,208610111.50589603,145445778.8485539,-0.609605301355293,0.0015547871589660645,0.007700127529286009
sp|Q13185|CBX3_HUMAN,25330906.66983476,19623110.154012322,-0.3866021239243966,0.0015547871589660645,0.007700127529286009
sp|P12110|CO6A2_HUMAN,55237596.3141185,99044987.96791203,0.7213897627207747,0.0015547871589660645,0.007700127529286009
sp|Q14151|SAFB2_HUMAN,4724298.547415997,3570188.823903848,-0.3832733659156245,0.0015547871589660645,0.007700127529286009
sp|Q9UQ03|COR2B_HUMAN,3449611.110165144,5013906.565952663,0.41866379430588907,0.0015547871589660645,0.007700127529286009
sp|P04075|ALDOA_HUMAN,1639716690.1299136,2261757911.2577996,0.43312508569564223,0.0015547871589660645,0.007700127529286009
sp|P16278|BGAL_HUMAN,62057841.90065201,103815830.05661641,0.5331143094380962,0.0015547871589660645,0.007700127529286009
sp|P28330|ACADL_HUMAN,84693222.22633097,97915030.72910525,0.47359992503582166,0.0015547871589660645,0.007700127529286009
sp|Q9H477|RBSK_HUMAN,15143112.365997914,22232517.43934601,0.49601571594202465,0.0015547871589660645,0.007700127529286009
sp|Q8WUM4|PDC6I_HUMAN,10099596.623391693,13129063.561609495,0.3480168841693751,0.0015547871589660645,0.007700127529286009
sp|P48637|GSHB_HUMAN,296494375.1367167,386592471.40657806,0.3398336891105786,0.0017047896981239319,0.008255586035617305
sp|P63096|GNAI1_HUMAN,113872125.70471983,89886540.66851567,-0.37348547574329644,0.0017047896981239319,0.008255586035617305
sp|Q9BT73|PSMG3_HUMAN,15702854.635905737,19598111.86117294,0.3172470952212322,0.0017047896981239319,0.008255586035617305
sp|P62318|SMD3_HUMAN,73897993.13253976,52265318.657741785,-0.510989305109457,0.0017047896981239319,0.008255586035617305
sp|P10155|RO60_HUMAN,145282351.9888079,113089536.28357099,-0.4373482023284681,0.0017047896981239319,0.008255586035617305
sp|Q96E17|RAB3C_HUMAN,66483669.869275786,78700822.9970164,0.24092989979209295,0.0017047896981239319,0.008255586035617305
sp|Q9Y2G1|MYRF_HUMAN,4908721.729029172,6445423.656668821,0.39019000177578916,0.0017047896981239319,0.008255586035617305
sp|Q9BYT8|NEUL_HUMAN,15766179.610187486,26943411.16654885,0.6158694727389751,0.0017047896981239319,0.008255586035617305
sp|P81605|DCD_HUMAN,978797.9266226616,2649432.0982786706,0.9683161950677501,0.0017047896981239319,0.008255586035617305
sp|P07900|HS90A_HUMAN,323023974.8393317,199488718.8255911,-0.808877014620378,0.0017047896981239319,0.008255586035617305
sp|Q13485|SMAD4_HUMAN,5962135.003775532,4273184.684528836,-1.1728346817243605,0.0017047896981239319,0.008255586035617305
sp|Q9NUM4|T106B_HUMAN,3651784.5109136277,4622597.999922653,0.3338736787870034,0.0017047896981239319,0.008255586035617305
sp|Q99424|ACOX2_HUMAN,23765388.58689629,31782514.147216238,0.37520158324008585,0.0017047896981239319,0.008255586035617305
sp|Q6L8Q7|PDE12_HUMAN,18144102.545717232,11688039.097817812,-0.718420554701325,0.0017047896981239319,0.008255586035617305
sp|O60610|DIAP1_HUMAN,1183529.6031665711,2948121.070984769,0.5326975031657178,0.0017047896981239319,0.008255586035617305
sp|Q13326|SGCG_HUMAN,17979901.024476964,28639604.089633368,0.6940217412802537,0.0017047896981239319,0.008255586035617305
sp|P24592|IBP6_HUMAN,7602305.683017748,12175904.937672978,0.563802675998889,0.0017047896981239319,0.008255586035617305
sp|Q02252|MMSA_HUMAN,520685730.6761812,332554029.0064468,-0.9330306803037143,0.0017047896981239319,0.008255586035617305
sp|Q9HC38|GLOD4_HUMAN,256191607.80376697,191787296.5572802,-0.6290572975097108,0.0017047896981239319,0.008255586035617305
sp|Q7Z4G4|TRM11_HUMAN,698615.9785435854,1486451.6015189444,0.9287693628255292,0.0017047896981239319,0.008255586035617305
sp|P33908|MA1A1_HUMAN,4615127.938147451,5852930.840993454,0.30871352492970366,0.0017047896981239319,0.008255586035617305
sp|Q49A26|GLYR1_HUMAN,2303984.153529931,1611234.7453300364,-0.534358239954618,0.0017047896981239319,0.008255586035617305
sp|Q9BWH2|FUND2_HUMAN,1409806.9380682039,2063492.9593020438,0.5383663608842143,0.0018673688173294067,0.008811703986591764
sp|O14949|QCR8_HUMAN,3265366.3599492754,2350567.974528045,-0.4934392676999429,0.0018673688173294067,0.008811703986591764
sp|Q7L266|ASGL1_HUMAN,6357346.946028011,10222165.363473488,0.5619991862585962,0.0018673688173294067,0.008811703986591764
sp|P02652|APOA2_HUMAN,167115560.83423015,270094782.29799676,0.514635096279157,0.0018673688173294067,0.008811703986591764
sp|P11215|ITAM_HUMAN,14154557.173775863,22249170.054314885,0.5812873974130931,0.0018673688173294067,0.008811703986591764
sp|O15371|EIF3D_HUMAN,71186885.98034169,49692950.27486432,-0.612882809807486,0.0018673688173294067,0.008811703986591764
sp|Q9NRX5|SERC1_HUMAN,668555.5373054005,1053136.3529249541,0.5184754884763964,0.0018673688173294067,0.008811703986591764
sp|Q9P2Y5|UVRAG_HUMAN,2087930.3595432753,2859230.416679482,0.46284962322118556,0.0018673688173294067,0.008811703986591764
sp|P49591|SYSC_HUMAN,44067323.452455215,34324577.404935256,-0.40194496012456776,0.0018673688173294067,0.008811703986591764
sp|P41271|NBL1_HUMAN,1088203.787564268,8846395.987642635,1.7610477952402037,0.0018673688173294067,0.008811703986591764
sp|P51571|SSRD_HUMAN,3200766.908652689,2001895.4967056366,-0.6111520601988109,0.0018673688173294067,0.008811703986591764
sp|O95169|NDUB8_HUMAN,1771539.6803106093,1248756.7933126523,-0.810035403810707,0.0018673688173294067,0.008811703986591764
sp|P46939|UTRN_HUMAN,160709845.24779367,186397673.5017055,0.2204757212410968,0.0018673688173294067,0.008811703986591764
sp|P13693|TCTP_HUMAN,45114438.95651466,54758302.33026056,0.27937451663669616,0.0018673688173294067,0.008811703986591764
sp|Q9BQ69|MACD1_HUMAN,7886392.272106752,4504760.202093126,-1.0428561749187317,0.0018673688173294067,0.008811703986591764
sp|Q15493|RGN_HUMAN,36496071.78123248,60441265.557168126,0.7114864247755603,0.0018673688173294067,0.008811703986591764
sp|P51888|PRELP_HUMAN,1299926560.8622947,991387893.5015705,-0.5047722056502685,0.0018673688173294067,0.008811703986591764
sp|Q92945|FUBP2_HUMAN,134773533.06863782,103977804.15272121,-0.4074080546885607,0.0018673688173294067,0.008811703986591764
sp|Q96CD2|COAC_HUMAN,4858027.5346260695,6098139.612975217,0.32254903833597864,0.0018673688173294067,0.008811703986591764
sp|P51991|ROA3_HUMAN,101212032.62063454,71090081.89132354,-0.5235202377565713,0.0018673688173294067,0.008811703986591764
sp|Q6DKI1|RL7L_HUMAN,6425449.21523488,2411884.0043815817,-1.615378430402907,0.0018673688173294067,0.008811703986591764
sp|Q9HBW9|AGRL4_HUMAN,2505982.039188251,3646500.4511729293,0.6033250974504037,0.0018673688173294067,0.008811703986591764
sp|Q8ND24|RN214_HUMAN,2128508.445545704,4256629.018180817,0.8573408040280499,0.0018673688173294067,0.008811703986591764
sp|P62072|TIM10_HUMAN,4723821.523948087,6042973.425560418,0.444789649819525,0.0018673688173294067,0.008811703986591764
sp|Q00796|DHSO_HUMAN,73366238.13225204,62588778.44660784,-0.25290214231928226,0.0018673688173294067,0.008811703986591764
sp|Q8NDI1|EHBP1_HUMAN,2257466.740536751,3209789.182830679,0.4543953542447395,0.0018673688173294067,0.008811703986591764
sp|A0FGR8|ESYT2_HUMAN,31792529.760635175,23634312.430634327,-0.43446321300657836,0.0020434409379959106,0.009493197542538603
sp|O60547|GMDS_HUMAN,46079164.68210123,61017359.37568921,0.3436887111933678,0.0020434409379959106,0.009493197542538603
sp|Q99848|EBP2_HUMAN,356542.0587886178,715572.3595808573,-4.798916964219693,0.0020434409379959106,0.009493197542538603
sp|P62807|H2B1C_HUMAN / sp|P58876|H2B1D_HUMAN / sp|Q99880|H2B1L_HUMAN / sp|Q99879|H2B1M_HUMAN / sp|Q93079|H2B1H_HUMAN / sp|Q99877|H2B1N_HUMAN / sp|Q5QNW6|H2B2F_HUMAN,436368836.6356535,251664805.27616033,-1.015478893911739,0.0020434409379959106,0.009493197542538603
sp|P01040|CYTA_HUMAN,6545415.817347759,11914216.07370584,0.7188895706325609,0.0020434409379959106,0.009493197542538603
sp|A5D8V7|ODAD3_HUMAN,579408.4500930462,1442447.1300624625,0.41908764878283533,0.0020434409379959106,0.009493197542538603
sp|P02647|APOA1_HUMAN,6267958859.090144,11201861238.514807,0.8121784771079321,0.0020434409379959106,0.009493197542538603
sp|Q92558|WASF1_HUMAN,88995139.40515807,176957329.9371203,0.7508397754501607,0.0020434409379959106,0.009493197542538603
sp|O43399|TPD54_HUMAN,86846770.30415845,116581544.8802972,0.4352406028018608,0.0020434409379959106,0.009493197542538603
sp|P33778|H2B1B_HUMAN / sp|Q16778|H2B2E_HUMAN / sp|P23527|H2B1O_HUMAN,417529560.5213446,235923084.31052595,-0.9882043287913176,0.0020434409379959106,0.009493197542538603
sp|Q9P270|SLAI2_HUMAN,7925814.382797251,10651480.624471184,0.3845843860976575,0.0020434409379959106,0.009493197542538603
sp|P10620|MGST1_HUMAN,58116353.61888126,34911312.97889005,-1.064532283626529,0.0020434409379959106,0.009493197542538603
sp|P02462|CO4A1_HUMAN,29588687.051184963,45764838.20715922,0.6480005893035355,0.0020434409379959106,0.009493197542538603
sp|Q9H7C4|SYNCI_HUMAN,2072314.5447465777,3194534.717479486,0.7340123972078286,0.0020434409379959106,0.009493197542538603
sp|Q12765|SCRN1_HUMAN,52988837.28666836,39914990.4627908,-0.4932237128311498,0.0020434409379959106,0.009493197542538603
sp|Q9P0J7|KCMF1_HUMAN,1115836.972188126,1645002.9997915563,0.5182775189534928,0.0020434409379959106,0.009493197542538603
sp|P55060|XPO2_HUMAN,165354654.0239522,90091649.31130102,-1.0537234878027393,0.0022339224815368652,0.010104235616301053
sp|Q96QU6|1A1L1_HUMAN,1397206.1390952917,1219268.760100181,0.6975798276487749,0.0022339224815368652,0.010104235616301053
sp|Q9BWT6|MND1_HUMAN,746298.8643895437,362931.6533352965,-1.8317540457738544,0.0022339224815368652,0.010104235616301053
sp|Q12959|DLG1_HUMAN,21082466.536689866,17200478.514103018,-0.3101108308604466,0.0022339224815368652,0.010104235616301053
sp|Q9UMS0|NFU1_HUMAN,10507012.615356702,14379324.440281315,0.488200999917053,0.0022339224815368652,0.010104235616301053
sp|O60568|PLOD3_HUMAN,19373290.961628634,13770993.179960234,-0.5021519167039609,0.0022339224815368652,0.010104235616301053
sp|P23229|ITA6_HUMAN,10982133.628596485,15240474.968409639,0.4364602221115466,0.0022339224815368652,0.010104235616301053
sp|Q99766|ATP5S_HUMAN,1069743.8967704321,1748474.4232865204,0.6611931227828467,0.0022339224815368652,0.010104235616301053
sp|P49773|HINT1_HUMAN,122802169.39366491,149321890.724403,0.2506328168785713,0.0022339224815368652,0.010104235616301053
sp|P43686|PRS6B_HUMAN,44238160.541496456,66407004.43085043,0.4994998555748388,0.0022339224815368652,0.010104235616301053
sp|A0A087WT02|TVA92_HUMAN,3487377.06276919,6077345.245614982,0.5789240578026574,0.0022339224815368652,0.010104235616301053
sp|Q9Y6K9|NEMO_HUMAN,18647260.219551213,22530364.150295738,0.2825934826155004,0.0022339224815368652,0.010104235616301053
sp|Q86V88|MGDP1_HUMAN,3350153.189758697,2461539.91983255,-0.5860142419595499,0.0022339224815368652,0.010104235616301053
sp|Q92576|PHF3_HUMAN,1813770.759017213,5455225.828533781,1.5885705338655964,0.0022339224815368652,0.010104235616301053
sp|Q13277|STX3_HUMAN,7871180.20845163,11387174.532329794,0.5791041086613005,0.0022339224815368652,0.010104235616301053
sp|Q9GZP4|PITH1_HUMAN,62352036.024193175,82434541.7178404,0.3965761761215288,0.0022339224815368652,0.010104235616301053
sp|Q32P44|EMAL3_HUMAN,30240904.633628897,24038352.06734013,-0.38068787138741467,0.0022339224815368652,0.010104235616301053
sp|Q96HN2|SAHH3_HUMAN,67361292.03574221,43472610.427584425,-0.5924200863530639,0.0022339224815368652,0.010104235616301053
sp|P50281|MMP14_HUMAN,2306433.5915498035,3564936.0220061983,0.5305516038971142,0.0022339224815368652,0.010104235616301053
sp|Q8WWB7|GLMP_HUMAN,2950287.788356998,3904936.711690811,0.34058377685868596,0.0022339224815368652,0.010104235616301053
sp|O00193|SMAP_HUMAN,3033067.9025772363,1830644.8418375181,-0.6438010152740752,0.0022339224815368652,0.010104235616301053
sp|P21333|FLNA_HUMAN,1797152519.7372441,1119678454.12875,-0.6657131909195434,0.0022339224815368652,0.010104235616301053
sp|Q96PK6|RBM14_HUMAN,7055126.472902444,4343994.335883479,-0.7019776878912712,0.0022339224815368652,0.010104235616301053
sp|Q9UBI6|GBG12_HUMAN,19923013.737473775,14700049.014791582,-0.5435067055767856,0.0022339224815368652,0.010104235616301053
sp|Q8TD19|NEK9_HUMAN,28167362.874865185,21473530.212142102,-0.4436777766176216,0.0022339224815368652,0.010104235616301053
sp|P22314|UBA1_HUMAN,635430086.1348952,423872195.82698375,-0.7978847614980606,0.0022339224815368652,0.010104235616301053
sp|Q8TCS8|PNPT1_HUMAN,11582355.249967862,8720561.104745392,-0.49792503180364645,0.0022339224815368652,0.010104235616301053
sp|Q9NX55|HYPK_HUMAN,6261696.426455566,7932464.334907955,0.3579902931272038,0.0022339224815368652,0.010104235616301053
sp|O14735|CDIPT_HUMAN,139388.63607545526,53227.189936675364,-2.535827913952528,0.0024397894740104675,0.010771434853519994
sp|Q6GMV3|PTRD1_HUMAN,206856462.7526577,280093746.54414696,0.5053979041024431,0.0024397894740104675,0.010771434853519994
sp|Q9BUT1|BDH2_HUMAN,126697029.81290941,85793629.90470564,-0.6607946439973855,0.0024397894740104675,0.010771434853519994
sp|Q96RP9|EFGM_HUMAN,20762978.346258733,15758336.800707811,-0.4565098238622999,0.0024397894740104675,0.010771434853519994
sp|P00403|COX2_HUMAN,25609122.60710755,17184777.78851932,-0.5989938833143106,0.0024397894740104675,0.010771434853519994
sp|O14772|FPGT_HUMAN,7203429.424396158,5712327.244229498,-0.4118559852340646,0.0024397894740104675,0.010771434853519994
sp|O43657|TSN6_HUMAN,462391.5809463247,715594.1711526188,0.5371823685157177,0.0024397894740104675,0.010771434853519994
sp|O95149|SPN1_HUMAN,647764.5637238657,410386.4574556336,-1.2080933490609467,0.0024397894740104675,0.010771434853519994
sp|P07195|LDHB_HUMAN,8041285658.192515,10319484762.545244,0.36238600223621414,0.0024397894740104675,0.010771434853519994
sp|Q06418|TYRO3_HUMAN,1678994.572662719,2484298.753548805,0.6003797557193499,0.0024397894740104675,0.010771434853519994
sp|Q14728|MFS10_HUMAN,796282.9657462996,412537.15588034195,-2.184594266320261,0.0024397894740104675,0.010771434853519994
sp|Q16836|HCDH_HUMAN,743493437.2138959,582305304.9801725,-0.4016708603008111,0.0024397894740104675,0.010771434853519994
sp|P05107|ITB2_HUMAN,20475138.304479647,33229484.79923841,0.5225093164074616,0.0024397894740104675,0.010771434853519994
sp|P31040|SDHA_HUMAN,218858204.81918877,293344617.3507325,0.3747395686866784,0.0024397894740104675,0.010771434853519994
sp|Q8TCC3|RM30_HUMAN,4451646.126435568,8295124.234733208,1.6044976469397356,0.0024397894740104675,0.010771434853519994
sp|Q8WUW1|BRK1_HUMAN,905624.1246246519,1335709.6318800377,0.4690659658602323,0.0024397894740104675,0.010771434853519994
sp|P05067|A4_HUMAN,547139.3603965013,376018.05009011057,-0.6557375519241893,0.0024397894740104675,0.010771434853519994
sp|Q05707|COEA1_HUMAN,187850568.09808925,117744711.81904353,-0.7576265593751321,0.0024397894740104675,0.010771434853519994
sp|Q8TDI0|CHD5_HUMAN,6680928.285163039,9245715.928285664,0.5079041322601429,0.0024397894740104675,0.010771434853519994
sp|Q8N2H3|PYRD2_HUMAN,23158161.106808662,34523782.62178374,0.5138505375191608,0.0024397894740104675,0.010771434853519994
sp|P49588|SYAC_HUMAN,125941565.44283926,91546225.90547666,-0.5746080017143889,0.0024397894740104675,0.010771434853519994
sp|O60551|NMT2_HUMAN,1281467962.5440516,1632968260.712188,0.31505687501814666,0.0024397894740104675,0.010771434853519994
sp|P18859|ATP5J_HUMAN,24835540.574403804,35348628.92350939,0.7336558450477607,0.0024397894740104675,0.010771434853519994
sp|P35237|SPB6_HUMAN,466415208.02870065,366252568.72636664,-0.4411916178780603,0.0024397894740104675,0.010771434853519994
sp|Q9NQR4|NIT2_HUMAN,272584426.21175086,397805726.40654165,0.3598801145604465,0.0024397894740104675,0.010771434853519994
sp|Q9NQP4|PFD4_HUMAN,12222861.191067493,16210378.10738957,0.3890738129510109,0.0024397894740104675,0.010771434853519994
sp|Q8WUH6|TM263_HUMAN,3003067.783514425,4181918.9090115563,0.41713912085763216,0.0026621222496032715,0.011437354230838047
sp|Q12849|GRSF1_HUMAN,1676078.4417470207,1077024.6287834183,-0.7912922309526281,0.0026621222496032715,0.011437354230838047
sp|P04114|APOB_HUMAN,61697662.69601231,111057846.84592839,0.5769272551370931,0.0026621222496032715,0.011437354230838047
sp|P40925|MDHC_HUMAN,3329234654.533479,4936400998.727755,0.437412035705261,0.0026621222496032715,0.011437354230838047
sp|Q9Y608|LRRF2_HUMAN,4780536.024959815,7201456.0672368305,0.6201047485046394,0.0026621222496032715,0.011437354230838047
sp|Q9P2D8|UNC79_HUMAN,2714439.272959863,4454617.2572350735,0.6086909660791677,0.0026621222496032715,0.011437354230838047
sp|P63272|SPT4H_HUMAN,459057.2102305614,237605.42242295825,-1.0165932114757994,0.0026621222496032715,0.011437354230838047
sp|O43464|HTRA2_HUMAN,37158778.2236161,29187380.92256524,-0.34712813798684333,0.0026621222496032715,0.011437354230838047
sp|P50991|TCPD_HUMAN,42734678.36302294,32668081.80278927,-0.468852768060672,0.0026621222496032715,0.011437354230838047
sp|Q8TCZ2|C99L2_HUMAN,631969.8930190224,969943.9287618848,0.8618948604078609,0.0026621222496032715,0.011437354230838047
sp|P51814|ZNF41_HUMAN,11075642.952982446,15638297.945854995,0.4722182000784431,0.0026621222496032715,0.011437354230838047
sp|O00754|MA2B1_HUMAN,43527367.422662295,67356282.12795012,0.5324997418235505,0.0026621222496032715,0.011437354230838047
sp|P04844|RPN2_HUMAN,6482377.57330379,4242939.196765806,-0.7083032647072682,0.0026621222496032715,0.011437354230838047
sp|O15212|PFD6_HUMAN,17176317.833283987,21978037.05753177,0.41027097609324287,0.0026621222496032715,0.011437354230838047
sp|Q13243|SRSF5_HUMAN,19837850.156018168,10447454.041625423,-1.1365918424672572,0.0026621222496032715,0.011437354230838047
sp|P32942|ICAM3_HUMAN,19678334.00900186,10509450.304278243,-0.8101646729298179,0.0026621222496032715,0.011437354230838047
sp|O95470|SGPL1_HUMAN,6057409.114075609,8053149.635513895,0.34709600714201805,0.0026621222496032715,0.011437354230838047
sp|Q13501|SQSTM_HUMAN,6325015.40597476,8739037.397282137,0.37249331732465724,0.0026621222496032715,0.011437354230838047
sp|P07339|CATD_HUMAN / sp|CATD_HUMAN|P07339,1022441511.9432919,1430795700.6881046,0.39255665008943186,0.0026621222496032715,0.011437354230838047
sp|P33241|LSP1_HUMAN,19381830.915410463,40455812.007016785,0.7752957419701432,0.0026621222496032715,0.011437354230838047
sp|Q5M9N0|CD158_HUMAN,1574622.2432349774,2193784.080584871,0.5337767682177502,0.0026621222496032715,0.011437354230838047
sp|P05165|PCCA_HUMAN,154682295.57977086,110302860.70697023,-0.589658273797811,0.0026621222496032715,0.011437354230838047
sp|Q14344|GNA13_HUMAN / sp|Q03113|GNA12_HUMAN,78219881.46315086,63539152.15435082,-0.34721499904174624,0.0026621222496032715,0.011437354230838047
sp|P06756|ITAV_HUMAN,44598640.17217046,60255621.611577496,0.37272716473246764,0.0026621222496032715,0.011437354230838047
sp|P00742|FA10_HUMAN,36704224.46149071,56362575.06412581,0.5688876300208179,0.0026621222496032715,0.011437354230838047
sp|P09496|CLCA_HUMAN,95028742.62689744,125938045.6628536,0.3549671370609496,0.0026621222496032715,0.011437354230838047
sp|O75348|VATG1_HUMAN,2623595.030618108,4249620.319680959,0.6276277328648322,0.0026621222496032715,0.011437354230838047
sp|P46934|NEDD4_HUMAN,944459.7373336969,625989.8320470761,-0.6269386054108361,0.0026621222496032715,0.011437354230838047
sp|Q9UDT6|CLIP2_HUMAN,3849413.0236300146,3056482.1446693665,-0.4019972342208143,0.0026621222496032715,0.011437354230838047
sp|P13639|EF2_HUMAN,797925483.3792858,561958520.4737614,-0.5702092812149715,0.0026621222496032715,0.011437354230838047
sp|P41219|PERI_HUMAN,4064579649.0285306,4950464443.8723,0.2600667776649606,0.002901986241340637,0.012302678420665828
sp|Q9UJN7|ZN391_HUMAN,2095742.5737440214,2904560.702893571,0.46758773843391793,0.002901986241340637,0.012302678420665828
sp|P60903|S10AA_HUMAN,71968137.81651412,90295438.81014559,0.27912590084292116,0.002901986241340637,0.012302678420665828
sp|P15260|INGR1_HUMAN,3952373.0343061187,6246757.753809824,0.5521268726220504,0.002901986241340637,0.012302678420665828
sp|P52597|HNRPF_HUMAN,124720514.44573422,91522036.81850038,-0.48706509245952123,0.002901986241340637,0.012302678420665828
sp|Q14956|GPNMB_HUMAN,36738530.168646745,57540081.99231363,0.5156560287700219,0.002901986241340637,0.012302678420665828
sp|Q4VC31|MIX23_HUMAN,7854562.280018914,10892442.919046625,0.5149196026905539,0.002901986241340637,0.012302678420665828
sp|P63313|TYB10_HUMAN,58853597.21521733,105902277.10756755,0.6057361233807607,0.002901986241340637,0.012302678420665828
sp|Q9H488|OFUT1_HUMAN,57567607.162468664,73163280.7688089,0.3401269606410638,0.002901986241340637,0.012302678420665828
sp|P51572|BAP31_HUMAN,51473616.08923117,39730907.887671985,-0.5221040011707351,0.002901986241340637,0.012302678420665828
sp|P31946|1433B_HUMAN,1250064208.5926468,1459012959.928587,0.20037771868663187,0.002901986241340637,0.012302678420665828
sp|P16219|ACADS_HUMAN,462664082.1331162,702950789.1902812,0.3158117616925714,0.002901986241340637,0.012302678420665828
sp|Q9BV57|MTND_HUMAN,8304106.276096848,13957084.585400144,0.5447776853914964,0.002901986241340637,0.012302678420665828
sp|P06730|IF4E_HUMAN,33966031.5489495,25502925.02242205,-0.46602247846075723,0.002901986241340637,0.012302678420665828
sp|Q8IWE2|NXP20_HUMAN,278031775.25780284,350468597.46682155,0.30064824907737847,0.002901986241340637,0.012302678420665828
sp|P41218|MNDA_HUMAN,9932898.706445098,21607821.97594104,0.5934436487246714,0.003160528838634491,0.013166126646360174
sp|Q9H1P3|OSBL2_HUMAN,1793762.1809569448,2437259.506238577,0.461200645229436,0.003160528838634491,0.013166126646360174
sp|P02679|FIBG_HUMAN,2591637335.2101264,1886466626.0368817,-0.6974435954859214,0.003160528838634491,0.013166126646360174
sp|O75781|PALM_HUMAN,146954036.76545003,183566858.43602702,0.2853552065132607,0.003160528838634491,0.013166126646360174
sp|Q9Y3B8|ORN_HUMAN,47599885.52649604,56128639.33024372,0.21440694494403204,0.003160528838634491,0.013166126646360174
sp|P60896|SEM1_HUMAN,165311.47157471327,242568.4982989727,0.6909589942180075,0.003160528838634491,0.013166126646360174
sp|P78536|ADA17_HUMAN,1838449.5946181568,2803013.389475028,0.49471251275721034,0.003160528838634491,0.013166126646360174
sp|Q9H2D6|TARA_HUMAN,37861796.327480726,33001568.33000586,-0.21293970562181425,0.003160528838634491,0.013166126646360174
sp|Q01955|CO4A3_HUMAN,4481432.445224383,8145629.331197003,0.9418180710655569,0.003160528838634491,0.013166126646360174
sp|P46821|MAP1B_HUMAN,253779144.87383643,330815771.64202726,0.31581130088344295,0.003160528838634491,0.013166126646360174
sp|Q86WU2|LDHD_HUMAN,67603111.40189077,43563314.88181019,-0.3812457411683606,0.003160528838634491,0.013166126646360174
sp|P19404|NDUV2_HUMAN,67185594.91983731,101711215.54886386,0.40835204509704326,0.003160528838634491,0.013166126646360174
sp|O43719|HTSF1_HUMAN,2240283.3144099624,1428211.1038318577,-0.5769987336991823,0.003160528838634491,0.013166126646360174
sp|Q9NYF8|BCLF1_HUMAN,29661495.077945523,20976354.82671882,-0.6603502533078395,0.003160528838634491,0.013166126646360174
sp|Q8N987|NECA1_HUMAN,1430646.9322610623,897747.3156622337,-0.8250231609251106,0.003160528838634491,0.013166126646360174
sp|A0A0J9YVY3|HV741_HUMAN,479284569.5872201,626476095.0829933,0.40616084804725716,0.003160528838634491,0.013166126646360174
sp|Q8NDW4|ZN248_HUMAN,1824270.6650047495,1004758.6747778428,-1.7130387097893574,0.003160528838634491,0.013166126646360174
sp|P62899|RL31_HUMAN,42251660.74189625,25844568.306443457,-0.6843356680313215,0.003160528838634491,0.013166126646360174
sp|P25098|ARBK1_HUMAN,449552.6183669708,711095.172057678,0.5995693881880753,0.003160528838634491,0.013166126646360174
sp|P12694|ODBA_HUMAN,40725664.56642794,29877175.10019965,-0.45013129303179295,0.003160528838634491,0.013166126646360174
sp|Q5JTH9|RRP12_HUMAN,2441567.836091883,3244673.3444750533,0.3992722903172318,0.003438994288444519,0.01406967910506841
sp|Q8N0X4|CLYBL_HUMAN,8386102.494903417,6322120.2031099945,-0.31462334650558954,0.003438994288444519,0.01406967910506841
sp|P16109|LYAM3_HUMAN,10673674.835917814,14924336.181763377,0.501079905998686,0.003438994288444519,0.01406967910506841
sp|P17655|CAN2_HUMAN,79483744.19064248,57900182.547336936,-0.4614871067359142,0.003438994288444519,0.01406967910506841
sp|Q8IY95|TM192_HUMAN,1733027.1107534182,2487103.890503358,0.4481875473616821,0.003438994288444519,0.01406967910506841
sp|P16401|H15_HUMAN,80568197.29725838,135638163.512976,0.6133095294460961,0.003438994288444519,0.01406967910506841
sp|Q9UMS6|SYNP2_HUMAN,55314849.97820008,81660082.58862157,0.4729376704433464,0.003438994288444519,0.01406967910506841
sp|Q9NP61|ARFG3_HUMAN,4722401.602676428,6233656.947287294,0.3870800963533574,0.003438994288444519,0.01406967910506841
sp|Q9NZL4|HPBP1_HUMAN,2325133.617891238,1664243.4026586222,-0.5370658809948393,0.003438994288444519,0.01406967910506841
sp|O15118|NPC1_HUMAN,809244.5564695981,1109159.7719119885,0.4433996053281106,0.003438994288444519,0.01406967910506841
sp|Q9Y3C4|TPRKB_HUMAN,988475.4156367657,657728.8691232406,-0.672441200886375,0.003438994288444519,0.01406967910506841
sp|Q9H7D7|WDR26_HUMAN,1201190.7513586637,1584108.4161611435,0.3699217804677176,0.003438994288444519,0.01406967910506841
sp|Q16585|SGCB_HUMAN,1189659.9147545437,1776062.421805526,0.5651733037351535,0.003438994288444519,0.01406967910506841
sp|Q9NSK7|CS012_HUMAN,1998770.9222956612,2950204.1454695826,0.529570153365679,0.003438994288444519,0.01406967910506841
sp|P61619|S61A1_HUMAN,2193047.392108243,1403906.3427648563,-0.6543455685488576,0.003438994288444519,0.01406967910506841
sp|Q8NEZ2|VP37A_HUMAN,838066.2149408391,1105404.909207786,0.33555754289746476,0.003438994288444519,0.01406967910506841
sp|Q92598|HS105_HUMAN,128348807.0155067,102047678.96919264,-0.3584615852936177,0.003438994288444519,0.01406967910506841
sp|Q6P2I3|FAH2B_HUMAN,94609951.52042975,134063921.77274236,0.338194562130696,0.003438994288444519,0.01406967910506841
sp|Q9Y6M9|NDUB9_HUMAN,10583063.031643735,7052086.288485865,-0.5755152545179609,0.003438994288444519,0.01406967910506841
sp|O43809|CPSF5_HUMAN,27648982.862818904,22519051.426123094,-0.3162202804647117,0.003438994288444519,0.01406967910506841
sp|P62750|RL23A_HUMAN,39879335.238867894,27607700.316113345,-0.5405926555062106,0.003438994288444519,0.01406967910506841
sp|Q6P1N9|TATD1_HUMAN,55620232.86532909,77316019.73972152,0.3442021032463787,0.003738619387149811,0.014938912938328011
sp|A0A0B4J2D5|GAL3B_HUMAN / sp|P0DPI2|GAL3A_HUMAN,325633644.00659305,369218056.99916905,0.232396433196947,0.003738619387149811,0.014938912938328011
sp|O60271|JIP4_HUMAN,120024020.65198089,141672412.6813671,0.23076066840608891,0.003738619387149811,0.014938912938328011
sp|P25705|ATPA_HUMAN,1106349993.1953127,1387067879.649876,0.3734294838889068,0.003738619387149811,0.014938912938328011
sp|Q9P0V9|SEP10_HUMAN,88589589.73708978,67941729.54107761,-0.368619094295164,0.003738619387149811,0.014938912938328011
sp|O60216|RAD21_HUMAN,7161029.723963095,10554859.237347664,0.5399977984260106,0.003738619387149811,0.014938912938328011
sp|Q9H4F8|SMOC1_HUMAN,6129118.803839942,9588149.108361347,0.47546515757014646,0.003738619387149811,0.014938912938328011
sp|P61158|ARP3_HUMAN,169124405.10137796,119962224.62024532,-0.6016082967159789,0.003738619387149811,0.014938912938328011
sp|P02675|FIBB_HUMAN,2178592414.9248013,1596228652.3508346,-0.6939555625742241,0.003738619387149811,0.014938912938328011
sp|Q07866|KLC1_HUMAN,1642746.293789368,1305362.6676243304,-0.5061452923724822,0.003738619387149811,0.014938912938328011
sp|P10114|RAP2A_HUMAN,928452.6611025556,1187984.180397596,0.39733683365670014,0.003738619387149811,0.014938912938328011
sp|P50748|KNTC1_HUMAN,2668385.9175437577,2128955.966012033,-0.34882789755938176,0.003738619387149811,0.014938912938328011
sp|P10109|ADX_HUMAN,23937869.815916013,34428285.402787946,0.40734379996698206,0.003738619387149811,0.014938912938328011
sp|Q8NFV4|ABHDB_HUMAN,196878.9157561502,421598.3876150502,1.1887665705455828,0.003738619387149811,0.014938912938328011
sp|Q6UX04|CWC27_HUMAN,2019725.872527849,1474378.81557395,-0.5480060952940574,0.003738619387149811,0.014938912938328011
sp|O75369|FLNB_HUMAN,1215407515.76504,919032581.2142206,-0.4653112880466001,0.003738619387149811,0.014938912938328011
sp|P20853|CP2A7_HUMAN / sp|Q16696|CP2AD_HUMAN / sp|P11509|CP2A6_HUMAN,2067949.9986470325,1528590.7044672123,-0.4887469845267747,0.003738619387149811,0.014938912938328011
sp|Q9C0C2|TB182_HUMAN,305367481.71789855,380584932.8130929,0.27611266748233515,0.003738619387149811,0.014938912938328011
sp|Q96N66|MBOA7_HUMAN,161098.4247621212,105109.210395835,-1.2976110956828213,0.003738619387149811,0.014938912938328011
sp|Q8N3V7|SYNPO_HUMAN,10033918.139359519,13478268.456290025,0.40371599949443177,0.003738619387149811,0.014938912938328011
sp|Q96S99|PKHF1_HUMAN,6324554.323768146,4268747.395165715,-0.6604412246946038,0.003738619387149811,0.014938912938328011
sp|O75191|XYLB_HUMAN,21027180.442230668,29283395.4632641,0.3602535982188284,0.003738619387149811,0.014938912938328011
sp|Q15291|RBBP5_HUMAN,4536251.387240048,6456349.712110276,0.45302217725463895,0.003738619387149811,0.014938912938328011
sp|Q8N5G2|MACOI_HUMAN,519092.6235086861,778289.3924006784,0.4755560310377681,0.003738619387149811,0.014938912938328011
sp|Q9Y2T2|AP3M1_HUMAN,20758120.058585607,28574500.453981437,0.4070119478217499,0.003738619387149811,0.014938912938328011
sp|Q96AG4|LRC59_HUMAN,2751688.4662541216,1830368.3089582797,-0.6905790707185467,0.003738619387149811,0.014938912938328011
sp|Q7Z4I7|LIMS2_HUMAN,102806432.36453792,128584929.4305871,0.2952229171968929,0.003738619387149811,0.014938912938328011
sp|Q71UI9|H2AV_HUMAN / sp|P0C0S5|H2AZ_HUMAN,161811334.0226993,94798874.89402978,-0.7145544406230215,0.003738619387149811,0.014938912938328011
sp|P00338|LDHA_HUMAN,7377152331.372136,9336381269.93004,0.28877620121953157,0.004060737788677216,0.01603907872252013
sp|P11233|RALA_HUMAN,21239065.861599147,26786528.313376006,0.3326305091155571,0.004060737788677216,0.01603907872252013
sp|Q13642|FHL1_HUMAN,3633610831.244655,4695543439.115585,0.3100507014585788,0.004060737788677216,0.01603907872252013
sp|P32456|GBP2_HUMAN,1630676.5299914381,2064210.5836894463,0.343831505835686,0.004060737788677216,0.01603907872252013
sp|P05997|CO5A2_HUMAN,1154829.1021596638,1751792.4694251313,0.4505592730633,0.004060737788677216,0.01603907872252013
sp|P46779|RL28_HUMAN,20801333.2035875,10462908.726184005,-0.9112782387988645,0.004060737788677216,0.01603907872252013
sp|Q6PI48|SYDM_HUMAN,12870467.89411966,10139779.784509348,-0.3958047094146145,0.004060737788677216,0.01603907872252013
sp|Q9BUJ2|HNRL1_HUMAN,223961813.97134393,166545197.55247778,-0.4946514542546002,0.004060737788677216,0.01603907872252013
sp|P04066|FUCO_HUMAN,35563476.23580718,27649181.3806386,-0.4598031366204716,0.004060737788677216,0.01603907872252013
sp|O43639|NCK2_HUMAN,10366665.617790412,8095054.338535246,-0.41430135239458604,0.004060737788677216,0.01603907872252013
sp|Q12792|TWF1_HUMAN,39446366.197068416,30559801.084289588,-0.45532390078827867,0.004060737788677216,0.01603907872252013
sp|O75618|DEDD_HUMAN,2716129.540680685,4592607.774682515,0.8453757405303037,0.004060737788677216,0.01603907872252013
sp|O75533|SF3B1_HUMAN,50322787.7697593,40983696.86080147,-0.27175369148362144,0.004060737788677216,0.01603907872252013
sp|P19174|PLCG1_HUMAN,4496480.262503639,3769934.9336105334,-0.23785020425647133,0.004060737788677216,0.01603907872252013
sp|Q9NZ01|TECR_HUMAN,14575340.488678595,11088191.696045343,-0.5564230895754643,0.004406772553920746,0.017082472929132196
sp|P19525|E2AK2_HUMAN,525926.6654089798,715293.5147522055,0.4558469731584361,0.004406772553920746,0.017082472929132196
sp|P99999|CYC_HUMAN / sp|CYC_HUMAN|P99999,186943403.47492012,254199556.18208936,0.43515959506093244,0.004406772553920746,0.017082472929132196
sp|Q93077|H2A1C_HUMAN / sp|Q7L7L0|H2A3_HUMAN / sp|P04908|H2A1B_HUMAN,250351492.3800716,143838958.68023247,-0.8249390127232176,0.004406772553920746,0.017082472929132196
sp|P53597|SUCA_HUMAN,187997320.4642478,140335991.5154773,-0.5020530858117568,0.004406772553920746,0.017082472929132196
sp|Q99784|NOE1_HUMAN,1084805.9509396602,1350062.212302563,0.3034596973593749,0.004406772553920746,0.017082472929132196
sp|P52758|RIDA_HUMAN,92542186.4402583,106670953.94216514,0.2832661096763675,0.004406772553920746,0.017082472929132196
sp|Q9UBV2|SE1L1_HUMAN,3744463.9768873677,5044350.727678528,0.4455254168667969,0.004406772553920746,0.017082472929132196
sp|Q8N5M9|JAGN1_HUMAN,98442.2650762312,60062.39552221528,-1.3066530573124209,0.004406772553920746,0.017082472929132196
sp|P04156|PRIO_HUMAN,1292613.4968560215,1715809.4487170589,0.3606315460049286,0.004406772553920746,0.017082472929132196
sp|Q8WUA2|PPIL4_HUMAN,2973539.944605154,2329313.290245975,-0.4878991143840318,0.004406772553920746,0.017082472929132196
sp|P35270|SPRE_HUMAN,20422380.361059822,30927973.24836315,0.358096158051289,0.004406772553920746,0.017082472929132196
sp|P35232|PHB_HUMAN,31023603.443885475,24506909.295240857,-0.321944265213725,0.004406772553920746,0.017082472929132196
sp|P19634|SL9A1_HUMAN,1085668.384056364,1735824.2920880448,0.6547460620228783,0.004406772553920746,0.017082472929132196
sp|P11171|EPB41_HUMAN,78051782.08599412,151085380.34497574,0.7178578536544861,0.004406772553920746,0.017082472929132196
sp|Q9NUQ3|TXLNG_HUMAN,171664.10218107465,300923.72115790803,0.6799048282867215,0.004406772553920746,0.017082472929132196
sp|P04792|HSPB1_HUMAN,2880497206.0001006,2311430862.73971,-0.2932172758607324,0.004406772553920746,0.017082472929132196
sp|P41252|SYIC_HUMAN,25041867.454538006,19526753.50936886,-0.36361734498044324,0.004406772553920746,0.017082472929132196
sp|Q86V48|LUZP1_HUMAN,3896796.1523589133,5213591.953068083,0.4061967623091037,0.004406772553920746,0.017082472929132196
sp|O43684|BUB3_HUMAN,30518977.288552802,23202946.37732797,-0.3094597841266645,0.004406772553920746,0.017082472929132196
sp|Q9NS15|LTBP3_HUMAN,2663227.930461706,3901535.7477134285,0.4614892800487502,0.004406772553920746,0.017082472929132196
sp|P17213|BPI_HUMAN,1668329.4415268567,4444687.333139596,0.7571926353899714,0.004406772553920746,0.017082472929132196
sp|Q6P1L8|RM14_HUMAN,5440014.942563367,3373559.612627284,-0.7843791022454181,0.004406772553920746,0.017082472929132196
sp|Q15746|MYLK_HUMAN,92785165.25393736,63633873.90386069,-0.4224702154104715,0.004778154194355011,0.01811245022014984
sp|P30304|MPIP1_HUMAN,4124052.6847939193,5022041.562453806,0.29990211818893603,0.004778154194355011,0.01811245022014984
sp|Q8TBF8|FA81A_HUMAN,24212508.51736614,36331418.95638616,0.4685740947915786,0.004778154194355011,0.01811245022014984
sp|Q9BXJ8|TACAN_HUMAN,1031562.3812687779,612462.8306184467,-1.6002062996656856,0.004778154194355011,0.01811245022014984
sp|Q9P016|THYN1_HUMAN,7026779.349113489,4993578.048344263,-0.5273816903667823,0.004778154194355011,0.01811245022014984
sp|P47895|AL1A3_HUMAN,1125408712.671723,817432135.7070811,-0.5404204342660174,0.004778154194355011,0.01811245022014984
sp|Q9HCX4|TRPC7_HUMAN,314635.7207903044,423378.72954826045,0.5516425889279961,0.004778154194355011,0.01811245022014984
sp|O95678|K2C75_HUMAN,1492697372.7120793,697829599.9914268,-0.9721944632676711,0.004778154194355011,0.01811245022014984
sp|Q8WZA0|LZIC_HUMAN,19365991.099537164,24981726.655407272,0.3584734736749927,0.004778154194355011,0.01811245022014984
sp|O95445|APOM_HUMAN,33148722.81529186,51147381.539195195,0.4303009947755284,0.004778154194355011,0.01811245022014984
sp|Q8WWX9|SELM_HUMAN,11470945.258640978,15761778.983453397,0.3248291323299895,0.004778154194355011,0.01811245022014984
sp|P98172|EFNB1_HUMAN,4821362.240601195,5896322.628317356,0.29879539474215366,0.004778154194355011,0.01811245022014984
sp|O00151|PDLI1_HUMAN,132277911.72964253,183771377.47560406,0.3709212622796646,0.004778154194355011,0.01811245022014984
sp|Q9UHV9|PFD2_HUMAN,41355657.27455215,52687396.954262696,0.32166259131696406,0.004778154194355011,0.01811245022014984
sp|Q9NX58|LYAR_HUMAN,748892.5942924904,590425.4957853671,-0.6251940590027572,0.004778154194355011,0.01811245022014984
sp|Q13496|MTM1_HUMAN,2823163.709911019,2319722.135048525,-0.30885875069287516,0.004778154194355011,0.01811245022014984
sp|Q9NXA8|SIR5_HUMAN,9770142.250157397,7482525.8103294475,-0.4305587250328105,0.004778154194355011,0.01811245022014984
sp|Q7L0Y3|TM10C_HUMAN,15914774.68492884,12871106.9172702,-0.3652188410898142,0.004778154194355011,0.01811245022014984
sp|Q92665|RT31_HUMAN,2332633.0048848395,1643009.9891536268,-0.5498978677628,0.004778154194355011,0.01811245022014984
sp|Q96I99|SUCB2_HUMAN,264843550.72748092,191826485.74865958,-0.5349213571367175,0.004778154194355011,0.01811245022014984
sp|O75175|CNOT3_HUMAN,6853533.790806758,9955300.536710653,0.42891409383972867,0.004778154194355011,0.01811245022014984
sp|Q8N474|SFRP1_HUMAN,13518605.10142037,9549532.463158507,-0.5621952396363963,0.004778154194355011,0.01811245022014984
sp|Q9BZ23|PANK2_HUMAN,4122753.9332169606,3380238.9850187986,-0.34183128421739284,0.004778154194355011,0.01811245022014984
sp|Q86Y46|K2C73_HUMAN,1100661031.4489303,633184918.6543223,-0.7880698272957037,0.004778154194355011,0.01811245022014984
sp|P35080|PROF2_HUMAN,48881598.33009271,37797676.07627401,-0.414121891141893,0.004778154194355011,0.01811245022014984
sp|Q10567|AP1B1_HUMAN,101253597.82358536,83481736.8950453,-0.24625533643918882,0.004778154194355011,0.01811245022014984
sp|P02743|SAMP_HUMAN,299601135.7327158,208708079.069828,-0.6325581590780002,0.004778154194355011,0.01811245022014984
sp|Q92974|ARHG2_HUMAN,9683491.1552922,13544133.93622059,0.4733505505336358,0.004778154194355011,0.01811245022014984
sp|O95819|M4K4_HUMAN,1726404.8464064004,2588068.4808753156,0.7151492038884503,0.0051764026284217834,0.01930190848002808
sp|Q5NDL2|EOGT_HUMAN,6590269.597401925,9326300.981441135,0.4191622664031963,0.0051764026284217834,0.01930190848002808
sp|P19387|RPB3_HUMAN,988914.5870541554,893320.8933023994,-0.5139139450391392,0.0051764026284217834,0.01930190848002808
sp|Q9H8L6|MMRN2_HUMAN,18103167.201733075,22140803.02320416,0.3318038743289074,0.0051764026284217834,0.01930190848002808
sp|O75340|PDCD6_HUMAN,18499020.77864105,13196751.348290388,-0.5917507226007928,0.0051764026284217834,0.01930190848002808
sp|P12277|KCRB_HUMAN,563044339.7719693,392293959.88691264,-0.7315919069857323,0.0051764026284217834,0.01930190848002808
sp|Q9Y255|PRLD1_HUMAN,7955494.994302886,10765537.397821946,0.4336939941880246,0.0051764026284217834,0.01930190848002808
sp|Q9BYC9|RM20_HUMAN,5579342.420881509,8557868.682224292,0.5263638998367538,0.0051764026284217834,0.01930190848002808
sp|Q8NFQ8|TOIP2_HUMAN,81493.50602787409,55468.338103157075,-0.5656111724411252,0.0051764026284217834,0.01930190848002808
sp|P02786|TFR1_HUMAN,33591028.298197135,43645587.45856782,0.34930126166632813,0.0051764026284217834,0.01930190848002808
sp|Q01518|CAP1_HUMAN,128169390.09400108,164325387.55899397,0.3154758843870251,0.0051764026284217834,0.01930190848002808
sp|Q08495|DEMA_HUMAN,59716364.61528946,97298519.58343276,0.6966386093130469,0.0051764026284217834,0.01930190848002808
sp|Q8WYJ6|SEPT1_HUMAN,647525.577623925,463813.7922428371,-0.5077904726834034,0.0051764026284217834,0.01930190848002808
sp|P56192|SYMC_HUMAN,17403071.50630058,11369551.953367278,-0.6901075126336291,0.0051764026284217834,0.01930190848002808
sp|Q9Y5J6|T10B_HUMAN,703838.9606299821,1008519.2439156697,0.5438462134427103,0.0051764026284217834,0.01930190848002808
sp|Q9Y250|LZTS1_HUMAN,8253234.942550676,11120246.970521918,0.43077620494545726,0.0051764026284217834,0.01930190848002808
sp|Q9H1K0|RBNS5_HUMAN,3999093.1564578186,6817322.2737064045,0.587198415957107,0.0051764026284217834,0.01930190848002808
sp|P82663|RT25_HUMAN,1345775.7602668942,826684.3039065792,-0.8632950255489499,0.0051764026284217834,0.01930190848002808
sp|Q9NRY5|F1142_HUMAN,5047512.697096535,6480064.585535504,0.3826082323611348,0.0051764026284217834,0.01930190848002808
sp|P63173|RL38_HUMAN,9027841.795031605,5423352.368607904,-0.768483316231486,0.0051764026284217834,0.01930190848002808
sp|Q4J6C6|PPCEL_HUMAN,16829049.84469895,14565397.16523278,-0.24542463986689636,0.0051764026284217834,0.01930190848002808
sp|P41091|IF2G_HUMAN,25396244.15773356,19804772.64023924,-0.373722326098578,0.0056031495332717896,0.0204794475324991
sp|Q9C0D2|CE295_HUMAN,54643119.801278576,70936425.10998975,0.32769902368296083,0.0056031495332717896,0.0204794475324991
sp|Q9P2T1|GMPR2_HUMAN,106616388.43326376,133062410.76960373,0.2983506482456643,0.0056031495332717896,0.0204794475324991
sp|Q14314|FGL2_HUMAN,1807572.2071854235,2997961.5303292363,0.6474263555500004,0.0056031495332717896,0.0204794475324991
sp|O15247|CLIC2_HUMAN,34533410.04129024,24418624.03645311,-0.5558618133738074,0.0056031495332717896,0.0204794475324991
sp|Q9Y4K1|CRBG1_HUMAN,14955708.25498934,17661978.474260926,0.22526538906246113,0.0056031495332717896,0.0204794475324991
sp|Q6ZSJ8|CA122_HUMAN,743512.7928816191,1370074.3511298506,0.7840741583368677,0.0056031495332717896,0.0204794475324991
sp|P61457|PHS_HUMAN,231599272.09386608,287513677.1562308,0.30303343727299276,0.0056031495332717896,0.0204794475324991
sp|Q96GK7|FAH2A_HUMAN,65736625.88972258,94330600.28559732,0.3288528452647214,0.0056031495332717896,0.0204794475324991
sp|Q92934|BAD_HUMAN,3862503.728043438,4672158.817369254,0.2855293361334324,0.0056031495332717896,0.0204794475324991
sp|P55795|HNRH2_HUMAN,162050072.0029642,115149875.97931083,-0.5779246494762571,0.0056031495332717896,0.0204794475324991
sp|O75153|CLU_HUMAN,8619059.111146368,6343721.985966861,-0.5797567367951466,0.0056031495332717896,0.0204794475324991
sp|Q15836|VAMP3_HUMAN,10878364.311782269,13435582.061697409,0.2648383439566643,0.0056031495332717896,0.0204794475324991
sp|P37840|SYUA_HUMAN,172949560.2289061,307535420.35284245,0.6926196973833925,0.0056031495332717896,0.0204794475324991
sp|P55786|PSA_HUMAN,632446519.0827035,489212951.3831638,-0.42221449893250707,0.0056031495332717896,0.0204794475324991
sp|P53816|PLAT3_HUMAN,4457194.130320142,5862686.451560999,0.46450249695292495,0.0056031495332717896,0.0204794475324991
sp|O60232|ZNRD2_HUMAN,1841370.0292532651,2582655.195037945,0.5438718377488035,0.0056031495332717896,0.0204794475324991
sp|Q16864|VATF_HUMAN,1866175.7889007565,1954375.635454194,0.5750485261912998,0.0056031495332717896,0.0204794475324991
sp|P06748|NPM_HUMAN,150950830.66280347,119711234.95151447,-0.3805518403434857,0.0056031495332717896,0.0204794475324991
sp|P78386|KRT85_HUMAN / sp|K2M3_SHEEP|P25691 / sp|KRHB5_HUMAN|P78386,877075554.6974337,1018787783.7449934,0.2210313316673498,0.0056031495332717896,0.0204794475324991
sp|P80297|MT1X_HUMAN,23011933.150799006,39701979.86467824,0.6081719411518535,0.0056031495332717896,0.0204794475324991
sp|Q6ZVC0|NYAP1_HUMAN,6348482.081924344,7806544.9444535365,0.2712044265635573,0.0056031495332717896,0.0204794475324991
sp|O75594|PGRP1_HUMAN,1613848.2949672083,6243378.694062964,0.8623557317402245,0.0056031495332717896,0.0204794475324991
sp|Q04837|SSBP_HUMAN,41728188.26173443,71850293.68190451,0.7250069336732075,0.0056031495332717896,0.0204794475324991
sp|Q6NXT6|TAPT1_HUMAN,3637027.074096787,2616243.0139196715,-0.49542696493812866,0.0056031495332717896,0.0204794475324991
sp|Q9H3P7|GCP60_HUMAN,2693126.0237647826,1935494.1490009935,-0.46287390137051093,0.0056031495332717896,0.0204794475324991
sp|P49368|TCPG_HUMAN,267777336.35335788,207816131.97267547,-0.4149241396311428,0.006060026586055756,0.02170303551229968
sp|Q9UBT2|SAE2_HUMAN,166120099.87272358,130701989.84712829,-0.41629513783342836,0.006060026586055756,0.02170303551229968
sp|O43617|TPPC3_HUMAN,9751582.443527626,8008378.786709518,-0.37372970955392854,0.006060026586055756,0.02170303551229968
sp|Q96KX1|CD036_HUMAN,36621063.536167905,65399877.055971965,0.7347185263568717,0.006060026586055756,0.02170303551229968
sp|P30048|PRDX3_HUMAN,978271449.6524457,1150708415.980182,0.20149351836909313,0.006060026586055756,0.02170303551229968
sp|Q01130|SRSF2_HUMAN,37747791.12959258,25549925.048449676,-0.5744917434778357,0.006060026586055756,0.02170303551229968
sp|P21399|ACOC_HUMAN,1322565957.538711,1664645183.416662,0.34650063975243217,0.006060026586055756,0.02170303551229968
sp|Q9UHQ4|BAP29_HUMAN,4773120.573602569,6650397.909827125,0.41622041823043243,0.006060026586055756,0.02170303551229968
sp|P61024|CKS1_HUMAN,3879663.5546609396,5172147.353820117,0.43749943227838234,0.006060026586055756,0.02170303551229968
sp|P40189|IL6RB_HUMAN,1608671.9291322029,2300179.4354780074,0.4886184427867179,0.006060026586055756,0.02170303551229968
sp|P58557|YBEY_HUMAN,1973005.9709021945,2750880.4514181498,0.5301573593119323,0.006060026586055756,0.02170303551229968
sp|O75494|SRS10_HUMAN,5341052.168691432,3672548.248258885,-0.5039283939863964,0.006060026586055756,0.02170303551229968
sp|Q12923|PTN13_HUMAN,792611.0113493798,552837.6851792776,-0.5003731914716217,0.006060026586055756,0.02170303551229968
sp|P42167|LAP2B_HUMAN,33894483.344536856,23856989.44744357,-0.5073950634423,0.006060026586055756,0.02170303551229968
sp|P47897|SYQ_HUMAN,190186406.62617913,131800519.16045596,-0.6293511975416106,0.006060026586055756,0.02170303551229968
sp|Q14BN4|SLMAP_HUMAN,2401469.180070085,3251759.3939949316,0.42079732948145676,0.006060026586055756,0.02170303551229968
sp|P29466|CASP1_HUMAN,37269231.24364449,28771749.308246084,-0.3504499805417999,0.006060026586055756,0.02170303551229968
sp|P54886|P5CS_HUMAN,8931714.550092472,6600999.402540153,-0.5506711261873647,0.006060026586055756,0.02170303551229968
sp|O95197|RTN3_HUMAN,4570303.089757845,6015251.751721449,0.319933597658189,0.006060026586055756,0.02170303551229968
sp|Q13201|MMRN1_HUMAN,3603553.8683888814,2408546.3113875617,-0.7747470913869327,0.006060026586055756,0.02170303551229968
sp|Q9BYB0|SHAN3_HUMAN,12329970.843234077,17963401.72449809,0.49256329646380337,0.006060026586055756,0.02170303551229968
sp|P51149|RAB7A_HUMAN,258428140.0120368,327379110.9762233,0.3086209318946033,0.006060026586055756,0.02170303551229968
sp|Q9UJA5|TRM6_HUMAN,637930.3281028692,465533.0956820074,-0.5813614729550539,0.006060026586055756,0.02170303551229968
sp|P08637|FCG3A_HUMAN,11298245.333177399,16970635.221421003,0.49470559703796446,0.006060026586055756,0.02170303551229968
sp|P08174|DAF_HUMAN,15606106.047486188,21725815.845547598,0.4395553898688823,0.006060026586055756,0.02170303551229968
sp|Q9NQX5|NPDC1_HUMAN,73900.93476824426,131966.71640916905,1.0630664487034716,0.006060026586055756,0.02170303551229968
sp|P80303|NUCB2_HUMAN,26256077.202845957,34166583.03534999,0.43263746458049657,0.006060026586055756,0.02170303551229968
sp|P63208|SKP1_HUMAN,8502858.067324227,10644512.595851691,0.29097279289648903,0.006548762321472168,0.023108463515253627
sp|Q9BRK5|CAB45_HUMAN,2056018.1788597216,2716511.360195886,0.40783718895346804,0.006548762321472168,0.023108463515253627
sp|Q9NYC9|DYH9_HUMAN,5202071.074115201,3801614.2589209573,-0.500799674351018,0.006548762321472168,0.023108463515253627
sp|Q13423|NNTM_HUMAN,45861191.98046834,35223591.903201915,-0.37413806300475677,0.006548762321472168,0.023108463515253627
sp|P52789|HXK2_HUMAN,27665856.975386936,32609709.318467557,0.24344230772443948,0.006548762321472168,0.023108463515253627
sp|Q9H3M0|KCNF1_HUMAN,6058011.074798237,8505857.33965945,0.5077189091456146,0.006548762321472168,0.023108463515253627
sp|Q9BTE6|AASD1_HUMAN,6660597.148000262,8436000.52885733,0.34910118953778174,0.006548762321472168,0.023108463515253627
sp|P53396|ACLY_HUMAN,380444518.8562849,280834712.3689476,-0.7302820461364325,0.006548762321472168,0.023108463515253627
sp|Q7Z5R6|AB1IP_HUMAN,5661416.645614455,7326599.622425656,0.38047511328365363,0.006548762321472168,0.023108463515253627
sp|Q9UBQ0|VPS29_HUMAN,87401636.53124236,110473966.53084514,0.23554282959389283,0.006548762321472168,0.023108463515253627
sp|O95810|CAVN2_HUMAN,592379082.8012296,688468239.8393214,0.2217052720949286,0.006548762321472168,0.023108463515253627
sp|Q14318|FKBP8_HUMAN,8370429.310734136,7042193.97166899,-0.26502667689211795,0.006548762321472168,0.023108463515253627
sp|P09651|ROA1_HUMAN,834252104.0561674,658420700.8977379,-0.3703504416334571,0.006548762321472168,0.023108463515253627
sp|Q9UPP1|PHF8_HUMAN,1931095.574645301,2708090.2463947525,0.4373180409722215,0.006548762321472168,0.023108463515253627
sp|Q6NVY1|HIBCH_HUMAN,45259461.04050217,28946880.730708446,-0.8862838502612036,0.006548762321472168,0.023108463515253627
sp|Q7Z4V5|HDGR2_HUMAN,32410430.069134302,23285666.708028827,-0.5980970460583285,0.006548762321472168,0.023108463515253627
sp|Q9Y2W1|TR150_HUMAN,8635144.397052687,6431146.485826648,-0.4474940997764173,0.006548762321472168,0.023108463515253627
sp|Q8IWL3|HSC20_HUMAN,2431994.560736581,3217248.674059263,0.4016813797112719,0.006548762321472168,0.023108463515253627
sp|Q5XKE5|K2C79_HUMAN,1444474599.630968,646315612.8533977,-0.9911696169017076,0.006548762321472168,0.023108463515253627
sp|P09874|PARP1_HUMAN,22352146.170150843,18106746.649836194,-0.2815309499100681,0.006548762321472168,0.023108463515253627
sp|P41250|GARS_HUMAN,99987435.56011164,129203396.02197602,0.31550658206220344,0.007071197032928467,0.02459034388479979
sp|Q9H4G0|E41L1_HUMAN,71549834.17488198,90542873.14824471,0.3025534388033358,0.007071197032928467,0.02459034388479979
sp|Q99471|PFD5_HUMAN,20323857.106124353,25162674.817277033,0.23496038596301094,0.007071197032928467,0.02459034388479979
sp|Q12802|AKP13_HUMAN,1025396.4220383277,738662.4058020983,-0.5861836494596357,0.007071197032928467,0.02459034388479979
sp|Q9P1T7|MDFIC_HUMAN,380498.58871304814,529826.9044765225,0.3443892671848859,0.007071197032928467,0.02459034388479979
sp|O15143|ARC1B_HUMAN,85880236.75882885,65446556.916325256,-0.47996118906911767,0.007071197032928467,0.02459034388479979
sp|P35222|CTNB1_HUMAN,63004854.85977278,50603066.32520307,-0.3214140775326034,0.007071197032928467,0.02459034388479979
sp|Q9Y3Z3|SAMH1_HUMAN,55733376.558123834,36416844.88175607,-0.5975238451913037,0.007071197032928467,0.02459034388479979
sp|O75015|FCG3B_HUMAN,7952453.639259105,13655073.41338019,0.5208399567972889,0.007071197032928467,0.02459034388479979
sp|P04899|GNAI2_HUMAN,135211616.16881844,108024613.03096178,-0.3642028394205816,0.007071197032928467,0.02459034388479979
sp|P36551|HEM6_HUMAN,17828036.700841196,24781616.440205444,0.3497975844411177,0.007071197032928467,0.02459034388479979
sp|Q96C19|EFHD2_HUMAN,21169994.021247182,27442652.09031803,0.30031062667495334,0.007071197032928467,0.02459034388479979
sp|Q96BJ3|AIDA_HUMAN,103536552.64323281,79892703.97982284,-0.40424060623389313,0.007071197032928467,0.02459034388479979
sp|Q8WVV4|POF1B_HUMAN,21752072.311221324,41306117.07620049,1.5280644717452783,0.007071197032928467,0.02459034388479979
sp|Q9H223|EHD4_HUMAN,42055145.7282279,53595023.98152944,0.314506364645825,0.007071197032928467,0.02459034388479979
sp|P43487|RANG_HUMAN,80716500.75989504,94824077.877089,0.2219000189731966,0.007071197032928467,0.02459034388479979
sp|Q9UFN0|NPS3A_HUMAN,163745101.7193715,206004769.04520097,0.32092527779669666,0.007071197032928467,0.02459034388479979
sp|Q8WYQ3|CHC10_HUMAN,1592186.7652160637,1500177.8707586036,1.4812628780097103,0.007071197032928467,0.02459034388479979
sp|P51798|CLCN7_HUMAN,14218911.16732871,17691118.536810648,0.2993875270375782,0.007071197032928467,0.02459034388479979
sp|O43414|ERI3_HUMAN,11971857.938594678,9552236.379709473,-0.41431251694793186,0.007071197032928467,0.02459034388479979
sp|O75477|ERLN1_HUMAN,7571993.786034368,5591220.163424195,-0.6078739935181143,0.007629185914993286,0.026151759432894845
sp|Q15436|SC23A_HUMAN,33143808.38333139,24684832.666419774,-0.4670882977278855,0.007629185914993286,0.026151759432894845
sp|Q9NPI6|DCP1A_HUMAN,2002203.4852460355,3211770.2102666097,0.7185508781128461,0.007629185914993286,0.026151759432894845
sp|Q8IUZ5|AT2L2_HUMAN,88452539.90259084,138763011.04780787,0.4089097493331821,0.007629185914993286,0.026151759432894845
sp|Q68EM7|RHG17_HUMAN,949922.3058346413,1182204.2605930776,0.288467045601386,0.007629185914993286,0.026151759432894845
sp|Q9Y2E5|MA2B2_HUMAN,15857348.313050624,23406200.766888548,0.3976559396636894,0.007629185914993286,0.026151759432894845
sp|O14494|PLPP1_HUMAN,2669361.4571612007,3901826.92806643,0.24856754330103556,0.007629185914993286,0.026151759432894845
sp|P50895|BCAM_HUMAN,285993662.84126776,233112583.91175482,-0.2717748274561285,0.007629185914993286,0.026151759432894845
sp|Q02818|NUCB1_HUMAN,98776624.28200896,129644832.35374646,0.32748161545625704,0.007629185914993286,0.026151759432894845
sp|O75874|IDHC_HUMAN,2007961770.200114,2499263784.559548,0.24406136900190703,0.007629185914993286,0.026151759432894845
sp|Q93096|TP4A1_HUMAN,5146935.254567918,8492105.830586163,0.8641682414365573,0.007629185914993286,0.026151759432894845
sp|O76061|STC2_HUMAN,3581078.9815957956,4497027.226458781,0.30799039795661426,0.007629185914993286,0.026151759432894845
sp|P62877|RBX1_HUMAN,4583698.804801008,6120466.639195463,0.3232758758874748,0.007629185914993286,0.026151759432894845
sp|Q5JSZ5|PRC2B_HUMAN,1778172.4518643063,3966754.6832179655,1.3165907827445893,0.007629185914993286,0.026151759432894845
sp|Q99538|LGMN_HUMAN,18662015.05418409,14488066.52568139,-0.42537760554515724,0.007629185914993286,0.026151759432894845
sp|Q9Y520|PRC2C_HUMAN,14306130.285843035,18645397.38165775,0.3503583307691568,0.007629185914993286,0.026151759432894845
sp|P12004|PCNA_HUMAN,12534966.640416985,10372402.592745038,-0.31548198137730704,0.007629185914993286,0.026151759432894845
sp|P23528|COF1_HUMAN,899619727.3724782,1072198542.1206748,0.24752268331149566,0.007629185914993286,0.026151759432894845
sp|Q9Y5L4|TIM13_HUMAN,13322931.398700448,16191221.840162372,0.3176564877851252,0.007629185914993286,0.026151759432894845
sp|Q9H2H8|PPIL3_HUMAN,6682191.871685875,8480106.976210104,0.37851077981341114,0.007629185914993286,0.026151759432894845
sp|P61326|MGN_HUMAN / sp|Q96A72|MGN2_HUMAN,485982.3053288297,280985.675292343,-1.4596492776139391,0.008224666118621826,0.02787441575089417
sp|P80188|NGAL_HUMAN,13132259.100605322,48295914.07672427,0.9492045551855327,0.008224666118621826,0.02787441575089417
sp|P30040|ERP29_HUMAN,149638855.1925437,129742253.88186781,-0.2296711046204067,0.008224666118621826,0.02787441575089417
sp|P28070|PSB4_HUMAN,147727700.6809492,211579740.59349886,0.42104596338007483,0.008224666118621826,0.02787441575089417
sp|P49789|FHIT_HUMAN,1928195.9380683342,2658385.3036292866,0.37506611839690723,0.008224666118621826,0.02787441575089417
sp|Q9BXR0|TGT_HUMAN,18803238.297288235,16437081.78359294,-0.20205579300720725,0.008224666118621826,0.02787441575089417
sp|Q5HYK7|SH319_HUMAN,41072941.068738885,32536699.656112283,-0.30222535282585034,0.008224666118621826,0.02787441575089417
sp|P08754|GNAI3_HUMAN,101795444.25497104,81520785.10618864,-0.35887932803215034,0.008224666118621826,0.02787441575089417
sp|Q8TAQ2|SMRC2_HUMAN,4236579.419957207,3123392.8284104844,-0.5072735543113396,0.008224666118621826,0.02787441575089417
sp|O43236|SEPT4_HUMAN,5789148.087589748,4429939.627888133,-0.4331152499473148,0.008224666118621826,0.02787441575089417
sp|Q8N0W3|FCSK_HUMAN,131225856.83581431,112483008.16398071,-0.2576587728956429,0.008224666118621826,0.02787441575089417
sp|B3EWG6|FM25G_HUMAN / sp|A8MYX2|FM25E_HUMAN / sp|B3EWG5|FM25C_HUMAN / sp|B3EWG3|FM25A_HUMAN,32088496.313257255,40135734.60110372,0.26543676666140364,0.008224666118621826,0.02787441575089417
sp|P14209|CD99_HUMAN,6374981.632613844,12534967.393269937,0.7524672537680744,0.008224666118621826,0.02787441575089417
sp|Q9NVM6|DJC17_HUMAN,2447290.593848094,3145227.739930357,0.32592084648751435,0.008224666118621826,0.02787441575089417
sp|Q8IUI8|CRLF3_HUMAN,3752331.947864183,5409540.543943261,0.4968740753144463,0.008224666118621826,0.02787441575089417
sp|Q9NVE7|PANK4_HUMAN,23274760.84504984,26185479.54726704,0.19586134789589643,0.008224666118621826,0.02787441575089417
sp|Q9P2J5|SYLC_HUMAN,47952411.69449697,41733156.30303811,-0.22655156073440746,0.008859716355800629,0.029464850167350808
sp|Q16627|CCL14_HUMAN,1004553.682698665,1780059.5696509776,0.6071648576054927,0.008859716355800629,0.029464850167350808
sp|Q9UHD9|UBQL2_HUMAN,40057961.203597076,48761474.132961564,0.2624470305920393,0.008859716355800629,0.029464850167350808
sp|Q12805|FBLN3_HUMAN,182543163.19906965,253476377.75456682,0.3815812519261962,0.008859716355800629,0.029464850167350808
sp|O95793|STAU1_HUMAN,6938216.509425103,5533857.508876569,-0.3248745696741106,0.008859716355800629,0.029464850167350808
sp|P82673|RT35_HUMAN,2483277.161026007,1806158.9274090042,-0.6455225823716999,0.008859716355800629,0.029464850167350808
sp|Q15366|PCBP2_HUMAN,82738951.31488732,67033910.400376186,-0.3570016566270714,0.008859716355800629,0.029464850167350808
sp|Q8NFH8|REPS2_HUMAN,2683426.6736656823,4874088.09571019,0.7671210845318681,0.008859716355800629,0.029464850167350808
sp|Q9H3U5|MFSD1_HUMAN,3194367.4427599898,5085027.261131974,0.6152305816492677,0.008859716355800629,0.029464850167350808
sp|O95352|ATG7_HUMAN,39252899.28435598,28896931.954933535,-0.5832902504128749,0.008859716355800629,0.029464850167350808
sp|Q9BSL1|UBAC1_HUMAN,22517685.233909108,58574947.009515174,1.197547967244871,0.008859716355800629,0.029464850167350808
sp|P14735|IDE_HUMAN,79747574.29904772,94008541.5985678,0.23058918008956045,0.008859716355800629,0.029464850167350808
sp|Q13009|TIAM1_HUMAN,9123870.057549257,12802566.811825592,0.4470555074866036,0.008859716355800629,0.029464850167350808
sp|Q12904|AIMP1_HUMAN,116556179.84560628,87284726.49467611,-0.4928878809635859,0.008859716355800629,0.029464850167350808
sp|P06858|LIPL_HUMAN,3901548.103021567,4858828.367426292,0.3175261925593645,0.008859716355800629,0.029464850167350808
sp|Q05397|FAK1_HUMAN,4347500.058433295,5202582.592718746,0.21195353078918608,0.008859716355800629,0.029464850167350808
sp|Q9UIB8|SLAF5_HUMAN,494273.69305052905,923012.1359663686,0.6782775525961572,0.008859716355800629,0.029464850167350808
sp|O94929|ABLM3_HUMAN,21417892.57900318,26332940.697804302,0.25107918171919624,0.008859716355800629,0.029464850167350808
sp|A2VCK2|DCD2B_HUMAN,9123870.057549257,12802566.811825592,0.4470555074866036,0.008859716355800629,0.029464850167350808
sp|Q8IXK0|PHC2_HUMAN,1761713.7557320143,2577538.228552195,0.37993295904411756,0.008859716355800629,0.029464850167350808
sp|P51580|TPMT_HUMAN,2173159.741228718,1485227.4452898058,-0.8693497519304602,0.008859716355800629,0.029464850167350808
sp|Q01970|PLCB3_HUMAN,21815339.95241395,17719362.72691944,-0.3385208268622605,0.008859716355800629,0.029464850167350808
sp|P57087|JAM2_HUMAN,692967.0518437565,1168902.6372936661,0.7929332034153145,0.008859716355800629,0.029464850167350808
sp|Q71RC2|LARP4_HUMAN,2775280.69640741,2668481.9664739026,-0.37134518601242533,0.008859716355800629,0.029464850167350808
sp|O43747|AP1G1_HUMAN,947429.4761593826,660467.9846813275,-0.8380662677152715,0.008859716355800629,0.029464850167350808
sp|P16615|AT2A2_HUMAN,42343008.44260349,32114326.047664188,-0.5704002091027893,0.008859716355800629,0.029464850167350808
sp|Q9H0P0|5NT3A_HUMAN,3231618.0886008306,2391703.4468730153,-0.5424080149021177,0.008859716355800629,0.029464850167350808
sp|O43707|ACTN4_HUMAN,939641692.4326324,665806990.8391238,-0.49927436671678255,0.009536407887935638,0.031196469975598586
sp|P16435|NCPR_HUMAN,65423193.78039044,85837657.97273795,0.30824174249593556,0.009536407887935638,0.031196469975598586
sp|P53814|SMTN_HUMAN,3875252.1079009525,2496288.657621148,-0.48857243116406807,0.009536407887935638,0.031196469975598586
sp|P15502|ELN_HUMAN,2444533.972756942,3742944.104906298,0.7310049295521176,0.009536407887935638,0.031196469975598586
sp|Q9BY44|EIF2A_HUMAN,31944846.90601961,36823341.05525662,0.19965692433596757,0.009536407887935638,0.031196469975598586
sp|O94925|GLSK_HUMAN,7118575.580001592,5480245.02974965,-0.38690240743463544,0.009536407887935638,0.031196469975598586
sp|Q5TD97|FHL5_HUMAN,18321192.807084147,13913864.85720256,-0.37319055755474945,0.009536407887935638,0.031196469975598586
sp|P13591|NCAM1_HUMAN,9293780.259174597,6962220.343851365,-0.6112710740490817,0.009536407887935638,0.031196469975598586
sp|P63172|DYLT1_HUMAN,892109.1307116908,692731.4957878574,-0.386365342483436,0.009536407887935638,0.031196469975598586
sp|Q92905|CSN5_HUMAN,29164270.415860314,33210153.741661347,0.19275101807593925,0.009536407887935638,0.031196469975598586
sp|Q13442|HAP28_HUMAN,167042404.0136185,219350748.1415058,0.339674659887582,0.009536407887935638,0.031196469975598586
sp|P42773|CDN2C_HUMAN,26298545.566055994,36428650.264063194,0.35692926704746053,0.009536407887935638,0.031196469975598586
sp|O15144|ARPC2_HUMAN,73335858.81980649,59260240.45131189,-0.3809505667285465,0.009536407887935638,0.031196469975598586
sp|P0C870|JMJD7_HUMAN,9976635.830070544,12829537.380157301,0.27967723684232804,0.009536407887935638,0.031196469975598586
sp|Q96B36|AKTS1_HUMAN,29753797.90345339,35353841.020114355,0.2514285085401179,0.009536407887935638,0.031196469975598586
sp|P09603|CSF1_HUMAN,236317.98893117934,355784.18489581824,0.7534738494082891,0.009536407887935638,0.031196469975598586
sp|Q14012|KCC1A_HUMAN / sp|Q8IU85|KCC1D_HUMAN,1206036.116304702,1951998.1199621155,0.44804165362109977,0.009536407887935638,0.031196469975598586
sp|Q76M96|CCD80_HUMAN,2234692.5988989864,3078720.8135167114,0.4121245288122855,0.009536407887935638,0.031196469975598586
sp|P61160|ARP2_HUMAN,172816684.25452867,129022982.18748453,-0.49734502866805336,0.009536407887935638,0.031196469975598586
sp|Q15700|DLG2_HUMAN,4511290.701003121,3666286.465037503,-0.3228263955747357,0.009536407887935638,0.031196469975598586
sp|O15120|PLCB_HUMAN,12905572.47589636,9500487.031105032,-0.63435431727725,0.009536407887935638,0.031196469975598586
sp|P09960|LKHA4_HUMAN,972851893.7961749,782707781.3329766,-0.336533156009111,0.009536407887935638,0.031196469975598586
sp|Q9UBV8|PEF1_HUMAN,10067139.291493285,8328680.3019547695,-0.3280731515882609,0.009536407887935638,0.031196469975598586
sp|P98095|FBLN2_HUMAN,30045946.503139414,44790987.33256101,0.45390756942471466,0.009536407887935638,0.031196469975598586
sp|E9PAV3|NACAM_HUMAN / sp|Q13765|NACA_HUMAN,42936641.2684574,50113340.309270866,0.2352429017260896,0.01025690883398056,0.0329912235216305
sp|P22087|FBRL_HUMAN,6727125.347003417,4929632.697654528,-0.4315430630698964,0.01025690883398056,0.0329912235216305
sp|P59190|RAB15_HUMAN,97704294.61338386,123053821.9494115,0.3332183506613932,0.01025690883398056,0.0329912235216305
sp|P02671|FIBA_HUMAN,3647470900.630626,2978234725.4637427,-0.47360450118058645,0.01025690883398056,0.0329912235216305
sp|O15533|TPSN_HUMAN,5091789.007603271,3707275.2447746247,-0.5586699595442715,0.01025690883398056,0.0329912235216305
sp|Q9NTK5|OLA1_HUMAN,99041078.4328598,71973892.36689244,-0.6926079317363966,0.01025690883398056,0.0329912235216305
sp|Q8N9V3|WSDU1_HUMAN,618347.9716236459,1052335.9165101931,0.511942467674375,0.01025690883398056,0.0329912235216305
sp|P51688|SPHM_HUMAN,9867310.451476384,13783406.834716182,0.39541227860087524,0.01025690883398056,0.0329912235216305
sp|Q99575|POP1_HUMAN,1381337.4361596643,1986786.2677445528,0.36229011106939674,0.01025690883398056,0.0329912235216305
sp|Q9UBF6|RBX2_HUMAN,4348605.046049789,5975878.271303053,0.2807976908224858,0.01025690883398056,0.0329912235216305
sp|Q9BV38|WDR18_HUMAN,995457.0368936766,804312.1509961566,-0.44206752229805285,0.01025690883398056,0.0329912235216305
sp|Q96S90|LYSM1_HUMAN / sp|Q8IV50|LYSM2_HUMAN,2114908.1060175304,2848958.25190045,0.570690497441107,0.01025690883398056,0.0329912235216305
sp|P49257|LMAN1_HUMAN,18745583.301992822,14639857.557417775,-0.41011498734828233,0.01025690883398056,0.0329912235216305
sp|Q9NP97|DLRB1_HUMAN,16920402.18594674,21143591.125948034,0.2307471235603819,0.01025690883398056,0.0329912235216305
sp|Q9H3Q1|BORG4_HUMAN,23327550.69948366,29958306.455989968,0.2914890666488215,0.01025690883398056,0.0329912235216305
sp|P30520|PURA2_HUMAN,20272068.70415451,17624426.22364429,-0.3157945916669683,0.01025690883398056,0.0329912235216305
sp|P04271|S100B_HUMAN,128563163.95992012,160445570.16190076,0.3612982849851002,0.01025690883398056,0.0329912235216305
sp|P25686|DNJB2_HUMAN,19374242.73784832,23187015.42444331,0.24025956034131063,0.01025690883398056,0.0329912235216305
sp|Q9BWM7|SFXN3_HUMAN,36159177.407413825,27270366.107177526,-0.42855533280778896,0.01025690883398056,0.0329912235216305
sp|Q9Y4P3|TBL2_HUMAN,4026144.384213111,6388830.880163013,0.49612375749500004,0.01025690883398056,0.0329912235216305
sp|P29218|IMPA1_HUMAN,65852166.6188488,54961782.49200736,-0.3567286748665644,0.01025690883398056,0.0329912235216305
sp|Q02040|AK17A_HUMAN,2819815.0237519266,3940383.2344481093,0.3787562177850178,0.01025690883398056,0.0329912235216305
sp|Q6UXH1|CREL2_HUMAN,8712163.600193188,10535069.91287218,0.22096268504026753,0.01025690883398056,0.0329912235216305
sp|P06132|DCUP_HUMAN,58141403.91366793,75874000.37416716,0.3144426465745429,0.01025690883398056,0.0329912235216305
sp|Q14677|EPN4_HUMAN,11319298.86011081,13571802.498465339,0.23249467284135023,0.01025690883398056,0.0329912235216305
sp|P10523|ARRS_HUMAN,5046646.3868694035,6623198.205656454,0.2838582060963679,0.01102352887392044,0.03484974642025309
sp|Q9Y5S2|MRCKB_HUMAN,4639982.414239773,5822683.682688613,0.2773077389929964,0.01102352887392044,0.03484974642025309
sp|O00391|QSOX1_HUMAN,18319370.528452642,22426557.56605488,0.25469791453986085,0.01102352887392044,0.03484974642025309
sp|Q6ZSR9|YJ005_HUMAN,11954462.928554764,14712306.186977252,0.3101663378566073,0.01102352887392044,0.03484974642025309
sp|O95758|PTBP3_HUMAN,29757489.04332101,23308118.392755095,-0.38316323583567474,0.01102352887392044,0.03484974642025309
sp|P14543|NID1_HUMAN,508136604.8055466,675310515.9211662,0.34581336660008183,0.01102352887392044,0.03484974642025309
sp|Q9Y657|SPIN1_HUMAN,1417014.5477266398,1078240.5367411445,-0.4979962211553789,0.01102352887392044,0.03484974642025309
sp|Q99798|ACON_HUMAN,1194872225.1988807,855463265.4751345,-0.7138404684023041,0.01102352887392044,0.03484974642025309
sp|P25815|S100P_HUMAN,2269160.04092803,6086269.638885158,0.6749915522564359,0.01102352887392044,0.03484974642025309
sp|Q9NW68|BSDC1_HUMAN,12619070.594430655,14698819.025647478,0.22546596308650738,0.01102352887392044,0.03484974642025309
sp|Q16222|UAP1_HUMAN,67555167.97800438,90097435.7748125,0.3329944043913783,0.01102352887392044,0.03484974642025309
sp|Q12962|TAF10_HUMAN,135276.18974882807,240018.20968542644,0.7141733783152394,0.01102352887392044,0.03484974642025309
sp|P14780|MMP9_HUMAN,26880776.557049036,139869080.60151646,0.8034189432515033,0.01102352887392044,0.03484974642025309
sp|Q9BSU1|PHAF1_HUMAN,2094806.4163975588,3135978.641245976,0.6642003393898283,0.01102352887392044,0.03484974642025309
sp|Q16740|CLPP_HUMAN,26563022.44699536,32037754.646277674,0.28024999916784615,0.01102352887392044,0.03484974642025309
sp|P59998|ARPC4_HUMAN,117921168.9599408,88118143.51074287,-0.49522373071237863,0.01102352887392044,0.03484974642025309
sp|P50225|ST1A1_HUMAN,70789104.27708851,52122248.097388975,-0.5288315411599894,0.01102352887392044,0.03484974642025309
sp|Q5HYW2|NHSL2_HUMAN,1289377.7069388945,1664582.3176667856,0.42972451920137494,0.01102352887392044,0.03484974642025309
sp|Q6P9B6|MEAK7_HUMAN,3753452.367543615,4993736.385176467,0.36516211161249285,0.01102352887392044,0.03484974642025309
sp|Q9Y305|ACOT9_HUMAN,13866303.571437737,10229945.267400587,-0.4414303060553141,0.01102352887392044,0.03484974642025309
sp|Q9UHG3|PCYOX_HUMAN,137596998.6196181,173491277.1941193,0.26053585256396755,0.01102352887392044,0.03484974642025309
sp|O94989|ARHGF_HUMAN,688439.582506991,1065178.4730406397,0.46154651977126765,0.01102352887392044,0.03484974642025309
sp|O43583|DENR_HUMAN,6226435.847957511,8558902.315043824,0.3848447096784212,0.01102352887392044,0.03484974642025309
sp|Q96PU5|NED4L_HUMAN,676901.569977371,483469.5083794485,-0.5757964468686467,0.01102352887392044,0.03484974642025309
sp|Q6ZU35|CRACD_HUMAN,412882.32654030516,155064.8450221158,-2.480705978438325,0.01102352887392044,0.03484974642025309
sp|P00491|PNPH_HUMAN,406761171.80272543,573186563.0950941,0.4411570577933003,0.01102352887392044,0.03484974642025309
sp|P08865|RSSA_HUMAN,430588585.7816564,332546509.21139663,-0.3447977164719425,0.011838570237159729,0.03679617782909944
sp|O14791|APOL1_HUMAN,3927665.7797713727,6981225.059012525,0.5870125794958463,0.011838570237159729,0.03679617782909944
sp|Q86TU7|SETD3_HUMAN,18898680.773258634,21822654.516453564,0.18353797963846422,0.011838570237159729,0.03679617782909944
sp|Q9HCN8|SDF2L_HUMAN,10103155.317734497,12846694.957739832,0.25214998882732537,0.011838570237159729,0.03679617782909944
sp|Q9NTM9|CUTC_HUMAN,22755850.26307764,29909999.76518011,0.40951648589667516,0.011838570237159729,0.03679617782909944
sp|Q9NWX5|ASB6_HUMAN,12238758.665590411,8775916.884589998,-0.49529198351439646,0.011838570237159729,0.03679617782909944
sp|P20336|RAB3A_HUMAN,66675836.22013392,79760947.17514423,0.2578728397986432,0.011838570237159729,0.03679617782909944
sp|P49914|MTHFS_HUMAN,228436.4014720078,549887.6295952107,0.6192134375801821,0.011838570237159729,0.03679617782909944
sp|P17987|TCPA_HUMAN,81911210.66387618,66185211.77699582,-0.42214049968168904,0.011838570237159729,0.03679617782909944
sp|P17813|EGLN_HUMAN,3812402.9705543434,3210701.1728510563,-0.5580220668957929,0.011838570237159729,0.03679617782909944
sp|Q10570|CPSF1_HUMAN,18451321.699088667,15890786.907483453,-0.2061773518317677,0.011838570237159729,0.03679617782909944
sp|Q9Y2I6|NINL_HUMAN,720033.6366730715,1154774.253943707,0.7554136470185789,0.011838570237159729,0.03679617782909944
sp|Q99715|COCA1_HUMAN,27394142.61438786,21365194.519361623,-0.3859329035835071,0.011838570237159729,0.03679617782909944
sp|P30046|DOPD_HUMAN,627317995.8736804,742049989.8926886,0.2592708895850323,0.011838570237159729,0.03679617782909944
sp|P15848|ARSB_HUMAN,6161997.644012413,8753254.902393525,0.42183928308092167,0.011838570237159729,0.03679617782909944
sp|Q9HD15|SRA1_HUMAN,3810225.9021480232,5021440.636653436,0.3409901645408536,0.011838570237159729,0.03679617782909944
sp|O75023|LIRB5_HUMAN,9657797.073563004,11966840.404723551,0.2504973986027431,0.011838570237159729,0.03679617782909944
sp|Q8WW22|DNJA4_HUMAN,209685.24729817032,556620.0663629397,1.0418255367928355,0.011838570237159729,0.03679617782909944
sp|Q14517|FAT1_HUMAN,411738.35675654875,718404.4146371402,0.828360626923211,0.011838570237159729,0.03679617782909944
sp|Q86VX9|MON1A_HUMAN,1413249.5825935774,1895664.734657485,0.3418921229719784,0.011838570237159729,0.03679617782909944
sp|P53990|IST1_HUMAN,4599023.6676986655,5353456.563244967,0.20527726613957828,0.011838570237159729,0.03679617782909944
sp|Q9GZM7|TINAL_HUMAN,8422917.711979799,10298114.736020653,0.2968392882250393,0.011838570237159729,0.03679617782909944
sp|Q06265|EXOS9_HUMAN,3037970.5750191393,2111544.658460234,-0.5550300031568361,0.011838570237159729,0.03679617782909944
sp|P12883|MYH7_HUMAN,73937760.6486592,87357554.98488678,0.26283563910623226,0.011838570237159729,0.03679617782909944
sp|Q9BQG2|NUD12_HUMAN,12523513.323959922,17272040.321470045,0.454441183925582,0.011838570237159729,0.03679617782909944
sp|Q8IZY2|ABCA7_HUMAN,5528349.330814959,7560821.163883883,0.36238975887724995,0.011838570237159729,0.03679617782909944
sp|P07357|CO8A_HUMAN,102789136.75504395,71788803.25136848,-0.7197724411937859,0.012704446911811829,0.038858279623827256
sp|P35611|ADDA_HUMAN,201826116.51296312,152627018.12685752,-0.5136769118076537,0.012704446911811829,0.038858279623827256
sp|O43251|RFOX2_HUMAN / sp|Q9NWB1|RFOX1_HUMAN,15680221.544506395,12388046.325529117,-0.4978258732252251,0.012704446911811829,0.038858279623827256
sp|Q8WUF5|IASPP_HUMAN,1923379.3690184602,1459533.8728848223,-0.4603487723687994,0.012704446911811829,0.038858279623827256
sp|P62805|H4_HUMAN,359354673.79038554,230678689.3195004,-0.8351800996949107,0.012704446911811829,0.038858279623827256
sp|P28340|DPOD1_HUMAN,66408699.12597675,47233328.33044903,-0.864860502854693,0.012704446911811829,0.038858279623827256
sp|Q16630|CPSF6_HUMAN,7821369.708403547,5909641.296976522,-0.3968729052356033,0.012704446911811829,0.038858279623827256
sp|Q7KZF4|SND1_HUMAN,18075046.68605004,14466723.71179074,-0.3420781501402181,0.012704446911811829,0.038858279623827256
sp|Q9P0J0|NDUAD_HUMAN,8639179.007933088,6510236.470106969,-0.3823786747727786,0.012704446911811829,0.038858279623827256
sp|Q8IWZ3|ANKH1_HUMAN,2556731.761335972,1571330.8983799599,-0.737270117314175,0.012704446911811829,0.038858279623827256
sp|O43837|IDH3B_HUMAN,41451966.265274785,33581837.82874573,-0.32953173640904243,0.012704446911811829,0.038858279623827256
sp|Q5VWN6|TASO2_HUMAN,1609689.402517134,2415022.185935708,0.4811603200167144,0.012704446911811829,0.038858279623827256
sp|Q9HC35|EMAL4_HUMAN,10931192.843342248,8232560.261031814,-0.4404195744084253,0.012704446911811829,0.038858279623827256
sp|O75558|STX11_HUMAN,476783.2241446224,634156.9312283834,0.3742151099664181,0.012704446911811829,0.038858279623827256
sp|O75323|NIPS2_HUMAN,37570167.112327196,26726876.323029935,-0.5513708423524425,0.012704446911811829,0.038858279623827256
sp|Q15833|STXB2_HUMAN,10289485.440211466,13952429.724246938,0.28243446517987847,0.012704446911811829,0.038858279623827256
sp|Q13432|U119A_HUMAN,7261619.965076953,5195573.948050728,-0.6721346618850541,0.012704446911811829,0.038858279623827256
sp|Q9NRX2|RM17_HUMAN,11433180.488186214,8651099.031496199,-0.6194381849646,0.012704446911811829,0.038858279623827256
sp|O43768|ENSA_HUMAN,10648265.304457862,15490782.834047023,0.4608201784034388,0.012704446911811829,0.038858279623827256
sp|O75947|ATP5H_HUMAN,62222912.27890946,76515466.37560913,0.3057651494055001,0.012704446911811829,0.038858279623827256
sp|Q12974|TP4A2_HUMAN,5724778.941317567,8645848.700096134,0.707375277309854,0.012704446911811829,0.038858279623827256
sp|Q6FI13|H2A2A_HUMAN / sp|Q99878|H2A1J_HUMAN / sp|P0C0S8|H2A1_HUMAN / sp|Q9BTM1|H2AJ_HUMAN / sp|P20671|H2A1D_HUMAN / sp|Q96KK5|H2A1H_HUMAN / sp|Q16777|H2A2C_HUMAN,243008205.20164493,144915200.18660638,-0.8014461317276181,0.012704446911811829,0.038858279623827256
sp|P09669|COX6C_HUMAN,14639858.287115755,10608717.145936918,-0.4565792802729113,0.012704446911811829,0.038858279623827256
sp|Q8NDH3|PEPL1_HUMAN,26310808.275544576,41110706.314282164,0.5135083668955609,0.012704446911811829,0.038858279623827256
sp|Q969V3|NCLN_HUMAN,5182077.771505037,4098067.6513621425,-0.3382305758746182,0.012704446911811829,0.038858279623827256
sp|Q32MK0|MYLK3_HUMAN / sp|Q86YV6|MYLK4_HUMAN / sp|Q9H1R3|MYLK2_HUMAN,7565197.092635038,6409622.631847371,-0.27439690686226753,0.01362369954586029,0.04101639530776884
sp|O15127|SCAM2_HUMAN,6181192.962015864,7567524.124884916,0.28404142867332843,0.01362369954586029,0.04101639530776884
sp|Q13200|PSMD2_HUMAN,79980490.68132487,92393709.62415245,0.1732450911324143,0.01362369954586029,0.04101639530776884
sp|P28906|CD34_HUMAN,42626246.78605438,32050048.947573993,-0.44329702892598544,0.01362369954586029,0.04101639530776884
sp|P46109|CRKL_HUMAN,69222690.87962194,59044215.83218239,-0.24724568006016792,0.01362369954586029,0.04101639530776884
sp|Q86T03|PP4P1_HUMAN,4744430.4481199905,6921231.896742999,0.3672924006798678,0.01362369954586029,0.04101639530776884
sp|P60660|MYL6_HUMAN,956276426.8908228,1062068930.2086207,0.14713361499241767,0.01362369954586029,0.04101639530776884
sp|Q9Y388|RBMX2_HUMAN,2487369.042416641,3537215.6516222586,0.3592832309472285,0.01362369954586029,0.04101639530776884
sp|Q96DE0|NUD16_HUMAN,21807994.39842942,26624276.80683767,0.3223461877506607,0.01362369954586029,0.04101639530776884
sp|Q9Y3E7|CHMP3_HUMAN,10807666.397195758,13634597.386710225,0.34754037920692554,0.01362369954586029,0.04101639530776884
sp|Q15006|EMC2_HUMAN,1754594.5598344668,1410210.6328949567,-0.26461517608902846,0.01362369954586029,0.04101639530776884
sp|Q8NHH1|TTL11_HUMAN,2428565.4715990373,3514323.6299345433,0.4647198285841503,0.01362369954586029,0.04101639530776884
sp|P19105|ML12A_HUMAN / sp|O14950|ML12B_HUMAN,64917493.5866937,80426649.64630795,0.28801134918363225,0.01362369954586029,0.04101639530776884
sp|Q9NXV6|CARF_HUMAN,409727.9844458859,274301.92669424374,-0.6920111796786573,0.01362369954586029,0.04101639530776884
sp|Q9BUN8|DERL1_HUMAN,6532362.312154858,4729752.1274016285,-0.5858668366541355,0.01362369954586029,0.04101639530776884
sp|Q9BV44|THUM3_HUMAN,2333612.676496954,1984955.8394654766,-0.25918882318051406,0.01362369954586029,0.04101639530776884
sp|O95210|STBD1_HUMAN,34172382.18065469,39929222.24031758,0.21372931520871058,0.01362369954586029,0.04101639530776884
sp|P84090|ERH_HUMAN,2430616.936028453,1561369.8115389147,-0.7310769080496712,0.01362369954586029,0.04101639530776884
sp|Q04721|NOTC2_HUMAN,10112209.202360738,12474438.435974566,0.24853221670453937,0.01362369954586029,0.04101639530776884
sp|Q9NVI7|ATD3A_HUMAN,1799635.179934977,2480162.4484389997,0.6873251029333817,0.01362369954586029,0.04101639530776884
sp|A4D1P6|WDR91_HUMAN,8441336.112008324,6901027.313293188,-0.35501948629674995,0.01362369954586029,0.04101639530776884
sp|P36542|ATPG_HUMAN,157549143.51190427,201514582.96251884,0.3647025763695963,0.01362369954586029,0.04101639530776884
sp|P51884|LUM_HUMAN,4637096657.340521,7111881168.158738,0.4129905796906859,0.01362369954586029,0.04101639530776884
sp|Q96H79|ZCCHL_HUMAN,44870160.077973425,29164354.44347075,-0.7421056433434747,0.01362369954586029,0.04101639530776884
sp|Q9H425|CA198_HUMAN,42599257.12581287,55864930.85904006,0.2899521519157998,0.01362369954586029,0.04101639530776884
sp|P27918|PROP_HUMAN,6724603.954433745,8784807.16084415,0.42996793642809245,0.014598868787288666,0.043515510130557954
sp|Q9Y6K1|DNM3A_HUMAN,219233.903361955,395385.5771574973,-0.026906424544932164,0.014598868787288666,0.043515510130557954
sp|Q9H3Y8|PPDPF_HUMAN,189754.94894609269,273131.15194142034,0.6120188174426033,0.014598868787288666,0.043515510130557954
sp|Q8TET4|GANC_HUMAN,11771440.60921204,15038963.712922197,0.3505767487514646,0.014598868787288666,0.043515510130557954
sp|Q04446|GLGB_HUMAN,323608778.9042517,475739894.04782236,0.3425522172601821,0.014598868787288666,0.043515510130557954
sp|Q5T9S5|CCD18_HUMAN,2871632.15286029,4075864.4702559137,0.2685493326228499,0.014598868787288666,0.043515510130557954
sp|Q96MP5|ZSWM3_HUMAN,3492029.2819861136,4234640.159382454,0.24758661594412498,0.014598868787288666,0.043515510130557954
sp|Q6UUV9|CRTC1_HUMAN,4671623.421093581,5753182.062265309,0.35233715663237497,0.014598868787288666,0.043515510130557954
sp|Q9NY12|GAR1_HUMAN,5815765.003508223,4174409.878929929,-0.5307184483224713,0.014598868787288666,0.043515510130557954
sp|Q96T37|RBM15_HUMAN,604041.1584315195,380136.1057149097,-0.727505380397232,0.014598868787288666,0.043515510130557954
sp|P34913|HYES_HUMAN,52224990.2018979,40393126.11386203,-0.40753117820581064,0.014598868787288666,0.043515510130557954
sp|P53985|MOT1_HUMAN,216762.47334501846,213689.5970751555,-1.4218815424715896,0.014598868787288666,0.043515510130557954
sp|P22626|ROA2_HUMAN,455122524.81127644,366295605.28323823,-0.3452038318128,0.014598868787288666,0.043515510130557954
sp|Q92954|PRG4_HUMAN,11037194.020420304,14866326.481514275,0.3652643983872891,0.014598868787288666,0.043515510130557954
sp|P07998|RNAS1_HUMAN,36567870.5188918,51406455.46315795,0.28417382073200326,0.014598868787288666,0.043515510130557954
sp|Q12857|NFIA_HUMAN,960687.8810265138,1496517.6992678333,0.5313071953540577,0.014598868787288666,0.043515510130557954
sp|Q9UBS4|DJB11_HUMAN,12039379.024437124,13880807.216225987,0.1816950897014147,0.01563260704278946,0.0457444397550894
sp|Q96HE7|ERO1A_HUMAN,201981688.8723487,165108801.94133958,-0.33544881091154266,0.01563260704278946,0.0457444397550894
sp|Q15796|SMAD2_HUMAN,1398292.6174214482,941125.4327811226,-0.6548917133338001,0.01563260704278946,0.0457444397550894
sp|Q15811|ITSN1_HUMAN,44370212.22352235,51177132.80703992,0.19021726967236408,0.01563260704278946,0.0457444397550894
sp|Q16695|H31T_HUMAN / sp|P84243|H33_HUMAN / sp|Q71DI3|H32_HUMAN / sp|P68431|H31_HUMAN,149551827.56007215,100005304.02335927,-0.7715163692994753,0.01563260704278946,0.0457444397550894
sp|Q6VEQ5|WASH2_HUMAN / sp|C4AMC7|WASH3_HUMAN,3079183.1763976375,3816687.663645727,0.29119532942073917,0.01563260704278946,0.0457444397550894
sp|Q9UKV3|ACINU_HUMAN,16216721.506763497,13007318.633942563,-0.3143597324002541,0.01563260704278946,0.0457444397550894
sp|A0A0B4J271|TVAL3_HUMAN,1874361.316359205,1411010.7780789924,-0.4375389578485568,0.01563260704278946,0.0457444397550894
sp|P48509|CD151_HUMAN,27952564.94154873,34694358.64094175,0.28656667826194976,0.01563260704278946,0.0457444397550894
sp|Q13310|PABP4_HUMAN,77639163.97066346,61029127.240343764,-0.48494037903878223,0.01563260704278946,0.0457444397550894
sp|O43678|NDUA2_HUMAN,11942992.548275277,14690873.973593136,0.17944821189927854,0.01563260704278946,0.0457444397550894
sp|Q9Y512|SAM50_HUMAN,1656769.210207926,1293236.4752620652,-0.34107635647927853,0.01563260704278946,0.0457444397550894
sp|Q13838|DX39B_HUMAN,49432312.04152376,38366988.38373158,-0.34059492624750703,0.01563260704278946,0.0457444397550894
sp|Q9H496|IFG15_HUMAN,1000276.1152765157,1451758.9990282652,0.340585411042861,0.01563260704278946,0.0457444397550894
sp|Q16773|KAT1_HUMAN,4633061.811824484,5807451.004868841,0.3025176879657785,0.01563260704278946,0.0457444397550894
sp|Q9HBK9|AS3MT_HUMAN,5978073.312300152,13190551.788005786,0.8214651386746391,0.01563260704278946,0.0457444397550894
sp|P35579|MYH9_HUMAN,270290244.202774,326980547.5259839,0.25418219194875025,0.01563260704278946,0.0457444397550894
sp|Q9BQ61|TRIR_HUMAN,8472559.978859713,10461974.561903123,0.26338558501678205,0.01563260704278946,0.0457444397550894
sp|O95415|BRI3_HUMAN,522775.35359099804,743559.1582950823,-0.141473073000768,0.01563260704278946,0.0457444397550894
sp|P07996|TSP1_HUMAN,111578258.0361012,182545196.30659366,0.4446545608977823,0.01563260704278946,0.0457444397550894
sp|P24593|IBP5_HUMAN,11334905.21783945,14053033.326003918,0.26649166328808555,0.01563260704278946,0.0457444397550894
sp|P19087|GNAT2_HUMAN,89573462.6364703,72790032.96594776,-0.3450727479650785,0.01563260704278946,0.0457444397550894
sp|Q8IWC1|MA7D3_HUMAN,3259065.9777523396,4156104.9761346853,0.5840257471791109,0.01563260704278946,0.0457444397550894
sp|P07108|ACBP_HUMAN,458394974.57882166,647705003.6260712,0.36018474582621024,0.01563260704278946,0.0457444397550894
sp|Q9NQ50|RM40_HUMAN,3108127.5443438957,2262552.7695966847,-0.5656407750270072,0.01563260704278946,0.0457444397550894
sp|P60228|EIF3E_HUMAN,3949540.4316448383,2640244.594850174,-0.5628399860402072,0.01563260704278946,0.0457444397550894
sp|Q9Y3D8|KAD6_HUMAN,461366.6060880263,2235022.721855694,0.7355652302233214,0.01563260704278946,0.0457444397550894
sp|Q17R31|TATD3_HUMAN,8694321.92658147,10508222.505018767,0.24262821653076108,0.01563260704278946,0.0457444397550894
sp|P19397|CD53_HUMAN,1007213.7676195562,1906060.9774668203,0.6433899022835385,0.01563260704278946,0.0457444397550894
sp|O75122|CLAP2_HUMAN,296762.9261990651,227547.292344965,-0.05930611677612868,0.01563260704278946,0.0457444397550894
sp|Q96EL2|RT24_HUMAN,7885935.246346341,16075418.534310373,1.1900777302344252,0.016727693378925323,0.04835915694304977
sp|P61586|RHOA_HUMAN,181987397.28370363,221097381.91324478,0.2501598868460857,0.016727693378925323,0.04835915694304977
sp|O43169|CYB5B_HUMAN,5102972.238167405,6361683.522377367,0.2716085677445249,0.016727693378925323,0.04835915694304977
sp|Q96F24|NRBF2_HUMAN,3310300.9584515467,4749237.383077398,0.6633092811395641,0.016727693378925323,0.04835915694304977
sp|O75167|PHAR2_HUMAN,1091720.3510414124,1444780.106381243,0.5275180322411818,0.016727693378925323,0.04835915694304977
sp|P42025|ACTY_HUMAN,111978750.15577327,94847812.46275844,-0.2837708761557677,0.016727693378925323,0.04835915694304977
sp|P26641|EF1G_HUMAN,125666672.35558136,88806453.18061061,-0.5925052017594143,0.016727693378925323,0.04835915694304977
sp|P35609|ACTN2_HUMAN,153196182.16920722,110667345.91857043,-0.48641984902734287,0.016727693378925323,0.04835915694304977
sp|P21912|SDHB_HUMAN,162740451.38847944,190238510.6800759,0.2184262958666994,0.016727693378925323,0.04835915694304977
sp|P13489|RINI_HUMAN,987938146.3022581,868906410.391243,-0.18049101495347525,0.016727693378925323,0.04835915694304977
sp|Q9HDC9|APMAP_HUMAN,140845622.90983957,111992747.76974323,-0.47726177749537146,0.016727693378925323,0.04835915694304977
sp|P33316|DUT_HUMAN,34114130.06072715,29097385.98456517,-0.23060256134658905,0.016727693378925323,0.04835915694304977
sp|Q96RU3|FNBP1_HUMAN,21554232.338805098,25559246.262067974,0.23631950206237143,0.016727693378925323,0.04835915694304977
sp|P32004|L1CAM_HUMAN,2273897.245584453,3175371.025225497,0.48322110851600336,0.016727693378925323,0.04835915694304977
sp|P21266|GSTM3_HUMAN,306258668.23616046,229731726.1205986,-0.7472601931014039,0.016727693378925323,0.04835915694304977
sp|P62495|ERF1_HUMAN,1595925.942393354,2353391.2881292375,0.4904405664241788,0.016727693378925323,0.04835915694304977
sp|Q96NT1|NP1L5_HUMAN,33597453.09100195,38831466.31177761,0.22642451695582153,0.016727693378925323,0.04835915694304977
sp|Q14789|GOGB1_HUMAN,13437852.552442556,15944801.105515976,0.22545335027388883,0.016727693378925323,0.04835915694304977
sp|Q8ND56|LS14A_HUMAN,1557027.3315000783,1080062.4867897283,-0.41003831666395774,0.016727693378925323,0.04835915694304977
sp|Q9H3Z7|ABHGB_HUMAN,10918250.841255873,8178948.015869973,-0.7145867540213888,0.016727693378925323,0.04835915694304977
sp|O43292|GPAA1_HUMAN,790977.4506090143,509057.9374085195,-0.6739969277173893,0.017886914312839508,0.05127795805693955
sp|Q4G0P3|HYDIN_HUMAN,4845643.954180813,3203967.0631767414,-0.5483093922174684,0.017886914312839508,0.05127795805693955
sp|Q86TE4|LUZP2_HUMAN,1946254.3547335775,1505617.0082105699,-0.6490105539718359,0.017886914312839508,0.05127795805693955
sp|Q13283|G3BP1_HUMAN,26907359.676537972,23108778.053420126,-0.2446158594755676,0.017886914312839508,0.05127795805693955
sp|O15455|TLR3_HUMAN,1236537.8056907097,1745788.614149635,0.42816392851787477,0.017886914312839508,0.05127795805693955
sp|O43715|TRIA1_HUMAN,706983.826030272,949187.3720851386,0.6708711163601571,0.017886914312839508,0.05127795805693955
sp|Q00169|PIPNA_HUMAN,14484946.40371835,11039070.890403945,-0.4832674719330858,0.017886914312839508,0.05127795805693955
sp|Q92526|TCPW_HUMAN,17865374.763206284,14303394.023520505,-0.41388722728542493,0.017886914312839508,0.05127795805693955
sp|Q9P2R3|ANFY1_HUMAN,2573472.5542755616,4395490.918992397,0.43678531322495395,0.017886914312839508,0.05127795805693955
sp|O14776|TCRG1_HUMAN,1321006.9642943295,1002323.1923812166,-0.5874945332054965,0.017886914312839508,0.05127795805693955
sp|P18669|PGAM1_HUMAN,1717002547.7331903,2006486599.8414419,0.17416130436393257,0.017886914312839508,0.05127795805693955
sp|Q92692|NECT2_HUMAN,12635367.199227635,15922369.958743313,0.3771682311834747,0.017886914312839508,0.05127795805693955
sp|P49006|MRP_HUMAN,4438573.4146458525,2819992.434804276,-0.6855198000643286,0.017886914312839508,0.05127795805693955
sp|Q9P121|NTRI_HUMAN,2445183.4863861273,3220757.766793903,0.4002177414341824,0.017886914312839508,0.05127795805693955
sp|Q0VD83|APOBR_HUMAN,3349727.7921919627,4588795.406426242,0.449760548188832,0.019113145768642426,0.053987043286471456
sp|P35749|MYH11_HUMAN,556212126.4500364,425313459.84274775,-0.3131757908998577,0.019113145768642426,0.053987043286471456
sp|P22352|GPX3_HUMAN,432202520.0533032,619850310.3864831,0.3863721277646825,0.019113145768642426,0.053987043286471456
sp|P26196|DDX6_HUMAN,8479654.536672665,7062889.496644103,-0.3296946408726284,0.019113145768642426,0.053987043286471456
sp|P21589|5NTD_HUMAN,49670146.36652935,42164794.407765016,-0.28390578710115716,0.019113145768642426,0.053987043286471456
sp|Q9UL25|RAB21_HUMAN,28494540.30435326,34027539.42539363,0.26001619628733874,0.019113145768642426,0.053987043286471456
sp|Q9UL18|AGO1_HUMAN,33382513.411651425,27524015.11919614,-0.328694105797275,0.019113145768642426,0.053987043286471456
sp|O43772|MCAT_HUMAN,24575665.855141293,21611116.36497318,-0.19137409329301747,0.019113145768642426,0.053987043286471456
sp|Q5TEC6|H3PS2_HUMAN,105700106.15985206,73847277.93330804,-0.6185969613301606,0.019113145768642426,0.053987043286471456
sp|P60981|DEST_HUMAN,356007267.50778466,262430201.4574399,-0.38725465653490343,0.019113145768642426,0.053987043286471456
sp|P80723|BASP1_HUMAN,22446429.006900273,33786972.78359929,0.44746232117519996,0.019113145768642426,0.053987043286471456
sp|Q9NV35|NUD15_HUMAN,3800646.6489886674,5985566.923610063,0.5110756191934714,0.019113145768642426,0.053987043286471456
sp|P51911|CNN1_HUMAN,191199044.70356297,104612681.74038444,-0.5454614652551787,0.019113145768642426,0.053987043286471456
sp|Q8TBF2|PXL2B_HUMAN,3517681.524323529,4421575.119397797,0.3911106326200389,0.019113145768642426,0.053987043286471456
sp|P25963|IKBA_HUMAN,1452867.0023241506,1770260.0877341686,-0.19559748441595332,0.019113145768642426,0.053987043286471456
sp|P09493|TPM1_HUMAN,1997963304.8229136,1435483340.4632812,-0.3358752287503715,0.019113145768642426,0.053987043286471456
sp|Q96LD4|TRI47_HUMAN,12476997.429696858,17008540.865052145,0.403769994576536,0.019113145768642426,0.053987043286471456
sp|P41439|FOLR3_HUMAN,2567696.4201005246,11134202.027481142,0.7069793509004573,0.019113145768642426,0.053987043286471456
sp|P07585|PGS2_HUMAN,274205554.2984005,424916006.31321144,0.48934868346781446,0.019113145768642426,0.053987043286471456
sp|P02766|TTHY_HUMAN,894793257.479303,1241526341.0847735,0.40336746647507865,0.019113145768642426,0.053987043286471456
sp|O14639|ABLM1_HUMAN,88638835.78727843,101598411.0232228,0.1694768504800177,0.019113145768642426,0.053987043286471456
sp|P62314|SMD1_HUMAN,26796798.159707125,19949098.09072913,-0.5150603968955252,0.019113145768642426,0.053987043286471456
sp|P45954|ACDSB_HUMAN,79608205.22007458,93380247.90068866,0.24250715774336484,0.019113145768642426,0.053987043286471456
sp|Q9NZ09|UBAP1_HUMAN,1191025.8424201508,1485469.2657936185,0.27266248671229637,0.019113145768642426,0.053987043286471456
sp|O14558|HSPB6_HUMAN,1682370409.6276765,2077250604.9971414,0.36299751071241076,0.019113145768642426,0.053987043286471456
sp|Q9BZF9|UACA_HUMAN,19370874.20067308,15296223.32589982,-0.2619679389431892,0.020409412682056427,0.05661547483305711
sp|O43155|FLRT2_HUMAN,5429464.297000641,6628847.628925942,0.307380850090775,0.020409412682056427,0.05661547483305711
sp|P34096|RNAS4_HUMAN,15024924.830077091,17958236.43541614,0.21671957540117895,0.020409412682056427,0.05661547483305711
sp|Q86YS6|RAB43_HUMAN,53355190.57793007,66417168.26416484,0.33674861646088244,0.020409412682056427,0.05661547483305711
sp|Q9Y696|CLIC4_HUMAN,60060883.21917372,45755950.130503304,-0.5265474847815179,0.020409412682056427,0.05661547483305711
sp|Q9HC77|CENPJ_HUMAN,5835610.618714561,7978809.776420879,0.45281554185132133,0.020409412682056427,0.05661547483305711
sp|Q7Z6K5|ARPIN_HUMAN,38732625.45886802,34595025.8046361,-0.19030046242566062,0.020409412682056427,0.05661547483305711
sp|Q9BY49|PECR_HUMAN,2913360.144544919,3550716.509972484,0.3199097112995001,0.020409412682056427,0.05661547483305711
sp|O00182|LEG9_HUMAN,6746613.312229918,4388380.262483894,-0.619446142894125,0.020409412682056427,0.05661547483305711
sp|Q86WI1|PKHL1_HUMAN,212808.35777377733,4033411.163980344,-1.8514348520632729,0.020409412682056427,0.05661547483305711
sp|Q8TDP1|RNH2C_HUMAN,5528725.201803629,4429869.796883593,-0.2578725300928117,0.020409412682056427,0.05661547483305711
sp|Q9P258|RCC2_HUMAN,4197629.093633642,3693663.6784983273,-0.25927056352576044,0.020409412682056427,0.05661547483305711
sp|Q13045|FLII_HUMAN,8071754.076930603,6175053.082462279,-0.43598127935222497,0.020409412682056427,0.05661547483305711
sp|Q9UPT5|EXOC7_HUMAN,798711.4032384615,1420748.8157079667,0.5684719353015463,0.020409412682056427,0.05661547483305711
sp|Q13084|RM28_HUMAN,4123479.517140336,3279561.2569027776,-0.464068271809054,0.020409412682056427,0.05661547483305711
sp|O14744|ANM5_HUMAN,148020905.0841749,114945416.03710939,-0.543826106276511,0.020409412682056427,0.05661547483305711
sp|Q9BQE5|APOL2_HUMAN,2378881.390270783,2946835.9126707935,0.32078420669719965,0.020409412682056427,0.05661547483305711
sp|Q8NCC3|PAG15_HUMAN,28371503.336438585,38192979.30065258,0.3292119268282966,0.020409412682056427,0.05661547483305711
sp|P52815|RM12_HUMAN,14427959.896869263,18374085.815331005,0.3378737293128861,0.020409412682056427,0.05661547483305711
sp|P05455|LA_HUMAN,169081136.4199627,142024414.54454395,-0.3366884695434283,0.020409412682056427,0.05661547483305711
sp|Q5SRE7|PHYD1_HUMAN,17968211.53016559,15610005.06461954,-0.1987176559752642,0.020409412682056427,0.05661547483305711
sp|Q8WXU2|DAAF4_HUMAN,1674815.4167702345,1252616.3089378402,-0.46007369676034643,0.020409412682056427,0.05661547483305711
sp|O43504|LTOR5_HUMAN,3197014.169080487,4853627.211809131,0.5025972503768787,0.020409412682056427,0.05661547483305711
sp|Q2LD37|K1109_HUMAN,675134.0051919896,1039781.1733824445,0.5616220470197354,0.020409412682056427,0.05661547483305711
sp|P49321|NASP_HUMAN,19843265.657874476,16887735.305511557,-0.26237811565733943,0.020409412682056427,0.05661547483305711
sp|Q16181|SEPT7_HUMAN,184633813.74187502,134335391.50332636,-0.4889289345072752,0.020409412682056427,0.05661547483305711
sp|Q9Y4P8|WIPI2_HUMAN,74056528.19460641,104349095.62568429,0.7528297049688784,0.020409412682056427,0.05661547483305711
sp|Q9HCE5|MET14_HUMAN,1685321.153983527,2540999.6856096718,0.6360760732651858,0.020409412682056427,0.05661547483305711
sp|Q15813|TBCE_HUMAN,798578.9216780685,467963.6324795676,-0.6974502450822648,0.020409412682056427,0.05661547483305711
sp|O00743|PPP6_HUMAN,19002273.22514377,21856414.00572444,0.20064812093979248,0.020409412682056427,0.05661547483305711
sp|Q92599|SEPT8_HUMAN,198042891.52914733,155521629.28159901,-0.35728293558631796,0.020409412682056427,0.05661547483305711
sp|Q96GC5|RM48_HUMAN,323572.7767945383,213668.2651249075,-1.1935789248076747,0.021778732538223267,0.05941792919325381
sp|Q0ZGT2|NEXN_HUMAN,33144061.87171162,41233308.76201785,0.2634735138350396,0.021778732538223267,0.05941792919325381
sp|Q8NCN5|PDPR_HUMAN,77243524.89833684,66575066.34178314,-0.24147260739099646,0.021778732538223267,0.05941792919325381
sp|P98155|VLDLR_HUMAN,5561107.421579748,7258925.437029409,0.34807506617206785,0.021778732538223267,0.05941792919325381
sp|P07451|CAH3_HUMAN,836345248.2865683,470653666.3743544,-0.630318471960157,0.021778732538223267,0.05941792919325381
sp|Q92686|NEUG_HUMAN,694042.3956201574,677580.7027048391,-0.8736063894996321,0.021778732538223267,0.05941792919325381
sp|P50579|MAP2_HUMAN,10398964.11433278,8686203.891751874,-0.23873205452863952,0.021778732538223267,0.05941792919325381
sp|Q6P6C2|ALKB5_HUMAN,507596.6818518377,394394.3408046699,-0.3642933604174319,0.021778732538223267,0.05941792919325381
sp|Q96FW1|OTUB1_HUMAN,15485599.67530256,11121988.989813779,-0.5700893028244144,0.021778732538223267,0.05941792919325381
sp|P78406|RAE1L_HUMAN,7875084.562687649,6531586.725456694,-0.36549155163968194,0.021778732538223267,0.05941792919325381
sp|Q6SPF0|SAMD1_HUMAN,1557064.7722312417,932557.1854142777,-0.8402131199278428,0.021778732538223267,0.05941792919325381
sp|Q5BKZ1|ZN326_HUMAN,1398774.6478155123,933118.1955035608,-0.6586187355906141,0.021778732538223267,0.05941792919325381
sp|Q9HD40|SPCS_HUMAN,2318439.6756567187,1668905.5273767062,-0.5292805964755608,0.021778732538223267,0.05941792919325381
sp|Q96BW5|PTER_HUMAN,103562767.55002846,142897551.89797908,0.24127436276314299,0.021778732538223267,0.05941792919325381
sp|Q14254|FLOT2_HUMAN,183933238.64729485,222340103.40274826,0.2613233940469642,0.021778732538223267,0.05941792919325381
sp|Q14166|TTL12_HUMAN,31836203.317507554,24457579.52130836,-0.49676357435854673,0.021778732538223267,0.05941792919325381
sp|Q8IYB5|SMAP1_HUMAN,3698610.7287805527,5170031.50879702,0.2393186593466931,0.021778732538223267,0.05941792919325381
sp|P62633|CNBP_HUMAN,10749079.243534671,14630099.407867244,0.25495774771618546,0.021778732538223267,0.05941792919325381
sp|O00748|EST2_HUMAN,11289963.675286403,16605117.101665031,0.4172925499187035,0.021778732538223267,0.05941792919325381
sp|Q05209|PTN12_HUMAN,6507547.622493205,7832909.908312012,0.22457069521635756,0.021778732538223267,0.05941792919325381
sp|Q03426|KIME_HUMAN,4962682.344597985,5818847.850145094,0.18434009984308578,0.021778732538223267,0.05941792919325381
sp|Q6NYC1|JMJD6_HUMAN,850883.7844622696,1438479.6322874788,0.7247945716624142,0.021778732538223267,0.05941792919325381
sp|P62714|PP2AB_HUMAN,138632710.46158168,161971749.4311876,0.17593520299276819,0.021778732538223267,0.05941792919325381
sp|Q99816|TS101_HUMAN,2492776.3496750197,3167805.758143303,0.2214841234601004,0.021778732538223267,0.05941792919325381
sp|Q96E39|RMXL1_HUMAN,55575380.46663839,46697958.04017709,-0.2823146870349219,0.021778732538223267,0.05941792919325381
sp|P61952|GBG11_HUMAN,3719871.684951879,4391066.899048333,0.2772142265954464,0.021778732538223267,0.05941792919325381
sp|P04406|G3P_HUMAN,3790219231.7541685,6272552449.952113,0.6138875968016678,0.021778732538223267,0.05941792919325381
sp|P50395|GDIB_HUMAN,387769077.0829483,302294921.6765685,-0.5842949907896859,0.021778732538223267,0.05941792919325381
sp|Q99417|MYCBP_HUMAN,4241313.04364443,5427212.440703222,0.40727233938865354,0.021778732538223267,0.05941792919325381
sp|P55001|MFAP2_HUMAN,36991880.0673714,30234735.53715187,-0.44356637407307886,0.02322421222925186,0.06233388953477611
sp|Q9Y3I1|FBX7_HUMAN,3162239.7561142268,3888812.87747305,0.2862820858240894,0.02322421222925186,0.06233388953477611
sp|Q8TBC4|UBA3_HUMAN,26989073.63705903,22718259.995298255,-0.3378384984127389,0.02322421222925186,0.06233388953477611
sp|P27708|PYR1_HUMAN,19279333.974825986,14765395.337978007,-0.3629715211239254,0.02322421222925186,0.06233388953477611
sp|O15145|ARPC3_HUMAN,78772624.7317824,64860294.97887438,-0.35654598743302507,0.02322421222925186,0.06233388953477611
sp|P30047|GFRP_HUMAN,21162339.889449064,21840225.6168951,0.20160869513418195,0.02322421222925186,0.06233388953477611
sp|Q9UN86|G3BP2_HUMAN,9286259.329836147,8016974.909062186,-0.21320209336713233,0.02322421222925186,0.06233388953477611
sp|Q9NVS2|RT18A_HUMAN,5572254.611844955,4345936.08224451,-0.4099828676411965,0.02322421222925186,0.06233388953477611
sp|Q13637|RAB32_HUMAN,3860527.646820689,7071027.102473756,0.708573106829164,0.02322421222925186,0.06233388953477611
sp|Q9HCB6|SPON1_HUMAN,45951411.079569004,40852560.9857961,-0.2911097214978966,0.02322421222925186,0.06233388953477611
sp|P46020|KPB1_HUMAN,4734859.00900524,6191852.455626139,0.2921752355674999,0.02322421222925186,0.06233388953477611
sp|P61966|AP1S1_HUMAN,3069677.9357409202,2518675.0998168564,-0.3587306453546854,0.02322421222925186,0.06233388953477611
sp|Q14764|MVP_HUMAN,158981299.28254217,127825040.51032767,-0.3467467119035855,0.02322421222925186,0.06233388953477611
sp|P62875|RPAB5_HUMAN,10244084.276821962,7183651.405233304,-0.7779842193805074,0.02322421222925186,0.06233388953477611
sp|Q63HM2|PCX4_HUMAN,2563388.905389912,3382341.705421516,0.08879704226055019,0.02322421222925186,0.06233388953477611
sp|P28676|GRAN_HUMAN,7271921.765898852,16841746.597755067,0.5570965714979391,0.02322421222925186,0.06233388953477611
sp|P00915|CAH1_HUMAN / sp|CAH1_HUMAN|P00915,12163650908.280432,19390801205.897804,0.5438928283047418,0.02322421222925186,0.06233388953477611
sp|Q6IA86|ELP2_HUMAN,10522725.776494784,12076859.17397601,0.1751920400804927,0.02322421222925186,0.06233388953477611
sp|P04233|HG2A_HUMAN,2938735.729349258,4226950.149456511,0.40629097596320335,0.02322421222925186,0.06233388953477611
sp|Q15477|SKIV2_HUMAN,439378.60605860176,580967.6265166077,0.3047735299961678,0.02322421222925186,0.06233388953477611
sp|Q13188|STK3_HUMAN,4112692.079736671,5725706.770138736,0.4683888793759463,0.02322421222925186,0.06233388953477611
sp|Q96MW1|CCD43_HUMAN,657010.7655397665,1072498.7643520208,0.5268013169811715,0.02322421222925186,0.06233388953477611
sp|O95816|BAG2_HUMAN,3164228.3579018167,2736563.7899841117,-0.2324272392482107,0.02322421222925186,0.06233388953477611
sp|Q12874|SF3A3_HUMAN,3275176.1754259546,2688543.6023817034,-0.32712363273938944,0.02322421222925186,0.06233388953477611
sp|Q12846|STX4_HUMAN,9781111.768684238,11440388.029795554,0.1836243951296607,0.02322421222925186,0.06233388953477611
sp|P01911|DRB1_HUMAN,23610473.321414433,30629104.86538009,0.2639333370717427,0.02322421222925186,0.06233388953477611
sp|P79483|DRB3_HUMAN,7455091.016006743,10082059.948952055,0.3591307875391144,0.02322421222925186,0.06233388953477611
sp|P08236|BGLR_HUMAN,68967486.04293174,93987130.31394264,0.3306642823573682,0.02322421222925186,0.06233388953477611
sp|P06276|CHLE_HUMAN,29571292.30269282,24165245.664442517,-0.42041751516110015,0.02322421222925186,0.06233388953477611
sp|Q9GZZ9|UBA5_HUMAN,2583000.0232572444,3731699.281207728,0.42846825917268916,0.024749115109443665,0.06511568169419965
sp|Q9NZT1|CALL5_HUMAN,9658969.142223608,14092496.66234139,0.5429968155672998,0.024749115109443665,0.06511568169419965
sp|Q6UXP7|F151B_HUMAN,3546654.824153302,7740733.402123913,1.3450828025998958,0.024749115109443665,0.06511568169419965
sp|Q8WU39|MZB1_HUMAN,30057347.577506185,6858123.833883907,-0.847869118637704,0.024749115109443665,0.06511568169419965
sp|Q9P2N2|RHG28_HUMAN,3166907.491086021,2689493.2188546103,-0.3598895387483391,0.024749115109443665,0.06511568169419965
sp|Q15661|TRYB1_HUMAN / sp|P20231|TRYB2_HUMAN,421032524.07880926,697654687.9117558,0.7446146111691078,0.024749115109443665,0.06511568169419965
sp|Q8IV08|PLD3_HUMAN,49536193.53002941,73335781.08544801,0.328615595453521,0.024749115109443665,0.06511568169419965
sp|Q9Y3E1|HDGR3_HUMAN,31597588.590942763,24205765.66786014,-0.4869282364635178,0.024749115109443665,0.06511568169419965
sp|Q9NWV4|CZIB_HUMAN,127908319.30495243,168203352.03490308,0.33168038709219305,0.024749115109443665,0.06511568169419965
sp|P07360|CO8G_HUMAN,52111008.44954125,41604589.71344871,-0.5599227963741393,0.024749115109443665,0.06511568169419965
sp|P17050|NAGAB_HUMAN,27733476.229200948,39422439.23364752,0.4054185662983179,0.024749115109443665,0.06511568169419965
sp|P16104|H2AX_HUMAN / sp|Q96QV6|H2A1A_HUMAN,157394035.51301223,94603917.19066472,-0.7315400405741392,0.024749115109443665,0.06511568169419965
sp|P15259|PGAM2_HUMAN,841936211.1667436,968167640.2401899,0.1901323286923105,0.024749115109443665,0.06511568169419965
sp|Q8N573|OXR1_HUMAN,10341801.915595086,11908590.922327861,0.1608428886319006,0.024749115109443665,0.06511568169419965
sp|P32320|CDD_HUMAN,10437325.49621133,19792607.378778107,0.44631178778255315,0.024749115109443665,0.06511568169419965
sp|P13473|LAMP2_HUMAN,9480963.239879066,12241699.904789472,0.3358743030936067,0.024749115109443665,0.06511568169419965
sp|Q9HB90|RRAGC_HUMAN,13255537.62042274,10999222.109521838,-0.3302167706278038,0.024749115109443665,0.06511568169419965
sp|Q9Y5B9|SP16H_HUMAN,406619.6023164707,324455.6823090478,-1.1410279858881036,0.024749115109443665,0.06511568169419965
sp|Q8N2G6|ZCH24_HUMAN,180648.44366683572,128321.75251459113,-0.7962506663545817,0.024749115109443665,0.06511568169419965
sp|Q96S66|CLCC1_HUMAN,14928024.034845486,17265457.590097073,0.18115964059801062,0.024749115109443665,0.06511568169419965
sp|Q96R05|RET7_HUMAN,7301435.6075053485,10652051.10666399,0.361782130944768,0.024749115109443665,0.06511568169419965
sp|Q9NW38|FANCL_HUMAN,5381781.4207701655,7469608.742167471,0.4524883228643392,0.024749115109443665,0.06511568169419965
sp|P24855|DNAS1_HUMAN,18200167.53425709,28492229.972775675,0.6488536929342071,0.024749115109443665,0.06511568169419965
sp|Q16099|GRIK4_HUMAN,1540795.5324307806,2133228.529116992,0.3955038729885717,0.024749115109443665,0.06511568169419965
sp|P10909|CLUS_HUMAN,251675115.83876446,365241995.83035713,0.41034589330683563,0.024749115109443665,0.06511568169419965
sp|P62191|PRS4_HUMAN,34801839.48900293,42176915.080266654,0.2305259809862644,0.024749115109443665,0.06511568169419965
sp|P61916|NPC2_HUMAN,105569639.95673095,144210075.44889572,0.34891665848308256,0.024749115109443665,0.06511568169419965
sp|O15075|DCLK1_HUMAN,8334830.533332894,12493899.244892864,0.3071229044474819,0.024749115109443665,0.06511568169419965
sp|Q16478|GRIK5_HUMAN,1540795.5324307806,2133228.529116992,0.3955038729885717,0.024749115109443665,0.06511568169419965
sp|P24534|EF1B_HUMAN,92757667.83497567,107192129.89307213,0.1599485902498892,0.024749115109443665,0.06511568169419965
sp|Q6NYC8|PPR18_HUMAN,11188044.510528445,13976595.287098672,0.24658869671810038,0.024749115109443665,0.06511568169419965
sp|Q9UFG5|CS025_HUMAN,4249426.771586869,5452957.777487117,0.43678165439085365,0.024749115109443665,0.06511568169419965
sp|P42785|PCP_HUMAN,31171676.892555308,40155527.72838966,0.27036856984652474,0.024749115109443665,0.06511568169419965
sp|Q969X5|ERGI1_HUMAN,2933666.2785518137,2330015.6199502423,-0.42877493496232194,0.024749115109443665,0.06511568169419965
sp|P57737|CORO7_HUMAN,74472730.49895997,57033277.09955069,-0.4177066052212428,0.024749115109443665,0.06511568169419965
sp|P50416|CPT1A_HUMAN,9106623.920621464,6629584.920417096,-0.5624444365635857,0.024749115109443665,0.06511568169419965
sp|Q86SX6|GLRX5_HUMAN,4695512.962380603,6353645.924163148,0.24889561008417832,0.026356667280197144,0.06818633222515692
sp|Q9H444|CHM4B_HUMAN,71640063.17838235,81397139.13448991,0.23692659904738214,0.026356667280197144,0.06818633222515692
sp|Q9UKK3|PARP4_HUMAN,10777195.763507498,14883137.033920538,0.432392167860932,0.026356667280197144,0.06818633222515692
sp|Q9UKK9|NUDT5_HUMAN,144442153.14757293,169616419.80024028,0.21358096349132158,0.026356667280197144,0.06818633222515692
sp|P09497|CLCB_HUMAN,147276501.1946976,169014022.12320763,0.16963841882531103,0.026356667280197144,0.06818633222515692
sp|Q969H8|MYDGF_HUMAN,111076157.64573193,146968975.60107464,0.2374428274061571,0.026356667280197144,0.06818633222515692
sp|P25774|CATS_HUMAN,30559587.21157076,44124819.63886384,0.4147526265662035,0.026356667280197144,0.06818633222515692
sp|Q92542|NICA_HUMAN,171707.19416048672,232677.28576113624,0.3897950273800999,0.026356667280197144,0.06818633222515692
sp|Q9UPX0|TUTLB_HUMAN,688502.5827443089,931332.2784749673,0.45067754743406824,0.026356667280197144,0.06818633222515692
sp|Q9UK76|JUPI1_HUMAN,5294364.013659643,7585108.260035808,0.469532925821832,0.026356667280197144,0.06818633222515692
sp|P31944|CASPE_HUMAN,507577.80376634665,1572437.4485307005,1.0826473633624896,0.026356667280197144,0.06818633222515692
sp|Q9NP79|VTA1_HUMAN,3809335.71686981,4788986.131966718,0.33402380619261407,0.026356667280197144,0.06818633222515692
sp|P31937|3HIDH_HUMAN,351319551.1653212,300135504.1088563,-0.26961540448433585,0.026356667280197144,0.06818633222515692
sp|P48739|PIPNB_HUMAN,10508605.109064698,7607234.5966251185,-0.6480920631378461,0.026356667280197144,0.06818633222515692
sp|P78347|GTF2I_HUMAN,8662730.97277666,6469924.978209421,-0.5166588316594355,0.026356667280197144,0.06818633222515692
sp|P54619|AAKG1_HUMAN,3705722.255346314,4514479.611242353,0.19062336924396092,0.026356667280197144,0.06818633222515692
sp|P56211|ARP19_HUMAN,10069467.644668022,13337934.731795376,0.34612879215456804,0.026356667280197144,0.06818633222515692
sp|Q9NWU1|OXSM_HUMAN,34250257.90882988,35989470.639666975,0.12845705909311772,0.026356667280197144,0.06818633222515692
sp|P62316|SMD2_HUMAN,57130096.630115375,42935798.812487535,-0.5658713841571567,0.026356667280197144,0.06818633222515692
sp|P40121|CAPG_HUMAN,139022843.3891639,107270362.31965052,-0.4760345700491108,0.026356667280197144,0.06818633222515692
sp|Q15370|ELOB_HUMAN,22888323.890677053,28479455.927541338,0.21839111586165721,0.026356667280197144,0.06818633222515692
sp|P55196|AFAD_HUMAN,31064632.017327197,34723994.84586402,0.15004550642112843,0.026356667280197144,0.06818633222515692
sp|Q96DV4|RM38_HUMAN,7763644.78078276,6163551.64081007,-0.6132515196404462,0.026356667280197144,0.06818633222515692
sp|O00469|PLOD2_HUMAN,43846156.992734626,54091119.44588882,0.23903785467293553,0.026356667280197144,0.06818633222515692
sp|P06454|PTMA_HUMAN,5031905.49755312,3583903.66739454,-0.6040622657387317,0.026356667280197144,0.06818633222515692
sp|Q96DT5|DYH11_HUMAN,6956434.7452841615,13803566.566403285,1.1341242062077967,0.026356667280197144,0.06818633222515692
sp|Q15750|TAB1_HUMAN,8481727.554408,10603075.18509653,0.35651367958927455,0.026356667280197144,0.06818633222515692
sp|Q15843|NEDD8_HUMAN / sp|NEDD8_HUMAN|Q15843,21989714.366316736,27648998.348982606,0.21768717563934256,0.026356667280197144,0.06818633222515692
sp|Q3LXA3|TKFC_HUMAN,62695597.36719896,54723181.50450842,-0.3280763568398501,0.026356667280197144,0.06818633222515692
sp|P42126|ECI1_HUMAN,273448800.450496,192673387.6502289,-0.4514384864827716,0.026356667280197144,0.06818633222515692
sp|Q15005|SPCS2_HUMAN,265986.41011973744,205548.51485316065,-1.3535565002839822,0.026356667280197144,0.06818633222515692
sp|P41217|OX2G_HUMAN,616929.8601075002,2129938.603257548,-0.34322525912873253,0.028050199151039124,0.07137481745802585
sp|Q9NPE3|NOP10_HUMAN,49677498.14256723,50083596.66824228,-0.4188532522661749,0.028050199151039124,0.07137481745802585
sp|P52566|GDIR2_HUMAN,211025342.23572907,250788688.0657535,0.20732515085866762,0.028050199151039124,0.07137481745802585
sp|P30405|PPIF_HUMAN,32439111.313581344,41348017.14512723,0.26855814064245703,0.028050199151039124,0.07137481745802585
sp|Q9H082|RB33B_HUMAN,56101596.867623456,69635913.05547582,0.3436142262774113,0.028050199151039124,0.07137481745802585
sp|Q9P0R6|GSKIP_HUMAN,514440.8054943336,623891.0464217002,0.26957604155053144,0.028050199151039124,0.07137481745802585
sp|P14625|ENPL_HUMAN,408104712.56847924,328326690.07922107,-0.38014506708949647,0.028050199151039124,0.07137481745802585
sp|O60260|PRKN_HUMAN,858219.8550213709,1059747.6930557343,0.2775319377439178,0.028050199151039124,0.07137481745802585
sp|Q16666|IF16_HUMAN,19394350.223911215,16479648.972153531,-0.23143155682985014,0.028050199151039124,0.07137481745802585
sp|P14649|MYL6B_HUMAN,551160357.231931,607891282.2534562,0.1460962215066502,0.028050199151039124,0.07137481745802585
sp|Q9UDY4|DNJB4_HUMAN,1571792.1597848092,1179684.5949781358,-0.8324931714618858,0.028050199151039124,0.07137481745802585
sp|P49366|DHYS_HUMAN,669945.3207585405,972136.3053074814,0.5623724129381499,0.028050199151039124,0.07137481745802585
sp|Q99569|PKP4_HUMAN,756798.570854341,1066234.6317119696,0.3674991942598607,0.028050199151039124,0.07137481745802585
sp|Q9Y617|SERC_HUMAN,181163116.07678995,238125441.4274918,0.31714463915358904,0.028050199151039124,0.07137481745802585
sp|P61086|UBE2K_HUMAN,2810576.4053271385,3290617.831773359,0.21092963763968203,0.028050199151039124,0.07137481745802585
sp|Q14978|NOLC1_HUMAN,174931.905585695,176962.62482996512,-0.6925849544654392,0.028050199151039124,0.07137481745802585
sp|Q9UHR5|S30BP_HUMAN,686392.1746345364,557581.4558628276,-0.5337827916320679,0.028050199151039124,0.07137481745802585
sp|O00418|EF2K_HUMAN,9979086.40992026,8196469.934078642,-0.30305649045721356,0.028050199151039124,0.07137481745802585
sp|P29323|EPHB2_HUMAN,1840388.9534243022,2398287.15748231,0.34308910393822156,0.028050199151039124,0.07137481745802585
sp|Q9BXJ4|C1QT3_HUMAN,2755457.967690489,3473586.2211909816,0.2723403908633787,0.028050199151039124,0.07137481745802585
sp|O15061|SYNEM_HUMAN,259151541.37963635,308350624.00466067,0.2989762529421393,0.028050199151039124,0.07137481745802585
sp|Q9UJC5|SH3L2_HUMAN,8480594.442029934,6653723.49226871,-0.39642278209450005,0.028050199151039124,0.07137481745802585
sp|Q14964|RB39A_HUMAN,56101596.867623456,69635913.05547582,0.3436142262774113,0.028050199151039124,0.07137481745802585
sp|Q149M9|NWD1_HUMAN,1572616.041803382,2348304.3990629064,0.5593997615550076,0.028050199151039124,0.07137481745802585
sp|Q5JTJ3|COA6_HUMAN,12388464.553421343,14114916.330440711,0.27115790880485313,0.028050199151039124,0.07137481745802585
sp|Q16775|GLO2_HUMAN,118885651.33210285,150587551.4000389,0.3167728003477537,0.028050199151039124,0.07137481745802585
sp|O43602|DCX_HUMAN,3585542.4535593404,5417709.941155998,0.4870063909818825,0.028050199151039124,0.07137481745802585
sp|O43237|DC1L2_HUMAN,17834238.95816348,20178186.229481917,0.15297496712219277,0.028050199151039124,0.07137481745802585
sp|Q92947|GCDH_HUMAN,110090949.78857017,117835033.2204112,0.22969306896614253,0.028050199151039124,0.07137481745802585
sp|Q96AQ6|PBIP1_HUMAN,6779078.604015813,8162198.98183924,0.21762547552413597,0.028050199151039124,0.07137481745802585
sp|Q14714|SSPN_HUMAN,293464.68669501465,385490.3651764426,0.794420559303397,0.028050199151039124,0.07137481745802585
sp|Q6XQN6|PNCB_HUMAN,246886040.26608777,293961748.7055538,0.21233029902957154,0.029833190143108368,0.07503641483059593
sp|Q9BWF3|RBM4_HUMAN,28179982.89138151,24003104.557654057,-0.20664279701694288,0.029833190143108368,0.07503641483059593
sp|Q13435|SF3B2_HUMAN,42921580.728773825,37753047.04450245,-0.1941596225860538,0.029833190143108368,0.07503641483059593
sp|Q8MH63|LAT1N_HUMAN / sp|Q9GIP4|LAT1L_HUMAN,3134123.0998881795,4175208.7245211587,0.42209782210055763,0.029833190143108368,0.07503641483059593
sp|Q5JRX3|PREP_HUMAN,56085685.154631265,48349572.654046275,-0.21994693524254977,0.029833190143108368,0.07503641483059593
sp|Q15274|NADC_HUMAN,45482059.89195781,27799847.26049354,-1.091835180125136,0.029833190143108368,0.07503641483059593
sp|P54709|AT1B3_HUMAN,7054724.367067362,6151129.2811049195,-0.2061806624380391,0.029833190143108368,0.07503641483059593
sp|Q6ZS17|RIPR1_HUMAN,489752.3826471724,999638.1052117805,0.8054064577266897,0.029833190143108368,0.07503641483059593
sp|Q96C90|PP14B_HUMAN,5167397.10977754,6065158.61546918,0.22477717717558196,0.029833190143108368,0.07503641483059593
sp|Q99497|PARK7_HUMAN,1307415050.0640888,1567561291.7347615,0.19421104569483624,0.029833190143108368,0.07503641483059593
sp|P45381|ACY2_HUMAN,78984840.994784,67021491.74124854,-0.2407017396238036,0.029833190143108368,0.07503641483059593
sp|Q9P0L0|VAPA_HUMAN,15538635.21187723,13044835.78408964,-0.2699749914103779,0.029833190143108368,0.07503641483059593
sp|P51649|SSDH_HUMAN,254674310.782738,217364581.97281504,-0.22975636481733538,0.029833190143108368,0.07503641483059593
sp|O15382|BCAT2_HUMAN,61186239.830879964,87782390.1873986,0.29478898656626756,0.029833190143108368,0.07503641483059593
sp|P28799|GRN_HUMAN,26477005.702747483,35379026.971129104,0.33183843796389567,0.029833190143108368,0.07503641483059593
sp|O15067|PUR4_HUMAN,94078248.0845525,76953310.4248383,-0.3961269544382075,0.029833190143108368,0.07503641483059593
sp|Q9Y371|SHLB1_HUMAN,19998877.79964164,15703801.206725216,-0.38178112232183253,0.029833190143108368,0.07503641483059593
sp|O15259|NPHP1_HUMAN,6427271.625861486,8528590.248245636,0.4087595670185001,0.029833190143108368,0.07503641483059593
sp|P50452|SPB8_HUMAN,65097532.59901739,79185168.89987984,0.2545973978904074,0.029833190143108368,0.07503641483059593
sp|Q9HBH5|RDH14_HUMAN,1374524.978903685,1971155.5043219572,0.38931631877199663,0.029833190143108368,0.07503641483059593
sp|Q9BYM8|HOIL1_HUMAN,2062554.1554834067,1537651.6016642496,-0.6285117056207504,0.029833190143108368,0.07503641483059593
sp|O60331|PI51C_HUMAN,4089305.606388061,3344590.4872258366,-0.32547719091762467,0.029833190143108368,0.07503641483059593
sp|Q99832|TCPH_HUMAN,81848935.77295278,66899429.53983028,-0.42165716009692833,0.03170907497406006,0.0786011626035714
sp|P07737|PROF1_HUMAN,2102481063.163103,2503803676.2616653,0.26534957103133244,0.03170907497406006,0.0786011626035714
sp|O95359|TACC2_HUMAN,158420203.18975893,127169357.72431481,-0.30937073991231057,0.03170907497406006,0.0786011626035714
sp|Q9NX46|ADPRS_HUMAN,52821061.85322664,45005320.9058479,-0.2618204097104463,0.03170907497406006,0.0786011626035714
sp|Q9UJ70|NAGK_HUMAN,163990754.9179898,145459105.48499057,-0.192539556966057,0.03170907497406006,0.0786011626035714
sp|O75208|COQ9_HUMAN,53426000.08678062,61279588.12197585,0.2331657465397249,0.03170907497406006,0.0786011626035714
sp|P01889|HLAB_HUMAN,53647749.831056945,43596776.61217653,-0.2899654388170751,0.03170907497406006,0.0786011626035714
sp|Q13596|SNX1_HUMAN,16820322.019677516,19295864.755873986,0.16620146392858554,0.03170907497406006,0.0786011626035714
sp|Q9Y2Q5|LTOR2_HUMAN,9183724.328506367,11014839.230856305,0.21036986712293215,0.03170907497406006,0.0786011626035714
sp|Q5VYX0|RNLS_HUMAN,187134.00149654486,139287.87714042963,0.053655177365614135,0.03170907497406006,0.0786011626035714
sp|O00425|IF2B3_HUMAN,1795442.2839458934,1248445.913138531,-0.48620712450675374,0.03170907497406006,0.0786011626035714
sp|O95563|MPC2_HUMAN,3348638.852612789,2666997.218516757,-0.24240165475627556,0.03170907497406006,0.0786011626035714
sp|Q8TEA8|DTD1_HUMAN,14858601.062753718,17585556.943706613,0.25707110137572126,0.03170907497406006,0.0786011626035714
sp|Q9NZK5|ADA2_HUMAN,4415707.003209714,5726437.251109449,0.28219766477767155,0.03170907497406006,0.0786011626035714
sp|P61960|UFM1_HUMAN,9776371.505686237,14262137.992886765,0.43304825937632874,0.03170907497406006,0.0786011626035714
sp|Q9NZ32|ARP10_HUMAN,10864955.616348283,9331324.476727454,-0.24449993140198642,0.03170907497406006,0.0786011626035714
sp|Q9UPV0|CE164_HUMAN,1067035.1228271232,1532512.9300632256,0.4556089633941499,0.03170907497406006,0.0786011626035714
sp|Q9BXL7|CAR11_HUMAN,640802.8177694352,374225.0193621269,-0.7556371450655683,0.03170907497406006,0.0786011626035714
sp|P11717|MPRI_HUMAN,40697780.62483822,45466459.09494001,0.14955802824660314,0.03170907497406006,0.0786011626035714
sp|Q15555|MARE2_HUMAN,219541.12564083678,153127.77334666203,-2.8360686789940828,0.03170907497406006,0.0786011626035714
sp|Q8N129|CNPY4_HUMAN,7691517.383003523,6286865.061548547,-0.39702228785416466,0.03170907497406006,0.0786011626035714
sp|Q9HA77|SYCM_HUMAN,7504593.880465697,9343532.839663263,0.31934117971796716,0.03170907497406006,0.0786011626035714
sp|P49747|COMP_HUMAN,12657399.705838608,16845686.420526084,0.3245469414169961,0.03170907497406006,0.0786011626035714
sp|Q96HC4|PDLI5_HUMAN,140608945.2730134,121194574.03590134,-0.20550761795644285,0.03170907497406006,0.0786011626035714
sp|P46937|YAP1_HUMAN,88855867.61201112,108223660.78452101,0.24576014924675357,0.03170907497406006,0.0786011626035714
sp|Q8N4T8|CBR4_HUMAN,21600518.67521115,17585033.702986863,-0.3105845055322283,0.03170907497406006,0.0786011626035714
sp|Q15382|RHEB_HUMAN,28724612.788238402,34776222.32514391,0.2671267299816177,0.03170907497406006,0.0786011626035714
sp|O15160|RPAC1_HUMAN,1533490.3930389879,1246297.4531185285,-0.3249693116512069,0.03170907497406006,0.0786011626035714
sp|Q9UIL1|SCOC_HUMAN,24994752.072655875,29770169.53321579,0.251515097664857,0.033681392669677734,0.08242580490656982
sp|Q96DZ1|ERLEC_HUMAN,6378144.78302626,9445148.477646416,0.40923661998370303,0.033681392669677734,0.08242580490656982
sp|Q9NRP0|OSTC_HUMAN,2255085.1857517012,1891859.6529374172,-0.3489762010342779,0.033681392669677734,0.08242580490656982
sp|Q6P1X6|CH082_HUMAN,11230514.261780737,9585375.968604628,-0.26564444294775746,0.033681392669677734,0.08242580490656982
sp|Q9H2W6|RM46_HUMAN,7139731.609754036,5907817.7270742385,-0.37962580672874274,0.033681392669677734,0.08242580490656982
sp|P01763|HV348_HUMAN,838833488.3235474,995786877.2134045,0.242724475119036,0.033681392669677734,0.08242580490656982
sp|P15374|UCHL3_HUMAN,26884379.720322523,35234011.365352444,0.29473544268560736,0.033681392669677734,0.08242580490656982
sp|Q96HY7|DHTK1_HUMAN,31032529.445990596,38203146.154194675,0.23279346886603555,0.033681392669677734,0.08242580490656982
sp|P14678|RSMB_HUMAN / sp|P63162|RSMN_HUMAN,84463238.9393325,69319790.93129775,-0.29293377564367173,0.033681392669677734,0.08242580490656982
sp|Q5EBL4|RIPL1_HUMAN,24136236.262259547,17532446.441758446,-0.5401051569607854,0.033681392669677734,0.08242580490656982
sp|Q9Y237|PIN4_HUMAN,12336543.780389981,13647474.982436756,0.18461747130236447,0.033681392669677734,0.08242580490656982
sp|O75828|CBR3_HUMAN,387893802.8060629,330505872.7098379,-0.2433855049843356,0.033681392669677734,0.08242580490656982
sp|Q6UXI9|NPNT_HUMAN,1573559.8032373262,1187106.5283688388,-0.6153267400321604,0.033681392669677734,0.08242580490656982
sp|P62308|RUXG_HUMAN / sp|A8MWD9|RUXGL_HUMAN,46020759.05782073,36180991.95637309,-0.41014576036267475,0.033681392669677734,0.08242580490656982
sp|P01116|RASK_HUMAN,24982984.974941768,30876072.188231595,0.2880870834007503,0.033681392669677734,0.08242580490656982
sp|Q13683|ITA7_HUMAN,74599875.48352829,84729614.14315079,0.19571327317938583,0.033681392669677734,0.08242580490656982
sp|Q9UQ35|SRRM2_HUMAN,12910777.183378553,9563568.682077967,-0.4237547328982177,0.033681392669677734,0.08242580490656982
sp|Q9Y6C2|EMIL1_HUMAN,85218592.3698235,70403480.04279329,-0.24963136623646415,0.033681392669677734,0.08242580490656982
sp|Q9UQ13|SHOC2_HUMAN,924630.7546354264,1454957.463059219,0.5264137968594751,0.033681392669677734,0.08242580490656982
sp|Q7Z739|YTHD3_HUMAN,1616826.2785099277,2762963.5880036047,0.5418874609529398,0.033681392669677734,0.08242580490656982
sp|Q9NPH2|INO1_HUMAN,155171261.45779985,114598303.61933525,-0.46521558920578915,0.033681392669677734,0.08242580490656982
sp|P67775|PP2AA_HUMAN,140019462.18795457,163083063.90893722,0.17421805920503222,0.033681392669677734,0.08242580490656982
sp|P51858|HDGF_HUMAN,119751986.47839443,95891636.875304,-0.4144801334749143,0.033681392669677734,0.08242580490656982
sp|Q5T0F9|C2D1B_HUMAN,5807118.815305878,7368431.44109521,0.36247729224601816,0.033681392669677734,0.08242580490656982
sp|Q15165|PON2_HUMAN,3075038.1953954017,2226083.829844403,-0.5240306586695106,0.033681392669677734,0.08242580490656982
sp|Q9H773|DCTP1_HUMAN,1893046.872466289,2915441.182099059,0.3884577255915608,0.03575380891561508,0.08665784292224078
sp|Q9NVS9|PNPO_HUMAN,65178303.24271872,54020242.11872632,-0.32333772951400325,0.03575380891561508,0.08665784292224078
sp|Q8TCD5|NT5C_HUMAN,33722977.80222761,41955932.26531009,0.1991383161743678,0.03575380891561508,0.08665784292224078
sp|P61421|VA0D1_HUMAN,2385067.3526081936,3774324.7670866363,0.43063304831616744,0.03575380891561508,0.08665784292224078
sp|Q9Y383|LC7L2_HUMAN,23451225.216312777,19785810.310555916,-0.2520794912223605,0.03575380891561508,0.08665784292224078
sp|P27986|P85A_HUMAN,261931.3988979215,178598.8823330493,-0.468564356657643,0.03575380891561508,0.08665784292224078
sp|P23588|IF4B_HUMAN,125100599.53726785,153553891.13254833,0.2519247061071394,0.03575380891561508,0.08665784292224078
sp|Q9H0J4|QRIC2_HUMAN,692540.49348756,1562832.6728044597,0.6454406569751534,0.03575380891561508,0.08665784292224078
sp|P26440|IVD_HUMAN,167488309.21424523,155562768.66252747,-0.24520619427873563,0.03575380891561508,0.08665784292224078
sp|P05109|S10A8_HUMAN,49540916.51525446,118988030.74730705,0.567679394367857,0.03575380891561508,0.08665784292224078
sp|P09622|DLDH_HUMAN,674387508.658844,754175510.1387943,0.1598592819778178,0.03575380891561508,0.08665784292224078
sp|P14868|SYDC_HUMAN,124494612.12184803,108334084.68828377,-0.25687393744845377,0.03575380891561508,0.08665784292224078
sp|P20061|TCO1_HUMAN,376063.2528034081,1370544.3659787574,1.0216542700402178,0.03575380891561508,0.08665784292224078
sp|Q9H3K6|BOLA2_HUMAN,9852009.725448936,12020938.822727246,0.27909365922726426,0.03575380891561508,0.08665784292224078
sp|Q5JS54|PSMG4_HUMAN,344306.3765364517,445546.564575987,0.38927807132214315,0.03575380891561508,0.08665784292224078
sp|Q96FQ6|S10AG_HUMAN,3639106.7308437168,4245726.543877179,0.2447164666700466,0.03575380891561508,0.08665784292224078
sp|O75251|NDUS7_HUMAN,6862667.682312662,5832460.825681446,-0.28138824577319255,0.03575380891561508,0.08665784292224078
sp|Q9Y3D6|FIS1_HUMAN,24660509.909980085,28756809.33883057,0.24683252773264655,0.03575380891561508,0.08665784292224078
sp|P12829|MYL4_HUMAN,1570356.8241746272,5305677.909298658,0.5724342427068503,0.03575380891561508,0.08665784292224078
sp|Q8IZT6|ASPM_HUMAN,2536632.2085806183,3064649.36637332,0.21610606870781424,0.0379299521446228,0.09042515665277934
sp|Q9NYB0|TE2IP_HUMAN,809075.2582396,719036.116926641,-0.1255838751147572,0.0379299521446228,0.09042515665277934
sp|O60493|SNX3_HUMAN,38806365.88824467,43136909.65197085,0.14629762830370335,0.0379299521446228,0.09042515665277934
sp|Q9H446|RWDD1_HUMAN,499559.3906523316,782299.430461728,0.5992297613608359,0.0379299521446228,0.09042515665277934
sp|P62328|TYB4_HUMAN,222823070.59337574,322931728.9301638,0.34084356982879643,0.0379299521446228,0.09042515665277934
sp|Q96I23|PREY_HUMAN,3681597.1189321065,3573671.2940887655,0.13208875868217504,0.0379299521446228,0.09042515665277934
sp|Q9ULC3|RAB23_HUMAN,19690983.808099687,17327786.930102598,-0.20805006818225372,0.0379299521446228,0.09042515665277934
sp|Q92973|TNPO1_HUMAN,724053.6708261865,939546.5568058867,0.3822161076218465,0.0379299521446228,0.09042515665277934
sp|Q7L523|RRAGA_HUMAN / sp|Q5VZM2|RRAGB_HUMAN,15479984.312346162,12998942.819285316,-0.32614089369138605,0.0379299521446228,0.09042515665277934
sp|O60437|PEPL_HUMAN,341030579.13942176,426241363.87465304,0.2752863658999504,0.0379299521446228,0.09042515665277934
sp|P47755|CAZA2_HUMAN,449939668.23077404,390272246.2983492,-0.2703398460982934,0.0379299521446228,0.09042515665277934
sp|Q9UHY7|ENOPH_HUMAN,13983935.708507212,11610978.680184538,-0.41880072003089264,0.0379299521446228,0.09042515665277934
sp|Q13131|AAPK1_HUMAN,5962980.580785981,4611163.134587215,-0.47277056107830745,0.0379299521446228,0.09042515665277934
sp|O95164|UBL3_HUMAN,102383.92276831706,212047.19372168128,0.0585002098782903,0.0379299521446228,0.09042515665277934
sp|Q04637|IF4G1_HUMAN,10722785.354756925,12379850.723219449,0.22013824750799604,0.0379299521446228,0.09042515665277934
sp|P19971|TYPH_HUMAN,34783567.491220124,58356542.85031169,0.6715501022966787,0.0379299521446228,0.09042515665277934
sp|P18850|ATF6A_HUMAN,11807772.205207882,16121290.33273484,0.4701994637243467,0.0379299521446228,0.09042515665277934
sp|P42331|RHG25_HUMAN,1034207.2993479453,687071.4229271107,-0.5629776354148854,0.0379299521446228,0.09042515665277934
sp|Q15113|PCOC1_HUMAN,38029943.560673416,50642798.73680509,0.2963453639059533,0.0379299521446228,0.09042515665277934
sp|O95704|APBB3_HUMAN,2776225.055374813,3469305.726332867,0.42633651881754986,0.0379299521446228,0.09042515665277934
sp|P56277|CMC4_HUMAN,22155396.986059535,28893971.717089213,0.28561197037642866,0.0379299521446228,0.09042515665277934
sp|O95497|VNN1_HUMAN,3359814.589523543,3967359.2030962273,0.3917572327829423,0.0379299521446228,0.09042515665277934
sp|Q9C0B7|TNG6_HUMAN,2228465.1132937307,3915320.5064365626,0.8004654524018787,0.0379299521446228,0.09042515665277934
sp|P54252|ATX3_HUMAN,3986666.8597846674,11101003.359471738,0.7371964106829029,0.0379299521446228,0.09042515665277934
sp|P51606|RENBP_HUMAN,56354546.80076187,73187050.36413391,0.2618790823443285,0.0379299521446228,0.09042515665277934
sp|Q14185|DOCK1_HUMAN,984344.6774983227,2032987.2680913862,0.7936938581621422,0.0379299521446228,0.09042515665277934
sp|P51854|TKTL1_HUMAN,4327740.021554048,6093355.880833679,0.40097952934049974,0.0379299521446228,0.09042515665277934
sp|Q9BZ67|FRMD8_HUMAN,2568347.945664104,3151381.845331718,0.17633499970252142,0.0379299521446228,0.09042515665277934
sp|P53041|PPP5_HUMAN,16907941.07100935,14732810.528731272,-0.22968376094008208,0.0379299521446228,0.09042515665277934
sp|Q9NUP7|TRM13_HUMAN,4052509.7572267973,5858532.976975061,0.439089926397375,0.0379299521446228,0.09042515665277934
sp|Q9BWU0|NADAP_HUMAN,682990.4487840798,495561.84983377304,-0.5805981818453253,0.0379299521446228,0.09042515665277934
sp|Q9UPN7|PP6R1_HUMAN,3149332.842827686,4548750.902916403,0.4263170033652643,0.0379299521446228,0.09042515665277934
sp|Q8NBJ9|SIDT2_HUMAN,594561.413604738,850728.8492185212,0.5069123131135714,0.0379299521446228,0.09042515665277934
sp|P62304|RUXE_HUMAN,46980937.98721956,37571801.32247523,-0.43209365206279254,0.040213532745838165,0.09446145063498647
sp|O75334|LIPA2_HUMAN / sp|Q13136|LIPA1_HUMAN,318647.05281584105,536273.3818798264,0.608355170375089,0.040213532745838165,0.09446145063498647
sp|Q8TD16|BICD2_HUMAN,1596312.8982956763,1941013.2128356271,0.33687393293287204,0.040213532745838165,0.09446145063498647
sp|P82930|RT34_HUMAN,9787122.898676818,7681211.675231615,-0.4118983259595212,0.040213532745838165,0.09446145063498647
sp|O95155|UBE4B_HUMAN,10624946.835569456,16097094.90446924,0.30659893614510053,0.040213532745838165,0.09446145063498647
sp|P10253|LYAG_HUMAN,100207982.01261127,141216491.09191522,0.3454510145408575,0.040213532745838165,0.09446145063498647
sp|Q9UQB8|BAIP2_HUMAN,316570.5797183751,247170.79160501296,-0.43057303933477176,0.040213532745838165,0.09446145063498647
sp|Q9NZN3|EHD3_HUMAN,25508850.787618905,30095639.89235369,0.22697812895730315,0.040213532745838165,0.09446145063498647
sp|Q8TB22|SPT20_HUMAN,3754884.23721799,4855202.525043639,0.37623006634369965,0.040213532745838165,0.09446145063498647
sp|L0R8F8|MIDUO_HUMAN,671149.058709156,1193381.436601581,1.2112225208185932,0.040213532745838165,0.09446145063498647
sp|O76024|WFS1_HUMAN,6024335.200212645,8172306.127867654,0.27282383177661146,0.040213532745838165,0.09446145063498647
sp|Q99873|ANM1_HUMAN,47844161.04947875,40278009.37232978,-0.34238093226237865,0.040213532745838165,0.09446145063498647
sp|P07305|H10_HUMAN,79960330.70920028,58435467.86087433,-0.40735684569212854,0.040213532745838165,0.09446145063498647
sp|Q9H6Q4|CIAO3_HUMAN,5405714.824589631,8092736.887240686,0.39421888327931803,0.040213532745838165,0.09446145063498647
sp|Q9BSV6|SEN34_HUMAN,1133699.9891758766,1476526.8661410406,0.42775678287706415,0.040213532745838165,0.09446145063498647
sp|Q9ULP9|TBC24_HUMAN,3186778.363102147,4150103.0708562406,0.2755056069688645,0.040213532745838165,0.09446145063498647
sp|Q96PU8|QKI_HUMAN,4247370.498273191,3292679.685784549,-0.37951020422716775,0.040213532745838165,0.09446145063498647
sp|Q9BX67|JAM3_HUMAN,5433765.66466338,6849734.216283022,0.2428340544443712,0.040213532745838165,0.09446145063498647
sp|A0A075B6S9|KV137_HUMAN / sp|P0DSN7|KVD37_HUMAN,22308512.23550847,34114218.15283485,0.5747265490634751,0.040213532745838165,0.09446145063498647
sp|Q9H000|MKRN2_HUMAN,6226809.405316791,11536311.833989574,0.4996726608585999,0.040213532745838165,0.09446145063498647
sp|P08397|HEM3_HUMAN,35031464.596504726,52463426.605188556,0.4342119333237215,0.040213532745838165,0.09446145063498647
sp|Q7Z4W1|DCXR_HUMAN,320414682.8278232,397835319.8139209,0.17550997691918907,0.040213532745838165,0.09446145063498647
sp|P04424|ARLY_HUMAN,63677629.421395496,71826370.77253148,0.17473723797607468,0.040213532745838165,0.09446145063498647
sp|Q96LD8|SENP8_HUMAN,75354006.44928358,108902797.9940069,0.8245914106739644,0.040213532745838165,0.09446145063498647
sp|P23511|NFYA_HUMAN,12350838.57571575,16349760.902311092,0.32361638752622873,0.040213532745838165,0.09446145063498647
sp|Q6PL24|TMED8_HUMAN,23637710.959316704,20028992.908874065,-0.2608114292191322,0.040213532745838165,0.09446145063498647
sp|Q15008|PSMD6_HUMAN,16811436.88467314,14039324.040423905,-0.31737749720031466,0.040213532745838165,0.09446145063498647
sp|Q8WX93|PALLD_HUMAN,84463545.48570652,70154036.7715369,-0.238730127177611,0.040213532745838165,0.09446145063498647
sp|Q9UII2|ATIF1_HUMAN,45205068.25053107,55921585.346951485,0.2648081880171778,0.040213532745838165,0.09446145063498647
sp|A5D8V6|VP37C_HUMAN,3013943.885081882,3460310.8579580463,0.19758656493694968,0.040213532745838165,0.09446145063498647
sp|P28845|DHI1_HUMAN,107167.08572735256,64675.77825969199,-4.562140209142635,0.04023867711975933,0.09447427176992416
sp|Q3B8N2|LEG9B_HUMAN / sp|Q6DKI2|LEG9C_HUMAN,6686508.89588073,4781654.1044386225,-0.4721154069283073,0.042608387768268585,0.09873377735389711
sp|O00499|BIN1_HUMAN,72033838.8589101,80697937.59509982,0.15220755677433231,0.042608387768268585,0.09873377735389711
sp|Q9NR28|DBLOH_HUMAN,10161424.492031734,12305814.670208523,0.28485597331522466,0.042608387768268585,0.09873377735389711
sp|P17544|ATF7_HUMAN,246633.61551454887,429319.50409231853,0.6150481149580748,0.042608387768268585,0.09873377735389711
sp|Q9C0B5|ZDHC5_HUMAN,3913208.652120585,5143132.156343296,0.22817233519758215,0.042608387768268585,0.09873377735389711
sp|O75157|T22D2_HUMAN,6797287.116834707,8256251.070447723,0.3291181175113283,0.042608387768268585,0.09873377735389711
sp|P01705|LV223_HUMAN,20091616.200347926,25960559.458020974,0.3894036596225496,0.042608387768268585,0.09873377735389711
sp|Q8IUD2|RB6I2_HUMAN,47140042.75321122,52214118.02064358,0.14154717790880006,0.042608387768268585,0.09873377735389711
sp|O43164|PJA2_HUMAN,3810703.29624788,4358769.775755606,0.35397447751699673,0.042608387768268585,0.09873377735389711
sp|P20774|MIME_HUMAN,1053491880.0141522,911311965.3616745,-0.6722908159563786,0.042608387768268585,0.09873377735389711
sp|O00187|MASP2_HUMAN,5105482.619060974,4177307.045060565,-0.42803721235064657,0.042608387768268585,0.09873377735389711
sp|P62745|RHOB_HUMAN,16069903.951958017,18826414.7004984,0.1938101718822715,0.042608387768268585,0.09873377735389711
sp|P01903|DRA_HUMAN,12346799.539213795,17869763.12003476,0.383402694965957,0.042608387768268585,0.09873377735389711
sp|O95721|SNP29_HUMAN,7416715.120553976,8442796.956002666,0.20765762439801425,0.042608387768268585,0.09873377735389711
sp|O75955|FLOT1_HUMAN,27590959.5814082,33558971.746710435,0.26424932957945707,0.042608387768268585,0.09873377735389711
sp|Q99714|HCD2_HUMAN,290832075.85804546,332223274.6371785,0.22007585175536765,0.042608387768268585,0.09873377735389711
sp|A4UGR9|XIRP2_HUMAN,1146122.334794173,1521446.4130092936,-0.580724927956678,0.042608387768268585,0.09873377735389711
sp|P00751|CFAB_HUMAN,1416466347.9528096,1077680795.1267688,-0.7012113540104643,0.042608387768268585,0.09873377735389711
sp|C9JLW8|MCRI1_HUMAN,5592954.4964313,7067508.255609833,0.30506074013310375,0.042608387768268585,0.09873377735389711
sp|Q9Y3B2|EXOS1_HUMAN,6404468.564840625,5564711.55797117,-0.2035738609510172,0.042608387768268585,0.09873377735389711
sp|Q9NX40|OCAD1_HUMAN,226478.14622410302,155320.89408401595,-0.7601949209683501,0.042608387768268585,0.09873377735389711
sp|Q14511|CASL_HUMAN / sp|P56945|BCAR1_HUMAN,3215674.8414079,2797832.5930860834,-0.20569029324073235,0.042608387768268585,0.09873377735389711
sp|P27824|CALX_HUMAN,104413873.42634663,84976332.52261186,-0.4110393034160752,0.042608387768268585,0.09873377735389711
sp|Q9H1K1|ISCU_HUMAN,11858122.122477233,10095013.701493876,-0.2297659065191217,0.042608387768268585,0.09873377735389711
sp|O60678|ANM3_HUMAN,3744514.262653882,3037891.1902751885,-0.43405367358300023,0.042608387768268585,0.09873377735389711
sp|Q9Y277|VDAC3_HUMAN,19988734.936208908,17384775.76338028,-0.18333667516002108,0.042608387768268585,0.09873377735389711
sp|Q92620|PRP16_HUMAN,263753.4279937499,187041.0966437889,-1.8516010335017175,0.042608387768268585,0.09873377735389711
sp|Q8TDZ2|MICA1_HUMAN,1658772.0815235204,3522539.4845752823,0.4786791027409211,0.0451183095574379,0.10320436966927764
sp|P50570|DYN2_HUMAN,652599.2822177025,3166894.3419838985,0.7553451879413429,0.0451183095574379,0.10320436966927764
sp|P13984|T2FB_HUMAN,1875954.3021578977,3854828.6332638524,1.2397054948570176,0.0451183095574379,0.10320436966927764
sp|Q9Y2U8|MAN1_HUMAN,129471.38238307738,205050.72256943464,0.40908597588593903,0.0451183095574379,0.10320436966927764
sp|Q8IXB3|TARG1_HUMAN,21003926.436011408,26403575.163000364,0.3189498246705105,0.0451183095574379,0.10320436966927764
sp|Q68DK2|ZFY26_HUMAN,3482275.69458013,4568186.8210313525,0.4493751840804249,0.0451183095574379,0.10320436966927764
sp|P25311|ZA2G_HUMAN,987150311.0845938,1371789141.4663355,0.4615649199404429,0.0451183095574379,0.10320436966927764
sp|P55789|ALR_HUMAN,4060769.9925281215,4075178.8534584525,0.05950446120261409,0.0451183095574379,0.10320436966927764
sp|P36915|GNL1_HUMAN,8647790.880924711,6718615.3186773965,-0.3789438501748717,0.0451183095574379,0.10320436966927764
sp|O00399|DCTN6_HUMAN,43159535.19576539,49211985.12933606,0.17154322795226037,0.0451183095574379,0.10320436966927764
sp|P16885|PLCG2_HUMAN,673540.632231508,460609.0558460948,-0.7095849499018433,0.0451183095574379,0.10320436966927764
sp|P13073|COX41_HUMAN,16198330.841965467,14156333.332177868,-0.18268678933023924,0.0451183095574379,0.10320436966927764
sp|Q9UJU6|DBNL_HUMAN,139703574.84573576,156761015.31729904,0.15898058857947156,0.0451183095574379,0.10320436966927764
sp|Q7Z3F1|GP155_HUMAN,342935.9522824808,518100.3715001526,0.2760695690769542,0.0451183095574379,0.10320436966927764
sp|Q99767|APBA2_HUMAN,2552786.4843953806,3225908.1185510694,0.25910548885994616,0.0451183095574379,0.10320436966927764
sp|Q9H9G7|AGO3_HUMAN,34075715.37689119,29095417.51391252,-0.3215007910827038,0.0451183095574379,0.10320436966927764
sp|Q86WV6|STING_HUMAN,16149729.054141881,12588575.59901455,-0.45037408595067113,0.0451183095574379,0.10320436966927764
sp|Q13938|CAYP1_HUMAN,732603.3767817514,758640.4931516021,0.7297491037100254,0.0451183095574379,0.10320436966927764
sp|P29373|RABP2_HUMAN,16803824.169886563,13511488.1888049,-0.36773952735149973,0.0451183095574379,0.10320436966927764
sp|P07919|QCR6_HUMAN,18549341.827671397,16511675.31337845,0.6353033083842536,0.0451183095574379,0.10320436966927764
sp|Q9NR12|PDLI7_HUMAN,102919911.073817,79142618.81844929,-0.27901458694228926,0.0451183095574379,0.10320436966927764
sp|P14854|CX6B1_HUMAN,60437769.93717681,71309219.33907552,0.32869947823305384,0.0451183095574379,0.10320436966927764
sp|P61758|PFD3_HUMAN,13936220.31136122,16039326.361791994,0.22720153184345346,0.0451183095574379,0.10320436966927764
sp|Q9BTY2|FUCO2_HUMAN,10908442.885932857,14248189.343836227,0.2531656707467965,0.0451183095574379,0.10320436966927764
sp|P82921|RT21_HUMAN,3991392.186806329,3519638.949881561,-0.2587286316999925,0.0451183095574379,0.10320436966927764
sp|Q9Y2Y0|AR2BP_HUMAN,10920203.649918888,21035808.600487806,0.6209609359051932,0.0451183095574379,0.10320436966927764
sp|Q6AI12|ANR40_HUMAN,54419694.301401876,64312257.113700725,0.22184150520710016,0.0451183095574379,0.10320436966927764
sp|Q9NNW7|TRXR2_HUMAN,61836310.57523595,78670643.43022339,0.22133173847354648,0.04774715006351471,0.10762732416853316
sp|P30050|RL12_HUMAN,67142197.9882991,54905670.289733104,-0.3095184251674538,0.04774715006351471,0.10762732416853316
sp|Q00722|PLCB2_HUMAN,321552.9217161229,215223.43410426765,-1.0041277666697608,0.04774715006351471,0.10762732416853316
sp|P35221|CTNA1_HUMAN,80395103.16507006,97920966.54755156,0.25846264991893914,0.04774715006351471,0.10762732416853316
sp|Q9BUH6|PAXX_HUMAN,14269504.290094,12431149.1137182,-0.2031345638461035,0.04774715006351471,0.10762732416853316
sp|P34932|HSP74_HUMAN,273192274.763642,227236220.90839714,-0.3743706135395502,0.04774715006351471,0.10762732416853316
sp|Q7Z3E5|ARMC9_HUMAN,13137528.198199283,10823750.35198182,-0.3960900080128396,0.04774715006351471,0.10762732416853316
sp|Q86WC4|OSTM1_HUMAN,1577105.290185801,2054180.3003579061,0.4098756415228825,0.04774715006351471,0.10762732416853316
sp|Q9UBF8|PI4KB_HUMAN,1968221.1169020708,4133918.4603619897,0.9033116523687391,0.04774715006351471,0.10762732416853316
sp|P51178|PLCD1_HUMAN,99879039.81040733,134766010.79402775,0.10418947243265711,0.04774715006351471,0.10762732416853316
sp|P82932|RT06_HUMAN,382061.6182988052,262854.67357018066,-0.7754524341353789,0.04774715006351471,0.10762732416853316
sp|P02795|MT2_HUMAN,24409413.92546991,38197862.68124441,0.37734219253573936,0.04774715006351471,0.10762732416853316
sp|Q9H6U6|BCAS3_HUMAN,944579.4996056693,1099104.774724938,0.19670401911588556,0.04774715006351471,0.10762732416853316
sp|O95865|DDAH2_HUMAN,620834233.5190408,541151921.298374,-0.18570782796371785,0.04774715006351471,0.10762732416853316
sp|P09132|SRP19_HUMAN,504725.31940009317,395150.05567139934,-0.7185330370598644,0.04774715006351471,0.10762732416853316
sp|Q99805|TM9S2_HUMAN,1126337.6825440363,1085591.433096748,0.8129584645465604,0.04774715006351471,0.10762732416853316
sp|O00478|BT3A3_HUMAN,2765535.2580999467,2018256.30657826,-0.5161406788452824,0.04774715006351471,0.10762732416853316
sp|Q14974|IMB1_HUMAN,53476156.09819778,70769990.93327692,0.7991434912367356,0.04774715006351471,0.10762732416853316
sp|P41567|EIF1_HUMAN,4014008.528557762,3340666.1079990505,-0.3828790131004106,0.04774715006351471,0.10762732416853316
sp|Q15007|FL2D_HUMAN,364187.3695395916,294349.9440395865,-0.3568323070685894,0.04774715006351471,0.10762732416853316
sp|Q9BVC4|LST8_HUMAN,7796351.785528152,10258414.108552245,0.2218848144006926,0.04774715006351471,0.10762732416853316
sp|Q9H3P2|NELFA_HUMAN,1023998.7856646292,701261.5360399269,-0.4803469152313498,0.04774715006351471,0.10762732416853316
sp|P11142|HSP7C_HUMAN,3078293887.436261,3351051128.184449,0.17865753960731037,0.04774715006351471,0.10762732416853316
sp|P08134|RHOC_HUMAN,147743054.21985668,177320047.32348314,0.23167347708472594,0.04774715006351471,0.10762732416853316
sp|Q8N4V1|EMC5_HUMAN,708265.0779116078,992993.8870881156,0.23821787727283894,0.04774715006351471,0.10762732416853316
sp|P42224|STAT1_HUMAN,8052920.786705675,6467595.4816162605,-0.3572620628075353,0.04774715006351471,0.10762732416853316
sp|O75569|PRKRA_HUMAN,614167.8495283445,498853.06388565124,-0.5144517229422575,0.04774715006351471,0.10762732416853316
sp|Q9BX66|SRBS1_HUMAN,512272118.7500784,641743616.3230892,0.3420012205525322,0.04774715006351471,0.10762732416853316
sp|A8MXV4|NUD19_HUMAN,10865078.351392517,13958811.745277258,0.23880813428488562,0.04774715006351471,0.10762732416853316
sp|P00734|THRB_HUMAN,950470164.6130713,790199512.757372,-0.3526201236400072,0.04774715006351471,0.10762732416853316
sp|O60861|GAS7_HUMAN,2032468.3267746188,3300918.0969887483,0.6057504680091033,0.04774715006351471,0.10762732416853316
sp|P35659|DEK_HUMAN,6935997.972922513,5828754.41593626,-0.2579994798128787,0.05049888789653778,0.11319204251073554
sp|Q8IUE1|TF2LX_HUMAN,35116501.15503841,42910942.20373968,0.40383337405307124,0.05049888789653778,0.11319204251073554
sp|Q5T013|HYI_HUMAN,958985246.6740652,1170632545.62014,0.15564779877272147,0.05049888789653778,0.11319204251073554
sp|O15260|SURF4_HUMAN,21637709.331864066,17604148.02431556,-0.49786378787860325,0.05049888789653778,0.11319204251073554
sp|O15258|RER1_HUMAN,3092450.891101098,2648581.328003698,-0.4712171031428823,0.05049888789653778,0.11319204251073554
sp|P41208|CETN2_HUMAN,6181166.483269739,5154557.956973455,-0.3196153515044501,0.05049888789653778,0.11319204251073554
sp|Q5TAQ9|DCAF8_HUMAN,4616923.050738362,3566818.152733455,-0.6097613750995076,0.05049888789653778,0.11319204251073554
sp|P22748|CAH4_HUMAN,12295849.16926338,15120920.868689168,0.3527787515823824,0.05049888789653778,0.11319204251073554
sp|Q92930|RAB8B_HUMAN,120591119.45171478,134439372.97400588,0.14625374269728564,0.05049888789653778,0.11319204251073554
sp|Q96A70|AZIN2_HUMAN,699455.5658773973,955440.8189675593,0.4174290557491102,0.05049888789653778,0.11319204251073554
sp|Q15031|SYLM_HUMAN,4200703.715029676,3451309.8463300527,-0.32891447515718536,0.05049888789653778,0.11319204251073554
sp|Q96PV0|SYGP1_HUMAN,5651682.510422653,3964712.7591627194,-1.3146844942256324,0.05049888789653778,0.11319204251073554
sp|Q86WA6|BPHL_HUMAN,18370164.090750676,14681729.015287386,-0.42196080079561415,0.053377434611320496,0.11831792549640972
sp|P78346|RPP30_HUMAN,429730.45773561206,327366.4374893866,-1.4128763167006717,0.053377434611320496,0.11831792549640972
sp|P52209|6PGD_HUMAN,1981330741.7966943,2538054830.8162417,0.3987193644215146,0.053377434611320496,0.11831792549640972
sp|Q9Y6E0|STK24_HUMAN,5039161.791223389,4326017.524666982,-0.2971163625170822,0.053377434611320496,0.11831792549640972
sp|Q9NZJ7|MTCH1_HUMAN,3711819.7860433115,3721116.744669061,-0.3441873489879322,0.053377434611320496,0.11831792549640972
sp|O43765|SGTA_HUMAN,14216267.921927575,15498519.429464418,0.11551011587657165,0.053377434611320496,0.11831792549640972
sp|Q9UL46|PSME2_HUMAN,20936627.42914274,28243503.87961288,0.36833879585148593,0.053377434611320496,0.11831792549640972
sp|Q9BQ52|RNZ2_HUMAN,23375416.318801053,21859547.59783311,-0.1586904580781217,0.053377434611320496,0.11831792549640972
sp|P57088|TMM33_HUMAN,3209295.0316070393,4095477.422090041,0.28231027884477494,0.053377434611320496,0.11831792549640972
sp|O95834|EMAL2_HUMAN,160647151.96946186,136379912.69396275,-0.28489024727717144,0.053377434611320496,0.11831792549640972
sp|Q9H792|PEAK1_HUMAN,304494.78307314904,388431.7398636382,0.29587330037476406,0.053377434611320496,0.11831792549640972
sp|Q14393|GAS6_HUMAN,7658600.932220655,12750009.526718771,0.6538428270749529,0.053377434611320496,0.11831792549640972
sp|Q6FIF0|ZFAN6_HUMAN,1016606.4770848347,1149176.7793464777,0.15010295743089624,0.053377434611320496,0.11831792549640972
sp|Q99700|ATX2_HUMAN,10424703.762393773,11739107.272804003,0.16806083966069277,0.053377434611320496,0.11831792549640972
sp|O95967|FBLN4_HUMAN,12104189.036141535,8269739.087209056,-0.4219900552552217,0.053377434611320496,0.11831792549640972
sp|Q9Y6Q9|NCOA3_HUMAN,5856525.002189607,7564892.451109057,0.24439310211597132,0.053377434611320496,0.11831792549640972
sp|P51513|NOVA1_HUMAN,20139057.880612623,23241991.309569657,0.21179965865661782,0.053377434611320496,0.11831792549640972
sp|P00738|HPT_HUMAN,10040246448.56447,13122491254.48696,0.27493845753712176,0.053377434611320496,0.11831792549640972
sp|P49441|INPP_HUMAN,279615.9424211159,222838.33141222814,-0.5438769549818714,0.053377434611320496,0.11831792549640972
sp|P24043|LAMA2_HUMAN,49343076.29091209,58678424.879471816,0.2436143299691145,0.053377434611320496,0.11831792549640972
sp|Q9NT62|ATG3_HUMAN,1182106.0382713268,1511717.8012129457,0.342346806091557,0.053377434611320496,0.11831792549640972
sp|O95831|AIFM1_HUMAN,121982755.8772925,132797347.4682533,0.1863172971206001,0.053377434611320496,0.11831792549640972
sp|Q4G0J3|LARP7_HUMAN,6098820.680419631,5150612.924181493,-0.2860705824261573,0.053377434611320496,0.11831792549640972
sp|Q96EE3|SEH1_HUMAN,4811945.3343579825,4257448.763076498,-0.21572154133847832,0.053377434611320496,0.11831792549640972
sp|Q9UJ68|MSRA_HUMAN,20302615.900455322,26257410.89886122,0.24373145737142135,0.05638675391674042,0.1237877548245367
sp|Q8IZP9|AGRG2_HUMAN,410814.352000791,536903.9433197422,0.4220297500782103,0.05638675391674042,0.1237877548245367
sp|P46940|IQGA1_HUMAN,106392940.07017279,87590683.74601158,-0.28753435337992467,0.05638675391674042,0.1237877548245367
sp|Q9UPQ9|TNR6B_HUMAN,473631.89850518695,367681.4387388641,-0.4884104033269071,0.05638675391674042,0.1237877548245367
sp|O14618|CCS_HUMAN,107485836.28700213,133150000.91175804,0.24792753411740368,0.05638675391674042,0.1237877548245367
sp|Q6PCB7|S27A1_HUMAN,7780449.494407006,11329838.623903928,0.32399437923353236,0.05638675391674042,0.1237877548245367
sp|Q01459|DIAC_HUMAN,5860255.257828507,6958082.231352808,0.18945862576406433,0.05638675391674042,0.1237877548245367
sp|Q9Y6U3|ADSV_HUMAN,107230322.20004472,75915874.9814851,-0.6084243097564961,0.05638675391674042,0.1237877548245367
sp|Q9NZB8|MOCS1_HUMAN,28303886.401928574,24230250.70842568,-0.24948397243668236,0.05638675391674042,0.1237877548245367
sp|Q13564|ULA1_HUMAN,93780720.59845503,82491695.84550114,-0.22483641510383226,0.05638675391674042,0.1237877548245367
sp|P19784|CSK22_HUMAN,19889564.926371276,16913991.410723194,-0.31518030241154615,0.05638675391674042,0.1237877548245367
sp|Q9ULC0|MUCEN_HUMAN,378902.3606122968,459993.9774647107,0.35210598558761813,0.05638675391674042,0.1237877548245367
sp|Q9UMY4|SNX12_HUMAN,8398367.735507654,12745745.898691226,0.325704322364643,0.05638675391674042,0.1237877548245367
sp|O95870|ABHGA_HUMAN,3652349.7632667725,5590452.668512976,0.3907626162145142,0.05638675391674042,0.1237877548245367
sp|Q13573|SNW1_HUMAN,1711712.701900856,2399659.627559094,0.42748023821897846,0.05638675391674042,0.1237877548245367
sp|Q8TF74|WIPF2_HUMAN,404205.8118218809,1708546.1115172734,0.894096526737732,0.05638675391674042,0.1237877548245367
sp|P50583|AP4A_HUMAN,4606714.7304290775,5742968.055675223,0.27616361563786096,0.05638675391674042,0.1237877548245367
sp|Q96G03|PGM2_HUMAN,298977679.4670183,272909191.1877328,-0.19434187459345706,0.05638675391674042,0.1237877548245367
sp|P35914|HMGCL_HUMAN,67298193.3219719,73472827.57020497,0.11384460114585,0.05638675391674042,0.1237877548245367
sp|Q9NR30|DDX21_HUMAN,989163.6647193601,1305277.5581084609,0.3281209308142821,0.05638675391674042,0.1237877548245367
sp|Q8IYK4|GT252_HUMAN,3231661.068135127,2609536.80183112,-0.41847580584544986,0.05638675391674042,0.1237877548245367
sp|P16035|TIMP2_HUMAN,1548022.720141053,1978245.4422899515,0.32617439524089675,0.05953092873096466,0.12915412612111185
sp|O95202|LETM1_HUMAN,18552830.692728747,22024344.256541338,0.25629208043251456,0.05953092873096466,0.12915412612111185
sp|Q8IX12|CCAR1_HUMAN,976100.1949808917,854041.0069195778,-0.1516911762985394,0.05953092873096466,0.12915412612111185
sp|Q9UKG9|OCTC_HUMAN,102690.49612569818,133119.87390501093,0.5972073878459178,0.05953092873096466,0.12915412612111185
sp|Q9Y3D5|RT18C_HUMAN,370546.0870973983,394227.25451041723,-1.165651138935575,0.05953092873096466,0.12915412612111185
sp|Q9NTJ4|MA2C1_HUMAN,369847593.6758027,339525751.94370973,-0.20397843265905044,0.05953092873096466,0.12915412612111185
sp|Q7Z5H3|RHG22_HUMAN,155118.48508293164,233556.92584438645,0.3468066334112,0.05953092873096466,0.12915412612111185
sp|Q9UBW5|BIN2_HUMAN,6154163.4593961,6908899.329701939,0.16367588740095343,0.05953092873096466,0.12915412612111185
sp|Q9UI10|EI2BD_HUMAN,337190.48090151,498503.24651761196,0.5357024480803181,0.05953092873096466,0.12915412612111185
sp|Q14197|ICT1_HUMAN,6415516.898483223,5359903.401811435,-0.29105818360956487,0.05953092873096466,0.12915412612111185
sp|Q8IV33|K0825_HUMAN,253574956.41482824,315364267.16798437,0.35960951661251755,0.05953092873096466,0.12915412612111185
sp|P28331|NDUS1_HUMAN,75591133.06832136,88088706.38021839,0.16161450198941793,0.05953092873096466,0.12915412612111185
sp|O75376|NCOR1_HUMAN,2576631.205124778,3681896.2089563897,0.4898369337766183,0.05953092873096466,0.12915412612111185
sp|Q7L4P6|BEND5_HUMAN,1155825.0113976372,1583129.0419595854,0.3283724970260855,0.05953092873096466,0.12915412612111185
sp|Q01469|FABP5_HUMAN,2432909275.6312137,2035460299.1886284,-0.3020297448951107,0.05953092873096466,0.12915412612111185
sp|O95785|WIZ_HUMAN,1771142.5996844643,2360650.1863915212,0.3597565385309182,0.05953092873096466,0.12915412612111185
sp|O60701|UGDH_HUMAN,52551188.44043563,45496945.16064549,-0.36469167525611773,0.05953092873096466,0.12915412612111185
sp|O43310|CTIF_HUMAN,2283325.0592449903,3319594.880505576,0.630778241728643,0.05953092873096466,0.12915412612111185
sp|Q96FE7|P3IP1_HUMAN,622465.3577432259,986267.2347899328,0.457325532110814,0.05953092873096466,0.12915412612111185
sp|P08758|ANXA5_HUMAN / sp|ANXA5_HUMAN|P08758,1097533602.381,1848288064.375346,0.7220424034727786,0.05953092873096466,0.12915412612111185
sp|P02790|HEMO_HUMAN,11952042615.250025,15500212281.770273,0.38265034918956126,0.05953092873096466,0.12915412612111185
sp|P48960|AGRE5_HUMAN,828989.9340674969,1133732.4569256199,0.3282049034159749,0.05953092873096466,0.12915412612111185
sp|P15169|CBPN_HUMAN,21234150.953195848,17414722.23643093,-0.8221961309701104,0.05953092873096466,0.12915412612111185
sp|Q96GS4|BORC6_HUMAN,410945.1363872424,582887.1836453244,0.3398201555666035,0.05953092873096466,0.12915412612111185
sp|P49023|PAXI_HUMAN,28100777.104064174,31973065.819448587,0.16560888075653882,0.05953092873096466,0.12915412612111185
sp|P07951|TPM2_HUMAN,1833467786.432775,1405410948.2477393,-0.27423658846359983,0.05953092873096466,0.12915412612111185
sp|P25325|THTM_HUMAN,207795663.25302416,164619557.4520943,-0.6110403784552857,0.06281394511461258,0.13469353110144136
sp|P51148|RAB5C_HUMAN,44464914.28175271,51282246.42469717,0.17867072617557822,0.06281394511461258,0.13469353110144136
sp|Q9Y263|PLAP_HUMAN,7446273.510718771,8929071.780511014,0.23549014558857526,0.06281394511461258,0.13469353110144136
sp|Q96JD6|AKCL2_HUMAN,99341527.42835163,83018724.74741551,-0.3368830811735743,0.06281394511461258,0.13469353110144136
sp|P60673|PROF3_HUMAN,649259.9456559524,824700.8203814531,0.3718628419793032,0.06281394511461258,0.13469353110144136
sp|P27144|KAD4_HUMAN,5952045.341887248,7295949.495049833,0.19170453721294253,0.06281394511461258,0.13469353110144136
sp|Q7Z7N9|T179B_HUMAN,739523.9033225634,1072582.710207093,0.5911200420078001,0.06281394511461258,0.13469353110144136
sp|O95571|ETHE1_HUMAN,79722515.67277145,66634315.251327656,-0.2635456021662711,0.06281394511461258,0.13469353110144136
sp|P43034|LIS1_HUMAN,173770346.58390254,207985690.02447775,0.18703472232437487,0.06281394511461258,0.13469353110144136
sp|Q9H553|ALG2_HUMAN,588528.6748508026,428140.2458976777,-0.7276942790463071,0.06281394511461258,0.13469353110144136
sp|Q9Y490|TLN1_HUMAN,304746009.11694604,389760142.8173869,0.25246602495532117,0.06281394511461258,0.13469353110144136
sp|P40926|MDHM_HUMAN,1321771249.4223197,1493113824.0825603,0.11387606387028969,0.06281394511461258,0.13469353110144136
sp|Q9BV19|CA050_HUMAN,669641.1946924502,817795.6107662666,-0.35869878502863245,0.06281394511461258,0.13469353110144136
sp|Q96L73|NSD1_HUMAN,19039242.956645742,27291917.839393944,0.1703802376359753,0.06281394511461258,0.13469353110144136
sp|P22692|IBP4_HUMAN,27623334.793424238,32790984.088993702,0.21266227727344308,0.06281394511461258,0.13469353110144136
sp|O43665|RGS10_HUMAN,14796907.836145723,19166734.805626668,0.34156555562759966,0.06281394511461258,0.13469353110144136
sp|Q13586|STIM1_HUMAN,4980803.769026366,5777033.751865496,0.21845699809965705,0.06281394511461258,0.13469353110144136
sp|Q9GZS3|WDR61_HUMAN,13432563.258636842,15463314.937467465,0.18690700714775016,0.06281394511461258,0.13469353110144136
sp|Q13615|MTMR3_HUMAN,1092578.2967639542,1553849.718230843,0.47177718352748943,0.06281394511461258,0.13469353110144136
sp|Q6IQ22|RAB12_HUMAN,61948413.05438388,67036903.37763573,0.10553247385554673,0.06281394511461258,0.13469353110144136
sp|Q05086|UBE3A_HUMAN,14863364.793370308,12236138.09703452,-0.2735289475999787,0.06281394511461258,0.13469353110144136
sp|Q8WW59|SPRY4_HUMAN,39749315.59592756,47080546.62171306,0.20175687572216777,0.06281394511461258,0.13469353110144136
sp|O14841|OPLA_HUMAN,202572876.93187037,172814302.44990563,-0.3079098610196428,0.06281394511461258,0.13469353110144136
sp|O75410|TACC1_HUMAN,19318512.550864477,21081847.03567583,0.12782195294680368,0.06281394511461258,0.13469353110144136
sp|Q9BS26|ERP44_HUMAN,130329908.17564133,111016135.91806583,-0.26997633578802877,0.06281394511461258,0.13469353110144136
sp|Q96EL3|RM53_HUMAN,16386216.427924458,20930558.27009813,0.2905325099637575,0.06281394511461258,0.13469353110144136
sp|P05161|ISG15_HUMAN,18774147.434117276,22542758.867600318,0.2760502422290359,0.06623983383178711,0.14065706307909132
sp|P21964|COMT_HUMAN,32085055.041548453,27251344.78197327,-0.31105200974247865,0.06623983383178711,0.14065706307909132
sp|Q6UXV4|MIC27_HUMAN,12431408.320173617,14991890.204251314,0.18381362688084987,0.06623983383178711,0.14065706307909132
sp|P20674|COX5A_HUMAN,20668458.49026203,25332476.46848324,0.36516063713822916,0.06623983383178711,0.14065706307909132
sp|Q9NP80|PLPL8_HUMAN,18146878.39699936,22624851.090945125,0.3187822343492433,0.06623983383178711,0.14065706307909132
sp|Q5VUB5|F1711_HUMAN,1116984.9721811542,1347511.5835039245,0.34246977852777805,0.06623983383178711,0.14065706307909132
sp|Q5VW36|FOCAD_HUMAN,1585625.6620401642,2075225.8346872588,0.2748962841763008,0.06623983383178711,0.14065706307909132
sp|Q99704|DOK1_HUMAN,1688377.3106108126,2065316.1300688658,0.2367934089518678,0.06623983383178711,0.14065706307909132
sp|Q96T51|RUFY1_HUMAN,6721397.179236563,5480562.014755487,-0.3141316123116784,0.06623983383178711,0.14065706307909132
sp|Q9P2G1|AKIB1_HUMAN,3748275.5020778845,3147623.8618090726,-0.23047502657974991,0.06623983383178711,0.14065706307909132
sp|Q8N465|D2HDH_HUMAN,8676869.888961706,10129133.507464947,0.17902985870495375,0.06623983383178711,0.14065706307909132
sp|O95633|FSTL3_HUMAN,5435505.170283914,6598157.291219309,0.3562017069219318,0.06623983383178711,0.14065706307909132
sp|Q9H3H3|CK068_HUMAN,61305427.484085836,54103564.31678365,-0.21410239488281774,0.06623983383178711,0.14065706307909132
sp|P55072|TERA_HUMAN,2158514659.2978573,1804336147.718539,-0.38985958571191087,0.06623983383178711,0.14065706307909132
sp|P82675|RT05_HUMAN,4176803.7403675644,3509140.6467349557,-0.2753650135488143,0.06623983383178711,0.14065706307909132
sp|P00390|GSHR_HUMAN,284350907.5175896,340606985.93396884,0.21606539859652912,0.06623983383178711,0.14065706307909132
sp|O95425|SVIL_HUMAN,14934009.3654621,13267111.886965618,-0.16835931953509964,0.06623983383178711,0.14065706307909132
sp|Q9P0M9|RM27_HUMAN,4121067.589169727,5572122.356323189,0.22506426660075338,0.06623983383178711,0.14065706307909132
sp|Q8N556|AFAP1_HUMAN,3524334.2102913144,3028168.479692088,-0.2826252839701538,0.06623983383178711,0.14065706307909132
sp|P62942|FKB1A_HUMAN,152106630.72758707,165806539.95754078,0.1560037300094001,0.06623983383178711,0.14065706307909132
sp|P35241|RADI_HUMAN,996660309.4400737,873994345.9127387,-0.2048249606702211,0.06623983383178711,0.14065706307909132
sp|Q8IUW5|RELL1_HUMAN,784860.2794780756,1041997.6182651926,0.4584346606372002,0.06623983383178711,0.14065706307909132
sp|Q8WYP3|RIN2_HUMAN,3419422.235908142,3095397.622405972,-1.8310322878119754,0.06981273740530014,0.14617422635603639
sp|Q99733|NP1L4_HUMAN,43003368.98370055,37321585.04079828,-0.2908091666491215,0.06981273740530014,0.14617422635603639
sp|Q9UGT4|SUSD2_HUMAN,3481361.0146242254,3077283.663276245,-0.25340269614857497,0.06981273740530014,0.14617422635603639
sp|Q99707|METH_HUMAN,16013862.670967354,19120701.363136783,0.21030729775830345,0.06981273740530014,0.14617422635603639
sp|O94916|NFAT5_HUMAN,614101.9091693638,466284.4103491698,-0.4406180030688182,0.06981273740530014,0.14617422635603639
sp|Q9NZJ9|NUDT4_HUMAN,13178350.741623666,9749984.968183419,-0.3230976522066497,0.06981273740530014,0.14617422635603639
sp|P02768|ALBU_HUMAN / sp|ALBU_HUMAN|P02768,295427662464.59564,361203362812.95074,0.32885973205476043,0.06981273740530014,0.14617422635603639
sp|Q969X1|LFG3_HUMAN,867844.8764028364,1139556.2834280466,0.2705725893735284,0.06981273740530014,0.14617422635603639
sp|Q9HCM4|E41L5_HUMAN,648448.4582618594,851342.939577662,0.23825318124368916,0.06981273740530014,0.14617422635603639
sp|P20701|ITAL_HUMAN,2152946.8045317284,2308517.8312936453,0.29867053571535745,0.06981273740530014,0.14617422635603639
sp|P17612|KAPCA_HUMAN,48235292.35061098,39625820.79759469,-0.3953657334933072,0.06981273740530014,0.14617422635603639
sp|P38159|RBMX_HUMAN,89860390.93049444,78994700.0706288,-0.23686366896136782,0.06981273740530014,0.14617422635603639
sp|Q8WZ42|TITIN_HUMAN,4424485.517988486,3460428.3276053043,-0.49924996069255745,0.06981273740530014,0.14617422635603639
sp|O00422|SAP18_HUMAN,3560831.876742867,2940635.3514882983,-0.34558559198968897,0.06981273740530014,0.14617422635603639
sp|Q93052|LPP_HUMAN,278392525.49119204,324008200.19620603,0.16981905473818568,0.06981273740530014,0.14617422635603639
sp|P47712|PA24A_HUMAN,8335200.880970731,10134098.504925895,0.26644312220660016,0.06981273740530014,0.14617422635603639
sp|A0MZ66|SHOT1_HUMAN,134050642.00213064,150635205.5799622,0.14813797548273172,0.06981273740530014,0.14617422635603639
sp|P49354|FNTA_HUMAN,22962112.106971618,28172329.283190917,0.25038700720546814,0.06981273740530014,0.14617422635603639
sp|Q9BW71|HIRP3_HUMAN,6685380.52467833,13641686.291471979,0.5838306032745069,0.06981273740530014,0.14617422635603639
sp|P49755|TMEDA_HUMAN,9444663.693845736,8291050.542798218,-0.22504377007099322,0.06981273740530014,0.14617422635603639
sp|Q8TB45|DPTOR_HUMAN,15211788.594324326,26434144.880135205,2.7706889006013458,0.06981273740530014,0.14617422635603639
sp|P50479|PDLI4_HUMAN,26453903.70105722,22212198.43451891,-0.2824908385702213,0.06981273740530014,0.14617422635603639
sp|Q96CN7|ISOC1_HUMAN,138947981.60225442,122980433.36264358,-0.19454527978563899,0.06981273740530014,0.14617422635603639
sp|Q9Y697|NFS1_HUMAN,41434731.29378917,37990569.565539196,-0.14229294511107124,0.06981273740530014,0.14617422635603639
sp|P05546|HEP2_HUMAN,286968901.0364495,231247566.63476783,-0.6839279854106178,0.06981273740530014,0.14617422635603639
sp|Q86VP6|CAND1_HUMAN,2161307.4736509076,1533652.065335002,-0.45897378816990664,0.06981273740530014,0.14617422635603639
sp|Q92839|HYAS1_HUMAN,7572958.309190394,6538160.095391834,-0.300625302991243,0.06981273740530014,0.14617422635603639
sp|P23975|SC6A2_HUMAN,4421019.815489753,2698465.515340424,-0.9733606057346357,0.06981273740530014,0.14617422635603639
sp|Q8WV99|ZFN2B_HUMAN,450437.1335775095,623927.9074005798,0.23451611752412133,0.06981273740530014,0.14617422635603639
sp|O94813|SLIT2_HUMAN,282662.1777138805,544796.1363437601,0.4835177036630964,0.06981273740530014,0.14617422635603639
sp|Q96HY6|DDRGK_HUMAN,3338054.5589610455,3993185.3222005465,0.27315062265923895,0.06981273740530014,0.14617422635603639
sp|P26992|CNTFR_HUMAN,1366609.0582234694,1587500.9240184801,0.30314626036357534,0.06981273740530014,0.14617422635603639
sp|P00740|FA9_HUMAN,13966469.678053716,19701577.489422727,0.3934123506156463,0.07353667169809341,0.15217873543732227
sp|Q9H0N0|RAB6C_HUMAN / sp|Q53S08|RAB6D_HUMAN,1873997.601719716,1546418.247507127,-0.28889057812592867,0.07353667169809341,0.15217873543732227
sp|Q6PII3|CC174_HUMAN,1827034.7436758277,2538395.2433431586,0.35209533886500693,0.07353667169809341,0.15217873543732227
sp|Q13126|MTAP_HUMAN,248349280.1165244,277595728.9506966,0.15281520215296826,0.07353667169809341,0.15217873543732227
sp|Q96SI9|STRBP_HUMAN,9137576.099561706,7461286.576063357,-0.312850094657293,0.07353667169809341,0.15217873543732227
sp|Q15155|NOMO1_HUMAN / sp|P69849|NOMO3_HUMAN / sp|Q5JPE7|NOMO2_HUMAN,20845503.57636071,18500425.464429896,-0.1764336606739251,0.07353667169809341,0.15217873543732227
sp|O60716|CTND1_HUMAN,28950271.255239874,33182570.82120287,0.15957671236734977,0.07353667169809341,0.15217873543732227
sp|P22894|MMP8_HUMAN,10227097.943065764,34073543.97725086,0.658060686671796,0.07353667169809341,0.15217873543732227
sp|P61601|NCALD_HUMAN / sp|P84074|HPCA_HUMAN / sp|P37235|HPCL1_HUMAN,1060121.5205321652,868333.3285996066,-0.48037744245213876,0.07353667169809341,0.15217873543732227
sp|Q9NSC5|HOME3_HUMAN,961020.1826855823,773095.4794783021,-0.3311956423431749,0.07353667169809341,0.15217873543732227
sp|Q9H0R4|HDHD2_HUMAN,75826013.6859529,89671495.8407912,0.20902569731272866,0.07353667169809341,0.15217873543732227
sp|P12830|CADH1_HUMAN,4488816.715712828,6609913.908650598,0.4552942884148395,0.07353667169809341,0.15217873543732227
sp|Q13228|SBP1_HUMAN,6585271435.6745405,6002117243.925078,-0.29355694990947034,0.07353667169809341,0.15217873543732227
sp|P49589|SYCC_HUMAN,62623837.75893382,56582425.77091364,-0.1805799404291321,0.07353667169809341,0.15217873543732227
sp|Q02750|MP2K1_HUMAN,8235359.760903945,12373324.605817154,0.38324679635151426,0.07353667169809341,0.15217873543732227
sp|O60879|DIAP2_HUMAN,35953.98269334734,58390.439381355725,4.4480696996830185,0.07353667169809341,0.15217873543732227
sp|O14907|TX1B3_HUMAN,6439226.39843043,8885676.779623741,0.34681041545935765,0.07353667169809341,0.15217873543732227
sp|Q9Y6N7|ROBO1_HUMAN / sp|Q9HCK4|ROBO2_HUMAN,1455940.6048434342,1271493.9659234232,-0.2913240898061677,0.07353667169809341,0.15217873543732227
sp|Q92552|RT27_HUMAN,455007.9943558912,286156.7696659108,-0.6480103103080538,0.07353667169809341,0.15217873543732227
sp|Q99627|CSN8_HUMAN,7213063.9905132875,8579461.355584906,0.21148322820187498,0.07353667169809341,0.15217873543732227
sp|Q9Y680|FKBP7_HUMAN,14024352.369827345,12540003.84841391,-0.2463803963978814,0.07353667169809341,0.15217873543732227
sp|Q8TE49|OTU7A_HUMAN,1520009.5675568725,2273926.2159426766,0.3981820887380324,0.07353667169809341,0.15217873543732227
sp|Q99536|VAT1_HUMAN,305979386.540665,371949790.016939,0.21754500807987512,0.07353667169809341,0.15217873543732227
sp|Q32MZ4|LRRF1_HUMAN,17240965.511892427,21845178.01093867,0.2453521616857534,0.07353667169809341,0.15217873543732227
sp|P16455|MGMT_HUMAN,3262064.104034211,3985526.4300149074,0.20343066238081461,0.07353667169809341,0.15217873543732227
sp|Q9UKU9|ANGL2_HUMAN,313408.8919419669,453778.1046651524,0.46638979136325037,0.07353667169809341,0.15217873543732227
sp|Q86VP3|PACS2_HUMAN,399835.79129115155,477332.36723074195,0.3046551764537962,0.07353667169809341,0.15217873543732227
sp|Q8IYT4|KATL2_HUMAN,231813475.95494834,253419953.37740782,0.1351123667604787,0.07741569727659225,0.15782409992793808
sp|Q92609|TBCD5_HUMAN,5621843.94812603,6978339.588803924,0.31148638228008924,0.07741569727659225,0.15782409992793808
sp|Q9Y4L1|HYOU1_HUMAN,101258964.83964835,88591576.27501528,-0.2242044641361002,0.07741569727659225,0.15782409992793808
sp|Q9NRN7|ADPPT_HUMAN,2663802.651615787,2216709.4414506247,-0.2806507969406463,0.07741569727659225,0.15782409992793808
sp|O60256|KPRB_HUMAN,55280315.8148671,48944885.35938002,-0.22938292492779983,0.07741569727659225,0.15782409992793808
sp|O95218|ZRAB2_HUMAN,8298373.781987667,6990726.391518402,-0.28066009070054615,0.07741569727659225,0.15782409992793808
sp|Q99598|TSNAX_HUMAN,68001440.29062672,61805526.38095312,-0.1674915982218499,0.07741569727659225,0.15782409992793808
sp|Q8TD46|MO2R1_HUMAN,348047.04668740847,480492.6259620033,0.3508309120772251,0.07741569727659225,0.15782409992793808
sp|Q5K4L6|S27A3_HUMAN,9031470.34009621,7708100.601719746,-0.24567406627400387,0.07741569727659225,0.15782409992793808
sp|Q9BV73|CP250_HUMAN,4623134.943526666,5664429.996347711,0.262249629173671,0.07741569727659225,0.15782409992793808
sp|Q9BRQ8|FSP1_HUMAN,23152346.43575296,27639924.195713576,0.17761630690797503,0.07741569727659225,0.15782409992793808
sp|Q8IVM0|CCD50_HUMAN,45901440.002306886,51700680.41864792,0.16023907426827858,0.07741569727659225,0.15782409992793808
sp|Q02338|BDH_HUMAN,2095440.316738555,1895561.8908923068,-0.20447221131025728,0.07741569727659225,0.15782409992793808
sp|Q86SZ2|TPC6B_HUMAN,9209773.310558675,13249522.65673748,0.6679162981870396,0.07741569727659225,0.15782409992793808
sp|Q9Y296|TPPC4_HUMAN,3803394.0877991705,4267479.918131457,0.1389662949072891,0.07741569727659225,0.15782409992793808
sp|P82933|RT09_HUMAN,12544508.928990325,18807070.786384325,0.34220305597121037,0.07741569727659225,0.15782409992793808
sp|O95479|G6PE_HUMAN,223650938.1798146,186469501.7352863,-0.4868508006255711,0.07741569727659225,0.15782409992793808
sp|Q9Y6N5|SQOR_HUMAN,21224962.229904197,24204735.891314324,0.14922864624018597,0.07741569727659225,0.15782409992793808
sp|O15042|SR140_HUMAN,10399031.068155095,8431651.644658813,-0.40064503743440305,0.07741569727659225,0.15782409992793808
sp|P51636|CAV2_HUMAN,2230339.5972306402,2612471.053386032,0.16724565793707505,0.07741569727659225,0.15782409992793808
sp|P09936|UCHL1_HUMAN,388299933.6431224,497701213.2180363,0.276794208098882,0.07741569727659225,0.15782409992793808
sp|Q15286|RAB35_HUMAN,113491869.92369139,123979941.1513044,0.1320394789395678,0.07741569727659225,0.15782409992793808
sp|Q6FI81|CPIN1_HUMAN,10597888.308847269,11687036.053506797,0.13632937589849678,0.07741569727659225,0.15782409992793808
sp|Q96A33|CCD47_HUMAN,19975869.69883996,24346955.75130574,0.2207046213635749,0.07741569727659225,0.15782409992793808
sp|O15027|SC16A_HUMAN,16276189.148100505,19085577.884321082,0.18626231788024997,0.07741569727659225,0.15782409992793808
sp|P02763|A1AG1_HUMAN,1024144276.0854532,1327101171.6054466,0.3813912964940926,0.07741569727659225,0.15782409992793808
sp|Q92738|US6NL_HUMAN,1098450.371124102,1901904.9761876997,0.6555716074031792,0.07741569727659225,0.15782409992793808
sp|Q96DG6|CMBL_HUMAN,77841477.0496879,69801843.50652602,-0.15851288645839637,0.07741569727659225,0.15782409992793808
sp|Q9NPQ8|RIC8A_HUMAN,940137.308135856,1446580.0111676229,0.4606346048409356,0.07741569727659225,0.15782409992793808
sp|Q13443|ADAM9_HUMAN,269484.48931496934,209114.68038630573,-0.9162849138283501,0.07741569727659225,0.15782409992793808
sp|P01833|PIGR_HUMAN,3606037.5728330314,4404907.580920367,0.254797272434428,0.07741569727659225,0.15782409992793808
sp|Q8WWM9|CYGB_HUMAN,1972602.532781802,2573451.582948331,0.2783670265764175,0.07741569727659225,0.15782409992793808
sp|Q06323|PSME1_HUMAN,21162240.07278267,28563209.83576783,0.2653640929514287,0.07741569727659225,0.15782409992793808
sp|Q9H061|T126A_HUMAN,935715.5060286209,1344775.7026480564,0.30877000216092526,0.07741569727659225,0.15782409992793808
sp|P11441|UBL4A_HUMAN,6006947.9369668765,6854389.906384498,0.24267813240426092,0.07741569727659225,0.15782409992793808
sp|Q5JS13|RGPS1_HUMAN,3209201.2928710133,4381814.927775898,0.5794761500978963,0.08145394921302795,0.1636924213874879
sp|Q9BY67|CADM1_HUMAN,381489.9983065251,560735.1046717748,0.3272548513242465,0.08145394921302795,0.1636924213874879
sp|P16520|GBB3_HUMAN,75759394.18857214,67675460.70399651,-0.1535382751074892,0.08145394921302795,0.1636924213874879
sp|Q14192|FHL2_HUMAN,26383006.713697884,24062018.770303488,-0.1528771333562609,0.08145394921302795,0.1636924213874879
sp|P54652|HSP72_HUMAN,1567748062.1540139,1712169251.391465,0.1548730053505892,0.08145394921302795,0.1636924213874879
sp|Q8TC07|TBC15_HUMAN,2079828.0191285256,5449926.072215714,1.2701708533470355,0.08145394921302795,0.1636924213874879
sp|Q00688|FKBP3_HUMAN,38793799.31771972,45896571.10635781,0.20335023328374316,0.08145394921302795,0.1636924213874879
sp|Q12907|LMAN2_HUMAN,17877937.40318985,15702347.439210031,-0.2487202646612858,0.08145394921302795,0.1636924213874879
sp|Q8TAF3|WDR48_HUMAN,204057.81168193303,417456.38459503924,0.5490033157528681,0.08145394921302795,0.1636924213874879
sp|O43676|NDUB3_HUMAN,4705465.519602929,3916882.4039683114,-0.27011523190172837,0.08145394921302795,0.1636924213874879
sp|O00115|DNS2A_HUMAN,22602331.91227383,25745564.28121216,0.14435811466950366,0.08145394921302795,0.1636924213874879
sp|O96000|NDUBA_HUMAN,3126717.0503980434,2847892.665389993,-0.37785245527721056,0.08145394921302795,0.1636924213874879
sp|O75534|CSDE1_HUMAN,56541361.91751683,45074788.14903949,-0.3290582101648282,0.08145394921302795,0.1636924213874879
sp|Q9NRS6|SNX15_HUMAN,435674.1345197171,593436.8795614428,0.22606843598253182,0.08145394921302795,0.1636924213874879
sp|P55809|SCOT1_HUMAN,454645249.9377614,561117762.4913398,0.22832031410250675,0.08145394921302795,0.1636924213874879
sp|Q13033|STRN3_HUMAN,37964581.108979404,41090693.099556245,0.10408207652858234,0.08145394921302795,0.1636924213874879
sp|Q8N6C5|IGSF1_HUMAN,2665133.3480959837,3575022.093782567,0.31638808097147514,0.08145394921302795,0.1636924213874879
sp|P07902|GALT_HUMAN,45499352.11804757,44385723.26398567,-0.12163431032757518,0.08145394921302795,0.1636924213874879
sp|Q9BWD1|THIC_HUMAN,70506643.92215005,78081699.34831968,0.1518871278520709,0.08145394921302795,0.1636924213874879
sp|P46063|RECQ1_HUMAN,6370672.962124204,5660864.510340077,-0.22840394231781794,0.08145394921302795,0.1636924213874879
sp|Q9UHL4|DPP2_HUMAN,85578973.53695193,105919565.85383289,0.1602467262928608,0.08145394921302795,0.1636924213874879
sp|Q53FA7|QORX_HUMAN,32017003.289848734,25678252.736773137,-0.36109600364933886,0.08145394921302795,0.1636924213874879
sp|Q9BRG1|VPS25_HUMAN,937279.6308952409,1244390.7512951305,0.257221727482711,0.08145394921302795,0.1636924213874879
sp|Q9H6V9|LDAH_HUMAN,741070.3234125687,958638.8096114837,0.12409031151035331,0.08145394921302795,0.1636924213874879
sp|P19532|TFE3_HUMAN,315228.7631475684,608259.6790639656,2.295923229502079,0.08145394921302795,0.1636924213874879
sp|P19652|A1AG2_HUMAN,1106714500.2187245,1475577587.2130342,0.3968860037590642,0.08145394921302795,0.1636924213874879
sp|Q9NZD4|AHSP_HUMAN,22058784.097080808,38701001.34525781,0.6265585382589466,0.08145394921302795,0.1636924213874879
sp|O00763|ACACB_HUMAN,7694328.790449528,6898962.223319827,-0.24566383559634325,0.08145394921302795,0.1636924213874879
sp|Q9H8M7|MINY3_HUMAN,5360231.517651682,6791516.5121992,0.3059564173205715,0.08145394921302795,0.1636924213874879
sp|Q7Z2W4|ZCCHV_HUMAN,122968509.07748544,109198626.43166469,-0.20221299396754983,0.08145394921302795,0.1636924213874879
sp|P35613|BASI_HUMAN,77878303.70906894,86480768.24316859,0.17733659406395016,0.08145394921302795,0.1636924213874879
sp|P21695|GPDA_HUMAN,7057480891.762671,8644281966.756859,0.30519272708340317,0.08145394921302795,0.1636924213874879
sp|O14908|GIPC1_HUMAN,4864804.1366531,6778369.798780173,0.21997289361873204,0.08145394921302795,0.1636924213874879
sp|Q9HCL2|GPAT1_HUMAN,19904020.761119466,17490229.865871765,-0.23981730166461063,0.08145394921302795,0.1636924213874879
sp|O15514|RPB4_HUMAN,1054984.0736071488,1317361.0782568872,0.33726164649874985,0.08565542846918106,0.16957937344207918
sp|Q01995|TAGL_HUMAN,1323151904.5015285,910007099.7031133,-0.38331139963618227,0.08565542846918106,0.16957937344207918
sp|Q86VE3|SATL1_HUMAN,60446618.17416054,70502913.0623643,0.24414220524857186,0.08565542846918106,0.16957937344207918
sp|P29966|MARCS_HUMAN,24038237.26703849,28309004.234120674,0.17062646964466782,0.08565542846918106,0.16957937344207918
sp|Q93045|STMN2_HUMAN,49539195.06172441,66092916.05988588,0.3052995439511105,0.08565542846918106,0.16957937344207918
sp|P08519|APOA_HUMAN,15276053.711821483,22036699.000623234,0.28519906451418897,0.08565542846918106,0.16957937344207918
sp|O60237|MYPT2_HUMAN,28579278.130566187,24838645.55874354,-0.2475154181185681,0.08565542846918106,0.16957937344207918
sp|O00602|FCN1_HUMAN,895294.1380875363,1467128.4635754917,0.48392144728362496,0.08565542846918106,0.16957937344207918
sp|Q4G176|ACSF3_HUMAN,7562749.55886842,8947946.456406025,0.24265888150058249,0.08565542846918106,0.16957937344207918
sp|A6NC98|CC88B_HUMAN,6013862.611104039,10721519.034608552,0.6110144606077716,0.08565542846918106,0.16957937344207918
sp|P22102|PUR2_HUMAN,140694341.656511,115561333.12527958,-0.3870458843048073,0.08565542846918106,0.16957937344207918
sp|P49913|CAMP_HUMAN,2834244.482720346,23543363.30050626,1.133741020793893,0.08565542846918106,0.16957937344207918
sp|O94811|TPPP_HUMAN,37090487.21990754,28283520.091227446,-0.3865669755867071,0.08565542846918106,0.16957937344207918
sp|O14498|ISLR_HUMAN,14947781.470837021,12961884.855452249,-0.32133571041770753,0.08565542846918106,0.16957937344207918
sp|Q8N436|CPXM2_HUMAN,868063.8158210199,667906.6573370816,-0.3170820534644143,0.08565542846918106,0.16957937344207918
sp|Q99807|COQ7_HUMAN,769768.432436017,988879.9111149687,0.33199604237578934,0.08565542846918106,0.16957937344207918
sp|Q9Y365|STA10_HUMAN,3008592.298482177,5184222.284468256,0.45698488146943866,0.08565542846918106,0.16957937344207918
sp|Q96H20|SNF8_HUMAN,3137117.2407682617,4166991.822112904,0.23541397578023598,0.08565542846918106,0.16957937344207918
sp|P11766|ADHX_HUMAN,971864961.521542,1364309171.163365,0.2270117950516893,0.08565542846918106,0.16957937344207918
sp|P11678|PERE_HUMAN,17355097.38378336,21375076.444913544,-0.24053722842812864,0.08565542846918106,0.16957937344207918
sp|Q5T011|SZT2_HUMAN,8615415.258670153,7605893.455833959,-0.40175359865519283,0.08565542846918106,0.16957937344207918
sp|Q9GZT3|SLIRP_HUMAN,1452216.4551733641,1262924.0309561156,-0.2569462306439394,0.08565542846918106,0.16957937344207918
sp|Q9NTJ5|SAC1_HUMAN,20392460.62283347,17745794.33286374,-0.3131966027350786,0.08565542846918106,0.16957937344207918
sp|Q00013|EM55_HUMAN,13058282.983809633,21422504.19777947,0.4234723076515217,0.08565542846918106,0.16957937344207918
sp|P10415|BCL2_HUMAN,538432.9312038202,588801.7885628702,0.24548930430961033,0.08565542846918106,0.16957937344207918
sp|Q9H7M9|VISTA_HUMAN,781220.9938393089,1006165.1278661106,0.2804553479497073,0.08565542846918106,0.16957937344207918
sp|P22694|KAPCB_HUMAN,40566593.07958968,35290909.51580832,-0.30622623558845025,0.08565542846918106,0.16957937344207918
sp|Q09028|RBBP4_HUMAN,30673918.702594314,26598532.895696845,-0.2803849882169607,0.08565542846918106,0.16957937344207918
sp|Q9Y4E1|WAC2C_HUMAN,18046310.030156214,20581201.180859983,0.1743476318312714,0.08565542846918106,0.16957937344207918
sp|O43516|WIPF1_HUMAN,12439675.630869046,19085699.96481588,0.3609791966673396,0.08565542846918106,0.16957937344207918
sp|Q8IXM3|RM41_HUMAN,4380822.76017456,3618059.6053689425,-0.3640249996992678,0.08565542846918106,0.16957937344207918
sp|P61970|NTF2_HUMAN,196721651.8808947,174941979.57691407,-0.24706573804423954,0.08565542846918106,0.16957937344207918
sp|Q0VDG4|SCRN3_HUMAN,27451236.179851588,33380472.052667953,0.18592326293422157,0.08565542846918106,0.16957937344207918
sp|P18084|ITB5_HUMAN,8632672.24926492,11050413.318667447,0.27407415244948563,0.08565542846918106,0.16957937344207918
sp|Q9UEE9|CFDP1_HUMAN,2625400.6014931574,2149891.0540446034,-0.3622563778363679,0.08565542846918106,0.16957937344207918
sp|P16118|F261_HUMAN,5274490.557141696,6124197.927521432,0.247029665011014,0.08565542846918106,0.16957937344207918
sp|Q30154|DRB5_HUMAN,10946978.702551903,14653844.510026174,0.2152848662158033,0.09002415090799332,0.17619327088395592
sp|Q86V21|AACS_HUMAN,15580144.27825688,19831467.6948567,0.19100646163554305,0.09002415090799332,0.17619327088395592
sp|O14617|AP3D1_HUMAN,21668906.53582726,19073833.18402079,-0.20620853323106786,0.09002415090799332,0.17619327088395592
sp|Q01082|SPTB2_HUMAN,412682585.33274764,456746807.01124465,0.13797255736093184,0.09002415090799332,0.17619327088395592
sp|Q15149|PLEC_HUMAN,388104694.8529414,437091301.4430556,0.15791397005787858,0.09002415090799332,0.17619327088395592
sp|Q9BT92|TCHP_HUMAN,3564729.1170036574,5156232.8464218285,0.4700369637116212,0.09002415090799332,0.17619327088395592
sp|Q05469|LIPS_HUMAN,293394077.28619534,355133463.3137155,0.19528590899907133,0.09002415090799332,0.17619327088395592
sp|O15031|PLXB2_HUMAN,48310921.4532988,41620536.50058388,-0.25336933272938617,0.09002415090799332,0.17619327088395592
sp|P07858|CATB_HUMAN,278640921.4951978,373907488.2030186,0.22152078110332127,0.09002415090799332,0.17619327088395592
sp|Q9Y5Y2|NUBP2_HUMAN,26977787.590784978,26530766.405079376,-0.21423370703626773,0.09002415090799332,0.17619327088395592
sp|Q9UBE0|SAE1_HUMAN,39096788.645190135,34964857.183081485,-0.20871874044538533,0.09002415090799332,0.17619327088395592
sp|Q96FN9|DTD2_HUMAN,4138714.3712082235,6215607.3702824665,0.4543520212971899,0.09002415090799332,0.17619327088395592
sp|Q96PE2|ARHGH_HUMAN,457451.00073661766,362216.09307503735,-0.5551814554188391,0.09002415090799332,0.17619327088395592
sp|Q5TDH0|DDI2_HUMAN,57079839.27294827,92112612.82133318,0.4472307523848323,0.09002415090799332,0.17619327088395592
sp|Q9HAT2|SIAE_HUMAN,44690612.18111462,53531180.43404121,0.1586845983449821,0.09002415090799332,0.17619327088395592
sp|Q9UJ72|ANX10_HUMAN,1939594.0835728927,2668935.0503008277,0.4298299585161997,0.09002415090799332,0.17619327088395592
sp|Q16576|RBBP7_HUMAN,24078228.093530614,21639050.586216282,-0.20315366348639316,0.09002415090799332,0.17619327088395592
sp|Q12797|ASPH_HUMAN,182675304.90173557,145332638.11995086,-0.5065703925514607,0.09002415090799332,0.17619327088395592
sp|Q8NBJ5|GT251_HUMAN,61090047.438941844,50626886.79591986,-0.359534571166943,0.09002415090799332,0.17619327088395592
sp|O60936|NOL3_HUMAN,406541875.3450056,435343495.63474905,0.10437438652648202,0.09002415090799332,0.17619327088395592
sp|P49908|SEPP1_HUMAN,22724148.43148058,27404762.91299314,0.306001487895486,0.09002415090799332,0.17619327088395592
sp|Q9NUP9|LIN7C_HUMAN,15066094.686173826,17455549.460496254,0.16601051162252528,0.09002415090799332,0.17619327088395592
sp|P20645|MPRD_HUMAN,3073979.6199341873,2576904.779966869,-0.3815986153293393,0.09002415090799332,0.17619327088395592
sp|P63220|RS21_HUMAN,103346557.94614042,88504492.14466827,-0.2731991063867002,0.09002415090799332,0.17619327088395592
sp|Q9Y4W6|AFG32_HUMAN,744942.3951078067,554524.6086979286,-0.48756488633333905,0.09002415090799332,0.17619327088395592
sp|Q9H201|EPN3_HUMAN,175966.2190130463,237705.05867256984,0.26840909063410356,0.09002415090799332,0.17619327088395592
sp|Q9HCU5|PREB_HUMAN,1302341.9165423587,1150464.711615128,-0.35749803079166104,0.09002415090799332,0.17619327088395592
sp|Q15654|TRIP6_HUMAN,26516170.39322727,30796144.36651596,0.18058526615686446,0.09002415090799332,0.17619327088395592
sp|Q8WUI4|HDAC7_HUMAN,7561848.579277516,10093775.091344606,0.31168996804651766,0.09456419944763184,0.18343314193580648
sp|Q96P67|GPR82_HUMAN,2117159.0254966286,2636114.802498863,0.16979478081159322,0.09456419944763184,0.18343314193580648
sp|Q9H5X1|CIA2A_HUMAN,3626777.609171852,3112946.3398540914,-0.2638745151054214,0.09456419944763184,0.18343314193580648
sp|Q9UQN3|CHM2B_HUMAN,12371695.068375537,15099424.19704609,0.20444144593808186,0.09456419944763184,0.18343314193580648
sp|Q9NYK5|RM39_HUMAN,10329304.012322042,12611741.098941261,0.13176372500325773,0.09456419944763184,0.18343314193580648
sp|P00736|C1R_HUMAN,354895743.13112813,301928306.5673913,-0.3779785399557287,0.09456419944763184,0.18343314193580648
sp|Q6AW86|Z324B_HUMAN / sp|O75467|Z324A_HUMAN,19297396.85314876,16350856.128542159,-0.33181311502608946,0.09456419944763184,0.18343314193580648
sp|P46459|NSF_HUMAN,28638057.71076787,31886652.82796207,0.15168206422572122,0.09456419944763184,0.18343314193580648
sp|P04083|ANXA1_HUMAN,724114484.7129097,940099292.304309,0.2861275683829997,0.09456419944763184,0.18343314193580648
sp|P27348|1433T_HUMAN,1299212753.3653183,1166517346.7230306,-0.1439343589414785,0.09456419944763184,0.18343314193580648
sp|P02775|CXCL7_HUMAN,80514161.8221667,128460967.73856945,0.5179292556551572,0.09456419944763184,0.18343314193580648
sp|P21506|ZNF10_HUMAN,1004116.3565180011,1302339.0079146829,0.3094899587523145,0.09456419944763184,0.18343314193580648
sp|Q99747|SNAG_HUMAN,5261381.226669571,6238877.91808997,0.08501322863104667,0.09456419944763184,0.18343314193580648
sp|O96007|MOC2B_HUMAN,2909633.350383926,3351294.838991155,0.23225782120184996,0.09456419944763184,0.18343314193580648
sp|O14497|ARI1A_HUMAN,432302.6749509016,334793.2867143475,-0.4727274283205363,0.09456419944763184,0.18343314193580648
sp|Q9Y5S1|TRPV2_HUMAN,211438.46129139655,455573.37104163767,-0.19651505417453188,0.09456419944763184,0.18343314193580648
sp|O95747|OXSR1_HUMAN,10529440.509730602,12907935.72355241,0.19642635944979253,0.09456419944763184,0.18343314193580648
sp|Q9BTZ2|DHRS4_HUMAN,9153299.616653573,15438186.227706244,0.4662840733689931,0.09456419944763184,0.18343314193580648
sp|Q9Y3D2|MSRB2_HUMAN,9533828.836430928,7615245.81302607,-0.3525643987377251,0.09456419944763184,0.18343314193580648
sp|A0A0U1RRL7|MMPOS_HUMAN,1248912.869256381,1428240.2378196386,0.3992207134782425,0.09456419944763184,0.18343314193580648
sp|Q8IWW8|HOT_HUMAN,67310384.7497808,76528048.26500241,0.09134706042981032,0.09456419944763184,0.18343314193580648
sp|Q96EP5|DAZP1_HUMAN,38083286.99694493,35171682.79581043,-0.12601708311976753,0.09456419944763184,0.18343314193580648
sp|Q8NBS9|TXND5_HUMAN,432896936.9240157,505171322.3645483,0.17680556016408605,0.0992795079946518,0.1903485253161542
sp|Q15166|PON3_HUMAN,18231575.411025204,21592957.78512839,0.22376020259707857,0.0992795079946518,0.1903485253161542
sp|Q9H009|NACA2_HUMAN,11803372.681264536,14370952.767178634,0.17898862103239258,0.0992795079946518,0.1903485253161542
sp|Q8WWP7|GIMA1_HUMAN,22106946.33828641,20624802.069136996,-0.3853055335148717,0.0992795079946518,0.1903485253161542
sp|P35612|ADDB_HUMAN,54721771.87123967,94004773.34954996,0.4214158164332352,0.0992795079946518,0.1903485253161542
sp|Q9H019|MFR1L_HUMAN,1160112.3488521515,1047356.9208698471,-0.2373429270729362,0.0992795079946518,0.1903485253161542
sp|Q96PM5|ZN363_HUMAN,1417187.9217297495,1572716.537805173,0.16067675881293894,0.0992795079946518,0.1903485253161542
sp|P14621|ACYP2_HUMAN,58993323.572826855,72886193.1392112,0.22408808478598946,0.0992795079946518,0.1903485253161542
sp|P48735|IDHP_HUMAN,570753580.0602323,520474912.14845437,-0.2899376920746612,0.0992795079946518,0.1903485253161542
sp|P24310|CX7A1_HUMAN,1460754.6364500471,2137364.0466227774,0.3336546157567497,0.0992795079946518,0.1903485253161542
sp|P46379|BAG6_HUMAN,535836.5888056441,674361.6678636599,0.2630902275352898,0.0992795079946518,0.1903485253161542
sp|Q8N699|MYCT1_HUMAN,7291414.710339157,8780401.47574519,0.3600204311067254,0.0992795079946518,0.1903485253161542
sp|P10515|ODP2_HUMAN,96655120.70706418,82902022.21614717,-0.2695201685677322,0.0992795079946518,0.1903485253161542
sp|Q9BXS5|AP1M1_HUMAN,3787856.353069682,3373741.693100127,-0.31713589839017103,0.0992795079946518,0.1903485253161542
sp|P06681|CO2_HUMAN,139315160.1031296,117351660.30057217,-0.5221220270872077,0.0992795079946518,0.1903485253161542
sp|Q8NEB9|PK3C3_HUMAN,4676316.930735157,4239993.786759988,-0.17103844703597865,0.0992795079946518,0.1903485253161542
sp|Q6IBS0|TWF2_HUMAN,90089402.79647085,78739940.81471989,-0.25656938655368233,0.0992795079946518,0.1903485253161542
sp|Q7Z422|SZRD1_HUMAN,5265179.729824498,6927258.581466945,0.3346767417463357,0.0992795079946518,0.1903485253161542
sp|P51648|AL3A2_HUMAN,372356947.9045171,347674092.35528415,-0.11361092645293969,0.0992795079946518,0.1903485253161542
sp|O94851|MICA2_HUMAN / sp|Q7RTP6|MICA3_HUMAN,450238.1573638456,676056.6167886726,0.5199161167065603,0.0992795079946518,0.1903485253161542
sp|O15173|PGRC2_HUMAN,41545874.883014925,48368217.50920139,0.15044779684105322,0.0992795079946518,0.1903485253161542
sp|O43324|MCA3_HUMAN,2918458.2205240503,2471502.52325886,-0.30065239946191774,0.0992795079946518,0.1903485253161542
sp|Q92804|RBP56_HUMAN,18470318.265799575,22752265.448334012,0.23036906182671807,0.0992795079946518,0.1903485253161542
sp|Q9Y2Q9|RT28_HUMAN,1529849.7337542162,1037794.7198419096,-0.5800934615634642,0.0992795079946518,0.1903485253161542
sp|Q14376|GALE_HUMAN,123161771.2938805,111102333.08616428,-0.22043370225464656,0.0992795079946518,0.1903485253161542
sp|P98082|DAB2_HUMAN,30313700.963778336,27660621.48089048,-0.16169845527650398,0.0992795079946518,0.1903485253161542
sp|P67809|YBOX1_HUMAN,42239691.434953645,50574441.62418051,0.19303241750536773,0.0992795079946518,0.1903485253161542
sp|Q9UBR2|CATZ_HUMAN,136019811.0298119,172385507.39647642,0.1876638953454824,0.0992795079946518,0.1903485253161542
sp|Q8NGJ5|O51L1_HUMAN,4506966.8506142935,2420097.7170535848,-0.6263948348540674,0.0992795079946518,0.1903485253161542
sp|O94769|ECM2_HUMAN,7332262.186933494,5836492.538226749,-0.3633212092888468,0.10417398810386658,0.19728925371367628
sp|Q9Y6K0|CEPT1_HUMAN,11940401.591195634,10544202.822155604,-0.23074384058177128,0.10417398810386658,0.19728925371367628
sp|Q9Y6H1|CHCH2_HUMAN / sp|Q5T1J5|CHCH9_HUMAN,4117659.5361412903,5075865.519396976,0.2443249885680963,0.10417398810386658,0.19728925371367628
sp|P08779|K1C16_HUMAN,333048802.61487633,137097167.02233085,-0.6407512416450066,0.10417398810386658,0.19728925371367628
sp|Q9NW64|RBM22_HUMAN,765143.4958740467,1052683.6637126952,2.242163219769947,0.10417398810386658,0.19728925371367628
sp|Q8WU79|SMAP2_HUMAN,9598798.046835648,8320961.127120457,-0.2324764945034245,0.10417398810386658,0.19728925371367628
sp|P09543|CN37_HUMAN,3895216.1007251884,4664995.281092146,0.20037694484462826,0.10417398810386658,0.19728925371367628
sp|P23921|RIR1_HUMAN,1497994.5762865252,2519772.782682031,0.6416008939578498,0.10417398810386658,0.19728925371367628
sp|Q92888|ARHG1_HUMAN,382113.95963282045,744981.8676417543,0.512873807240893,0.10417398810386658,0.19728925371367628
sp|Q9UHK6|AMACR_HUMAN,16647625.551012654,20887882.001767498,0.271596951561118,0.10417398810386658,0.19728925371367628
sp|O43318|M3K7_HUMAN,1692080.1651374965,2238208.8559084153,0.3087538430348434,0.10417398810386658,0.19728925371367628
sp|Q16563|SYPL1_HUMAN,16044391.408097332,14571087.196048278,-0.21322969151726032,0.10417398810386658,0.19728925371367628
sp|O95171|SCEL_HUMAN,726862.0816249783,2215416.961506381,0.650884240799854,0.10417398810386658,0.19728925371367628
sp|Q16774|KGUA_HUMAN,44757084.98278006,38866917.04110593,-0.1975383462671964,0.10417398810386658,0.19728925371367628
sp|O00487|PSDE_HUMAN,21377723.492578957,23890931.863886118,0.1514577818425106,0.10417398810386658,0.19728925371367628
sp|Q9NY33|DPP3_HUMAN,151534224.06947845,175270262.09321752,0.1274507534228606,0.10417398810386658,0.19728925371367628
sp|P01854|IGHE_HUMAN,1076582.8131934856,1658390.3405310109,2.2604435704299464,0.10417398810386658,0.19728925371367628
sp|Q14240|IF4A2_HUMAN,25927532.035154857,22570162.725759573,-0.2694730120220962,0.10417398810386658,0.19728925371367628
sp|Q641Q2|WAC2A_HUMAN,20178632.915057715,22508458.679983225,0.1582290215522073,0.10417398810386658,0.19728925371367628
sp|P63098|CANB1_HUMAN,390159.5504187358,498068.5989067504,0.42748404825366065,0.10417398810386658,0.19728925371367628
sp|Q9NRG0|CHRC1_HUMAN,2421885.9622931695,4511070.583184579,-2.976498760407039,0.10346927635338328,0.19728925371367628
sp|Q07283|TRHY_HUMAN,4337010.128905323,5633237.907131101,0.30490950448615717,0.10417398810386658,0.19728925371367628
sp|Q8WXA9|SREK1_HUMAN,677610.8923871869,491349.34086848947,-1.617479776638943,0.10417398810386658,0.19728925371367628
sp|Q9NRX4|PHP14_HUMAN,195164747.38855416,225633708.88223243,0.15738605154895713,0.10417398810386658,0.19728925371367628
sp|P61018|RAB4B_HUMAN,78728151.5573682,88205530.72634779,0.1936205201347109,0.10417398810386658,0.19728925371367628
sp|Q8WUN7|UBTD2_HUMAN,2281519.885271228,3294648.5639373544,0.6154486836003068,0.10417398810386658,0.19728925371367628
sp|Q8N4L2|PP4P2_HUMAN,1522579.2725609427,1815777.7918949693,0.15055866726090358,0.10417398810386658,0.19728925371367628
sp|P60002|ELOF1_HUMAN,883490.7791076308,660032.0674531843,-0.45044682848437506,0.10417398810386658,0.19728925371367628
sp|Q8TER5|ARH40_HUMAN,126392.2918189268,200380.50029495193,0.6439024934677605,0.10346927635338328,0.19728925371367628
sp|O14974|MYPT1_HUMAN,61131225.10022939,56051743.8899253,-0.13739237325261108,0.10417398810386658,0.19728925371367628
sp|O75688|PPM1B_HUMAN,50458258.52920193,58033763.66553789,0.07948134056994302,0.10417398810386658,0.19728925371367628
sp|P05204|HMGN2_HUMAN,21886814.04532984,29800837.389902234,0.3627584442405573,0.10925160348415375,0.20496420841299995
sp|Q16531|DDB1_HUMAN,272492889.0405087,318131707.099074,0.13948525038153203,0.10925160348415375,0.20496420841299995
sp|Q96K21|ANCHR_HUMAN,17447844.99402572,19470225.087483995,0.14202765347306415,0.10925160348415375,0.20496420841299995
sp|O95302|FKBP9_HUMAN,49833263.94335354,61203331.49582505,0.2145077487682824,0.10925160348415375,0.20496420841299995
sp|Q4V328|GRAP1_HUMAN,12439199.926465916,13260874.159603028,0.11658144027789986,0.10925160348415375,0.20496420841299995
sp|Q9BXP5|SRRT_HUMAN,2036482.2785975758,1471107.2944363,-0.4028394368987535,0.10925160348415375,0.20496420841299995
sp|Q99996|AKAP9_HUMAN,99086144.11263692,120542792.43508554,0.267301942421846,0.10925160348415375,0.20496420841299995
sp|Q08722|CD47_HUMAN,23951181.342343897,21379398.396343254,-0.18786141778627877,0.10925160348415375,0.20496420841299995
sp|O43172|PRP4_HUMAN,6497015.370594847,5386700.103840223,-0.2582767425298463,0.10925160348415375,0.20496420841299995
sp|Q9Y2W6|TDRKH_HUMAN,45281118.32977229,55943152.438301496,0.37878924197549274,0.10925160348415375,0.20496420841299995
sp|A4D126|ISPD_HUMAN,864703.6986167851,760703.9223813068,-0.23424705065123577,0.10925160348415375,0.20496420841299995
sp|P41236|IPP2_HUMAN,11247291.763692336,14299007.101898089,0.27722573575055015,0.10925160348415375,0.20496420841299995
sp|Q9NQ79|CRAC1_HUMAN,4992243.416339038,6097140.342124267,0.3543636785631,0.10925160348415375,0.20496420841299995
sp|P22695|QCR2_HUMAN,38762718.263655476,32295672.268441316,-0.2040488282367679,0.10925160348415375,0.20496420841299995
sp|P61009|SPCS3_HUMAN,1639547.3173807443,1434506.2973598687,-0.34771049206075016,0.10925160348415375,0.20496420841299995
sp|O00160|MYO1F_HUMAN,3108672.8814393696,2450779.8553451584,-0.3685058057004643,0.10925160348415375,0.20496420841299995
sp|Q9Y2R9|RT07_HUMAN,48597678.62163793,41387179.1656668,-0.35826627507593894,0.10925160348415375,0.20496420841299995
sp|Q9HAB8|PPCS_HUMAN,68229049.51888727,62689955.78316708,-0.2568966945120321,0.10925160348415375,0.20496420841299995
sp|P0C0L4|CO4A_HUMAN,4071922415.188732,3454632650.5544763,-0.34491409144073554,0.10925160348415375,0.20496420841299995
sp|P36575|ARRC_HUMAN,7437781.96682884,6678453.306279579,-0.20027163477051363,0.10925160348415375,0.20496420841299995
sp|Q86VS8|HOOK3_HUMAN,1165696.2636532807,1311961.6316180234,0.4216371491455823,0.10925160348415375,0.20496420841299995
sp|O43776|SYNC_HUMAN,120530376.82502855,95960031.24015962,-0.45694461172393197,0.10925160348415375,0.20496420841299995
sp|Q86T13|CLC14_HUMAN,4570875.410589053,5317180.421721377,0.2284926393476104,0.10925160348415375,0.20496420841299995
sp|P31146|COR1A_HUMAN,205812464.10781392,215322946.21362138,-0.3106921832864457,0.10925160348415375,0.20496420841299995
sp|A0A1B0GVR7|F240C_HUMAN,823200.1957526123,1209928.9224857574,0.3876616130393352,0.11451615393161774,0.2115331111308058
sp|Q5VY43|PEAR1_HUMAN,1518741.581671146,1975468.627382346,0.35900398811093925,0.11451615393161774,0.2115331111308058
sp|Q12899|TRI26_HUMAN,685186.0067146149,516769.3052399315,-1.2196427105519605,0.11451615393161774,0.2115331111308058
sp|P15153|RAC2_HUMAN,114119319.83981259,143516460.38462415,0.22179307679040733,0.11451615393161774,0.2115331111308058
sp|O75879|GATB_HUMAN,320676.73177614104,399674.2865851474,0.2215945940582213,0.11451615393161774,0.2115331111308058
sp|P16949|STMN1_HUMAN,93874508.16938464,130582173.58806266,0.3478994168979999,0.11451615393161774,0.2115331111308058
sp|O43813|LANC1_HUMAN,189059821.29162782,243948581.53489205,0.21217247012294646,0.11451615393161774,0.2115331111308058
sp|Q9Y2I1|NISCH_HUMAN,6086321.76428911,5259824.994588732,-0.39088619845868916,0.11451615393161774,0.2115331111308058
sp|Q63ZY3|KANK2_HUMAN,15916311.61310798,14742034.372386156,-0.14952924314402147,0.11451615393161774,0.2115331111308058
sp|Q9NPD3|EXOS4_HUMAN,1705057.213403286,1582560.5811932185,-0.22379534658900055,0.11451615393161774,0.2115331111308058
sp|Q9NR45|SIAS_HUMAN,109023756.2476671,98135550.8758126,-0.10444920318327153,0.11451615393161774,0.2115331111308058
sp|Q5U5X0|LYRM7_HUMAN,1301410.2004712443,1940937.3226700935,0.4200111057610962,0.11451615393161774,0.2115331111308058
sp|P40616|ARL1_HUMAN,1311807.779358506,1593041.0121813829,0.2565599138120964,0.11451615393161774,0.2115331111308058
sp|O95278|EPM2A_HUMAN,5552381.383774234,6324732.011647009,0.0802156213090071,0.11451615393161774,0.2115331111308058
sp|O95232|LC7L3_HUMAN,491312.55521407264,455898.00105506124,-0.40493917194222145,0.11451615393161774,0.2115331111308058
sp|Q7Z7C8|TAF8_HUMAN,2019879.4562553093,4567203.20167858,0.34630124958523606,0.11451615393161774,0.2115331111308058
sp|Q9H3S4|TPK1_HUMAN,961905.561258334,1330192.083099945,0.18587217735856434,0.11451615393161774,0.2115331111308058
sp|Q8IWV8|UBR2_HUMAN,89394.07758378428,56186.5804631844,-2.5391697462253857,0.11451615393161774,0.2115331111308058
sp|P82094|TMF1_HUMAN,719409.1147803122,1022285.5732889279,0.26251710197813566,0.11451615393161774,0.2115331111308058
sp|P35754|GLRX1_HUMAN,144193376.2531288,161913182.20710412,0.12300526328058911,0.11451615393161774,0.2115331111308058
sp|O00560|SDCB1_HUMAN,11451038.076286124,12977245.767918305,0.1794540686309356,0.11451615393161774,0.2115331111308058
sp|Q9BUE6|ISCA1_HUMAN,448890.3802359531,720892.1602816733,0.7127070944333782,0.11451615393161774,0.2115331111308058
sp|P02749|APOH_HUMAN,163138564.36797932,242272616.0404655,0.5513347660462147,0.11451615393161774,0.2115331111308058
sp|P61221|ABCE1_HUMAN,22623040.277839433,20407822.376729924,-0.1678334940993572,0.11451615393161774,0.2115331111308058
sp|Q99459|CDC5L_HUMAN,2656292.607622768,2246530.86612435,-0.3543715868855108,0.11451615393161774,0.2115331111308058
sp|A6NED2|RCCD1_HUMAN,381286.61633854086,443381.2106804699,0.2653036164377144,0.11451615393161774,0.2115331111308058
sp|Q14678|KANK1_HUMAN,5521106.28270051,4934100.89962862,-0.16705847466220683,0.11451615393161774,0.2115331111308058
sp|P08590|MYL3_HUMAN,15548227.499667373,40705159.55544837,0.42545949624607843,0.11451615393161774,0.2115331111308058
sp|P55209|NP1L1_HUMAN,14613532.655187491,12636814.00109196,-0.23518369353683927,0.11451615393161774,0.2115331111308058
sp|Q9UNS2|CSN3_HUMAN,8349964.336494632,8176029.60034711,-0.18858326997391103,0.11451615393161774,0.2115331111308058
sp|Q96D15|RCN3_HUMAN,1723684.748190663,2449689.352750587,0.38173659333424287,0.11451615393161774,0.2115331111308058
sp|Q13464|ROCK1_HUMAN,214461.6006512247,427949.94502561714,0.0792199674450608,0.11451615393161774,0.2115331111308058
sp|Q14653|IRF3_HUMAN,1291225.5574502673,998749.0745914977,-0.2895646759098499,0.11451615393161774,0.2115331111308058
sp|Q8NHZ8|CDC26_HUMAN,500296.44519284606,756492.8695081675,0.2189056831312421,0.11451615393161774,0.2115331111308058
sp|Q6P179|ERAP2_HUMAN,29560461.953448337,23495585.892211247,-0.26374951287057863,0.11451615393161774,0.2115331111308058
sp|P0C0L5|CO4B_HUMAN,4109923220.925189,3470827900.7670126,-0.3511211749853106,0.11451615393161774,0.2115331111308058
sp|P50897|PPT1_HUMAN,15062420.826880455,16960128.62788635,0.17514702390428902,0.11451615393161774,0.2115331111308058
sp|Q8NG27|PJA1_HUMAN,351535.3613401009,430926.9248233461,0.09278629163300019,0.11451615393161774,0.2115331111308058
sp|Q8N6H7|ARFG2_HUMAN,6981246.593986048,7785450.031878627,0.13157819943697152,0.11451615393161774,0.2115331111308058
sp|Q13363|CTBP1_HUMAN,47128825.50893351,40545386.17035895,-0.22791840678740716,0.11451615393161774,0.2115331111308058
sp|Q3YEC7|RABL6_HUMAN,1603154.915338854,1794210.7546189295,0.1468050330471607,0.1199713721871376,0.21899681062231777
sp|P09429|HMGB1_HUMAN,155091212.11966005,129268555.61416057,-0.4138640170441138,0.1199713721871376,0.21899681062231777
sp|Q13488|VPP3_HUMAN,4348928.148406983,5312574.200344372,0.2203399497181395,0.1199713721871376,0.21899681062231777
sp|Q9BRP4|PAAF1_HUMAN,16089286.089204898,19320949.76086053,0.2064560366257712,0.1199713721871376,0.21899681062231777
sp|Q86Y39|NDUAB_HUMAN,7648278.363830703,6993108.916951819,-0.2352775003662142,0.1199713721871376,0.21899681062231777
sp|Q96D96|HVCN1_HUMAN,666027.5421388232,860081.7435557876,-0.47201059871417844,0.1199713721871376,0.21899681062231777
sp|Q07817|B2CL1_HUMAN,1793490.17761219,3035580.0871272096,0.3204599439170431,0.1199713721871376,0.21899681062231777
sp|Q96D71|REPS1_HUMAN,1025752.2402049784,1185110.12417911,0.2698608414804395,0.1199713721871376,0.21899681062231777
sp|Q5BKX8|CAVN4_HUMAN,12622587.112125114,10129825.847273557,-0.8177384444131643,0.1199713721871376,0.21899681062231777
sp|Q06210|GFPT1_HUMAN,10642853.889351878,12020140.00302901,0.15879407598269676,0.1199713721871376,0.21899681062231777
sp|Q99808|S29A1_HUMAN,208993.2724332461,263331.04917352117,0.3584614887135103,0.1199713721871376,0.21899681062231777
sp|P01031|CO5_HUMAN / sp|CO5_HUMAN|P01031,279535325.7606443,237893980.7300387,-0.6472818454418893,0.1199713721871376,0.21899681062231777
sp|Q92900|RENT1_HUMAN,38514984.15524491,34723039.50649585,-0.16430316269942488,0.1199713721871376,0.21899681062231777
sp|Q5VWZ2|LYPL1_HUMAN,28335850.527197283,32847057.22145047,0.19418749503968943,0.1199713721871376,0.21899681062231777
sp|O14828|SCAM3_HUMAN,7195047.407576102,8002860.886437907,0.18716919047369998,0.1199713721871376,0.21899681062231777
sp|Q8WWI5|CTL1_HUMAN,5355093.351011726,4498895.521244913,-0.24194277149263194,0.1199713721871376,0.21899681062231777
sp|Q9Y316|MEMO1_HUMAN,10246288.243060807,9026210.366348661,-0.307700872356682,0.1199713721871376,0.21899681062231777
sp|O60502|OGA_HUMAN,36164131.67468784,32736680.509792786,-0.1903685915472534,0.1199713721871376,0.21899681062231777
sp|P33121|ACSL1_HUMAN,292341872.39584917,246422122.54686332,-0.3955926727781283,0.1199713721871376,0.21899681062231777
sp|P56537|IF6_HUMAN,37574700.03531385,42805081.31282949,0.18843461331700362,0.1199713721871376,0.21899681062231777
sp|P51553|IDH3G_HUMAN,17027374.04900914,15639334.53678796,-0.15778668265843912,0.1199713721871376,0.21899681062231777
sp|Q13636|RAB31_HUMAN,1292375.8198073967,1519818.012756212,0.25605404746097526,0.1199713721871376,0.21899681062231777
sp|P15559|NQO1_HUMAN / sp|NQO1_HUMAN|P15559,773080820.9021231,794636450.3228647,0.6104134453244711,0.1199713721871376,0.21899681062231777
sp|P12814|ACTN1_HUMAN,710868016.903404,599003126.7260473,-0.31214530312692873,0.1199713721871376,0.21899681062231777
sp|A0A0C4DH72|KV106_HUMAN,21556218.53648845,25147651.937337678,0.3823684030280002,0.1199713721871376,0.21899681062231777
sp|Q8N4C8|MINK1_HUMAN,2109856.948928497,2440989.343954504,0.15983468164903566,0.1199713721871376,0.21899681062231777
sp|P02654|APOC1_HUMAN,15105431.892247427,22955156.03652039,0.34317317007489645,0.1199713721871376,0.21899681062231777
sp|Q9BRJ2|RM45_HUMAN,6188611.259325286,5182794.74893795,-0.46859580681847846,0.1199713721871376,0.21899681062231777
sp|Q9NZZ3|CHMP5_HUMAN,19707434.37279793,20765457.347892195,0.1129634900332428,0.1199713721871376,0.21899681062231777
sp|Q14739|LBR_HUMAN,22397335.568504583,28357512.69467122,0.16291018748380726,0.1199713721871376,0.21899681062231777
sp|P02741|CRP_HUMAN / sp|CRP_HUMAN|P02741,29327827.231746238,23917680.024803955,-0.2213227278826498,0.1199713721871376,0.21899681062231777
sp|Q969U7|PSMG2_HUMAN,779517.918831028,1019237.7269972552,1.5872744991742642,0.12562106549739838,0.2265522334919259
sp|P62140|PP1B_HUMAN,99131208.12213942,90760321.42369474,-0.14090293725021813,0.12562106549739838,0.2265522334919259
sp|O95292|VAPB_HUMAN,10814336.676518574,9883167.023616573,-0.1539929152970076,0.12562106549739838,0.2265522334919259
sp|Q9NVH6|TMLH_HUMAN,53169361.157612905,49191197.4537232,-0.15294823729027837,0.12562106549739838,0.2265522334919259
sp|O15230|LAMA5_HUMAN,155092138.500266,167384460.59065118,0.14651170769702176,0.12562106549739838,0.2265522334919259
sp|Q96HQ2|C2AIL_HUMAN,1637234.6448597538,1265146.3041432854,-0.3093344527767606,0.12562106549739838,0.2265522334919259
sp|Q9UHJ6|SHPK_HUMAN,58027612.912660286,75473652.23055926,0.15759855755610705,0.12562106549739838,0.2265522334919259
sp|Q8N983|RM43_HUMAN,25227720.33335393,20480562.444089103,-0.47684351067062486,0.12562106549739838,0.2265522334919259
sp|Q02083|NAAA_HUMAN,1262440.0805679427,998506.0268638104,-0.35578814911957174,0.12562106549739838,0.2265522334919259
sp|P23142|FBLN1_HUMAN,109987090.98869206,95275094.0907632,-0.31093611483538525,0.12562106549739838,0.2265522334919259
sp|Q5K130|CLU1O_HUMAN,3600870.5728267133,5995914.2384183435,0.4166887277232037,0.12562106549739838,0.2265522334919259
sp|P30044|PRDX5_HUMAN,594855173.1126744,658846967.172498,0.0899088405322996,0.12562106549739838,0.2265522334919259
sp|O60220|TIM8A_HUMAN,15263262.705265854,15580254.408427143,0.11590993702617107,0.12562106549739838,0.2265522334919259
sp|A0A0C4DH34|HV428_HUMAN,22467588.937607888,19677012.334316764,-0.1668506508993214,0.12562106549739838,0.2265522334919259
sp|P07384|CAN1_HUMAN,155428929.29376507,148821705.37859002,-0.24777632880702885,0.12562106549739838,0.2265522334919259
sp|Q9NWX6|THG1_HUMAN,1961478.5581342524,3096099.057096443,0.36932129906182504,0.12562106549739838,0.2265522334919259
sp|Q8N6T3|ARFG1_HUMAN,1405087.4684300052,1862031.4423839375,0.9296368551858215,0.12562106549739838,0.2265522334919259
sp|O43716|GATC_HUMAN,2698211.1700085504,3208084.0565144825,0.23437848641822484,0.12562106549739838,0.2265522334919259
sp|Q86YS7|C2CD5_HUMAN,686622.9147225315,500293.85824694805,-0.4444089789301107,0.12562106549739838,0.2265522334919259
sp|O75880|SCO1_HUMAN,5991531.527679642,7068885.1940259775,0.18163346744820366,0.12562106549739838,0.2265522334919259
sp|P08962|CD63_HUMAN,23172254.051102944,26126031.146020357,0.1766337591198497,0.12562106549739838,0.2265522334919259
sp|Q8N806|UBR7_HUMAN,898376.7266300576,731402.8235869332,-0.47829103435604675,0.12562106549739838,0.2265522334919259
sp|P62873|GBB1_HUMAN,174780716.8119956,189563543.87460235,0.11037927861491083,0.12562106549739838,0.2265522334919259
sp|O60828|PQBP1_HUMAN,1258064.6133362392,1053053.664820831,-0.29867790494563934,0.12562106549739838,0.2265522334919259
sp|Q86YP4|P66A_HUMAN,310525.5178737357,456650.3972549948,1.0303309772840568,0.12562106549739838,0.2265522334919259
sp|P00739|HPTR_HUMAN,4825043782.285804,6212483002.16257,0.24000627217029638,0.12562106549739838,0.2265522334919259
sp|P35244|RFA3_HUMAN,7675245.123380728,6742264.135316622,-0.20168868956902833,0.12562106549739838,0.2265522334919259
sp|P55265|DSRAD_HUMAN,2779691.5701347324,2277321.403975258,-0.34088549866372186,0.12562106549739838,0.2265522334919259
sp|P35555|FBN1_HUMAN,3613975312.6685357,4655768295.490111,0.3443923259671279,0.12562106549739838,0.2265522334919259
sp|A8MVU1|NCF1C_HUMAN / sp|P14598|NCF1_HUMAN / sp|A6NI72|NCF1B_HUMAN,1631078.1606557206,1998048.6565571104,-0.05040668330938188,0.12562106549739838,0.2265522334919259
sp|Q8WTU0|DDI1_HUMAN,7213065.928866642,13383574.535681438,0.46330022202506843,0.12562106549739838,0.2265522334919259
sp|P78362|SRPK2_HUMAN,14008411.840748772,17681111.314626522,0.23067002369178558,0.12562106549739838,0.2265522334919259
sp|Q9BXJ9|NAA15_HUMAN,1251103.4201691516,1073175.8289357254,-0.32278096937288897,0.13146880269050598,0.23454229892629674
sp|Q8IVW4|CDKL3_HUMAN,244875.01634855143,162901.0354799777,-0.9014140283876894,0.13146880269050598,0.23454229892629674
sp|P98171|RHG04_HUMAN,142805.9770899435,102949.20814011562,-1.7534247755306676,0.13146880269050598,0.23454229892629674
sp|O14495|PLPP3_HUMAN,21671602.93828067,18341233.65913694,-0.2702360280882529,0.13146880269050598,0.23454229892629674
sp|Q7Z7L8|CK096_HUMAN,4113200.1505472832,4997408.873278986,0.2984016177795252,0.13146880269050598,0.23454229892629674
sp|P30740|ILEU_HUMAN,290150355.7656283,276670951.6682602,-0.14982554144918603,0.13146880269050598,0.23454229892629674
sp|P53634|CATC_HUMAN,62287269.33200951,52334005.40791095,-0.39772540613971774,0.13146880269050598,0.23454229892629674
sp|A0A0C4DH31|HV118_HUMAN,574639394.0919598,644065768.2061851,0.2058097130220641,0.13146880269050598,0.23454229892629674
sp|P18065|IBP2_HUMAN,3677539.4167541186,3276731.9967261055,-0.3301272846809712,0.13146880269050598,0.23454229892629674
sp|P14550|AK1A1_HUMAN,739604811.0185261,636454616.901454,-0.3273733366540076,0.13146880269050598,0.23454229892629674
sp|Q9Y2G5|OFUT2_HUMAN,17429694.333585378,16056934.930376902,-0.16115878145603574,0.13146880269050598,0.23454229892629674
sp|Q13287|NMI_HUMAN,11831510.138148103,15072926.706881642,0.20801616538361747,0.13146880269050598,0.23454229892629674
sp|Q9GZP8|IMUP_HUMAN,2157587.525060848,1767682.8757908468,-0.3365265265673963,0.13146880269050598,0.23454229892629674
sp|P49748|ACADV_HUMAN,224714449.37738404,251945728.4165795,0.1604551858770716,0.13146880269050598,0.23454229892629674
sp|Q12988|HSPB3_HUMAN,28819331.735175718,38312159.54023668,0.6153238794597856,0.13146880269050598,0.23454229892629674
sp|P11940|PABP1_HUMAN,153976092.8799479,132636024.83592995,-0.3241784455730033,0.13146880269050598,0.23454229892629674
sp|Q9UN37|VPS4A_HUMAN,15564484.93418728,17901471.008179568,0.17762503083791792,0.13146880269050598,0.23454229892629674
sp|P17174|AATC_HUMAN,822245861.6594381,881134998.9288037,0.1453185897602069,0.13146880269050598,0.23454229892629674
sp|Q7Z7K6|CENPV_HUMAN,671756.1738370564,516908.00130290614,-0.4425547333230462,0.13146880269050598,0.23454229892629674
sp|O75934|SPF27_HUMAN,942376.9517952201,1002113.4141089792,-0.2234793323941608,0.13146880269050598,0.23454229892629674
sp|Q9BVK6|TMED9_HUMAN,8045328.677344998,6690647.427403472,-0.43045887261925014,0.13146880269050598,0.23454229892629674
sp|P21796|VDAC1_HUMAN,73614951.24865858,60833608.30548493,-0.2577244352311571,0.13146880269050598,0.23454229892629674
sp|Q8TCF1|ZFAN1_HUMAN,604689.9126799201,995215.4759181413,0.5789362606585247,0.13146880269050598,0.23454229892629674
sp|Q9HD89|RETN_HUMAN,7628920.639739422,32387735.603121735,0.8011956010370394,0.13146880269050598,0.23454229892629674
sp|P43155|CACP_HUMAN,13189994.84669253,11443129.158258801,-0.23011758629648923,0.13146880269050598,0.23454229892629674
sp|Q6P4F2|FDX2_HUMAN,6293046.452332368,7377369.756901057,0.10475999400686802,0.13146880269050598,0.23454229892629674
sp|Q96I51|RCC1L_HUMAN,9890043.882230192,10505869.865074342,0.1251221543431713,0.13146880269050598,0.23454229892629674
sp|Q8IYB1|M21D2_HUMAN,705009.6298429295,1026623.7857950894,0.34245749161197864,0.13146880269050598,0.23454229892629674
sp|Q9H190|SDCB2_HUMAN,3200099.7035649153,3629182.8230347526,0.1679623245122142,0.13146880269050598,0.23454229892629674
sp|P40123|CAP2_HUMAN,19252429.127210762,23158291.725277167,0.20821471265075392,0.13751810044050217,0.24218325284916326
sp|P62306|RUXF_HUMAN,5235597.796496336,4595844.424329087,-0.2623721039587073,0.13751810044050217,0.24218325284916326
sp|Q8IXJ6|SIR2_HUMAN,557650.4472585685,453824.36301017326,-0.44599297407292865,0.13751810044050217,0.24218325284916326
sp|Q9BUR5|MIC26_HUMAN,3041468.212783868,3988176.0462123193,0.2757676745681107,0.13751810044050217,0.24218325284916326
sp|Q96DX5|ASB9_HUMAN,1424640.5494241898,1280539.8265957083,-0.2279669786315577,0.13751810044050217,0.24218325284916326
sp|P55735|SEC13_HUMAN,23650526.438328587,28426193.19691304,0.1696994622463608,0.13751810044050217,0.24218325284916326
sp|Q96BP3|PPWD1_HUMAN,2539501.220345788,2241856.6722773216,-0.20436006983062122,0.13751810044050217,0.24218325284916326
sp|Q9H0D6|XRN2_HUMAN,20389637.19874681,17490937.02416169,-0.23439722380360348,0.13751810044050217,0.24218325284916326
sp|Q9Y6I9|TX264_HUMAN,491242.07025476365,610123.8303300777,0.20313983687682122,0.13751810044050217,0.24218325284916326
sp|P50990|TCPQ_HUMAN,114125834.76908864,102382529.69725323,-0.2632965963400037,0.13751810044050217,0.24218325284916326
sp|Q96DI7|SNR40_HUMAN,1261486.5345740302,913079.0174331923,-0.416524547603257,0.13751810044050217,0.24218325284916326
sp|Q9H2X3|CLC4M_HUMAN / sp|Q9NNX6|CD209_HUMAN,3376423.4438508437,2959944.640231355,-0.2754916541061035,0.13751810044050217,0.24218325284916326
sp|Q8WUY1|THEM6_HUMAN,27969174.7625244,40663201.166080125,0.41257241598464983,0.13751810044050217,0.24218325284916326
sp|P17540|KCRS_HUMAN,92527931.78258419,47288540.62413405,-0.5297372300521211,0.13751810044050217,0.24218325284916326
sp|O60841|IF2P_HUMAN,2235050.876888702,3358114.689401665,0.3637881666087143,0.13751810044050217,0.24218325284916326
sp|Q14831|GRM7_HUMAN,2444859.2143118964,3069175.4353767345,0.35810807444564247,0.13751810044050217,0.24218325284916326
sp|Q04323|UBXN1_HUMAN,16692428.781524822,18371453.47418189,0.11685397283452877,0.13751810044050217,0.24218325284916326
sp|Q96PE7|MCEE_HUMAN,12322173.630468681,14064104.34652273,0.08859023445397152,0.13751810044050217,0.24218325284916326
sp|Q9BQD3|KXDL1_HUMAN,26174907.222103145,29192056.363913927,0.18418133180591464,0.13751810044050217,0.24218325284916326
sp|O75439|MPPB_HUMAN,54473710.12905159,46436443.85150326,-0.3063597586060426,0.13751810044050217,0.24218325284916326
sp|Q7Z7F7|RM55_HUMAN,1191332.4301543282,1022090.3719219501,-0.35255966720566445,0.13751810044050217,0.24218325284916326
sp|Q5VTR2|BRE1A_HUMAN,1241904.909635519,1968796.8985344185,0.667192656839096,0.13751810044050217,0.24218325284916326
sp|Q9H5Y7|SLIK6_HUMAN,265501.2969765698,333261.03401744703,0.9822292657724035,0.13751810044050217,0.24218325284916326
sp|P06241|FYN_HUMAN,69811677.12421177,61586845.11908345,-0.16971581267246796,0.13751810044050217,0.24218325284916326
sp|O60234|GMFG_HUMAN,22984135.349220388,26347139.820383925,0.15359885747888916,0.13751810044050217,0.24218325284916326
sp|Q96QZ7|MAGI1_HUMAN,17561874.9584238,19230043.000013698,0.03807598529371449,0.13751810044050217,0.24218325284916326
sp|Q86YB7|ECHD2_HUMAN,16931511.49223403,20992469.833029367,0.18890776841699278,0.13751810044050217,0.24218325284916326
sp|Q86W42|THOC6_HUMAN,344412.5649964335,314462.78607006755,-0.25782376407822116,0.13751810044050217,0.24218325284916326
sp|P78318|IGBP1_HUMAN,40302308.08035119,54752379.412588455,0.3468871162171568,0.13751810044050217,0.24218325284916326
sp|Q6ZQY2|LR74B_HUMAN,419870.0969554987,505766.44089225784,0.16787877459274256,0.13751810044050217,0.24218325284916326
sp|P31327|CPSM_HUMAN,175823680.2945623,224446024.86126247,0.23798922344304632,0.13751810044050217,0.24218325284916326
sp|Q92499|DDX1_HUMAN,113402719.5716404,97587256.43140896,-0.29378483171728886,0.13751810044050217,0.24218325284916326
sp|Q14766|LTBP1_HUMAN,10048332.016537655,12865341.544981295,0.2684627741341354,0.13751810044050217,0.24218325284916326
sp|P30530|UFO_HUMAN,1377376.346691085,1670875.8943883614,0.23985897794043218,0.13751810044050217,0.24218325284916326
sp|O76071|CIAO1_HUMAN,30424305.03101827,34019321.4584193,0.11236740199652154,0.13751810044050217,0.24218325284916326
sp|P16157|ANK1_HUMAN,124870373.899954,231254905.01107758,0.4064136891761288,0.14377250522375107,0.24962527227524653
sp|Q9NQC3|RTN4_HUMAN,66512847.71243985,80210885.4350907,0.1478892011363962,0.14377250522375107,0.24962527227524653
sp|Q05481|ZNF91_HUMAN,3164508.539086656,3428184.7828969914,0.10193500042711788,0.14377250522375107,0.24962527227524653
sp|Q9NYJ1|COA4_HUMAN,656999.3085428746,747001.1004566636,0.18635011850920358,0.14377250522375107,0.24962527227524653
sp|Q9BV68|RN126_HUMAN,1470566.5182321258,1668093.8918055356,0.13835999169191066,0.14377250522375107,0.24962527227524653
sp|Q9GZT9|EGLN1_HUMAN,12888582.901234278,11062217.991827521,-0.21690759455491462,0.14377250522375107,0.24962527227524653
sp|Q7LG56|RIR2B_HUMAN,5500792.371948398,6323271.726987892,0.15999121085315737,0.14377250522375107,0.24962527227524653
sp|Q5VT66|MARC1_HUMAN,21759843.841734137,19140948.11228787,-0.21088883492586089,0.14377250522375107,0.24962527227524653
sp|P61081|UBC12_HUMAN,11217458.107227232,14094456.624286696,0.27556951644902483,0.14377250522375107,0.24962527227524653
sp|Q29RF7|PDS5A_HUMAN,1769229.1822183155,2353119.8074890072,0.25935557153136807,0.14377250522375107,0.24962527227524653
sp|P61962|DCAF7_HUMAN,5377678.089905935,4974019.668287641,-0.14123127564681429,0.14377250522375107,0.24962527227524653
sp|O75882|ATRN_HUMAN,105445084.6464511,125478860.58116066,0.26911493885460364,0.14377250522375107,0.24962527227524653
sp|P00568|KAD1_HUMAN,99197897.65926042,99407677.88251208,-0.30281755138201405,0.14377250522375107,0.24962527227524653
sp|O43157|PLXB1_HUMAN,3502729.1436204133,3127362.553709511,-0.20653145913739987,0.14377250522375107,0.24962527227524653
sp|O60504|VINEX_HUMAN,78384013.59939973,86720219.23803782,0.12000122163263545,0.14377250522375107,0.24962527227524653
sp|Q15257|PTPA_HUMAN,70314410.60688165,60988998.830824055,-0.5400092398549786,0.14377250522375107,0.24962527227524653
sp|Q15036|SNX17_HUMAN,2090880.9429257307,2435962.187813882,0.20886116622433915,0.14377250522375107,0.24962527227524653
sp|P07738|PMGE_HUMAN,704499285.9386644,1035605918.2579515,0.30789163590865026,0.14377250522375107,0.24962527227524653
sp|Q7Z401|MYCPP_HUMAN,4723372.987516337,4165591.2974952464,-0.20529758380377164,0.14377250522375107,0.24962527227524653
sp|P21953|ODBB_HUMAN,12308451.672108814,11230022.526713623,-0.18204233564470002,0.14377250522375107,0.24962527227524653
sp|P53609|PGTB1_HUMAN,28312620.58492406,35383273.67092434,0.20735862867046073,0.14377250522375107,0.24962527227524653
sp|O75380|NDUS6_HUMAN,23567668.880402293,25947174.06587704,0.23819771873755044,0.14377250522375107,0.24962527227524653
sp|Q96GA3|LTV1_HUMAN,600929.6742668722,1934200.649634617,0.7554080171558433,0.14377250522375107,0.24962527227524653
sp|P63165|SUMO1_HUMAN / sp|SUMO1_HUMAN|P63165,25726012.452878118,23247058.43225774,-0.1753568699096535,0.14377250522375107,0.24962527227524653
sp|Q9UL63|MKLN1_HUMAN,1917474.0642318677,3221399.0962146847,0.5102116173875536,0.14377250522375107,0.24962527227524653
sp|Q13952|NFYC_HUMAN,17513912.484429415,18601457.918697964,0.09048029673323973,0.14377250522375107,0.24962527227524653
sp|P30419|NMT1_HUMAN,13921921.358535219,12681316.092083018,-0.15612699841813588,0.14377250522375107,0.24962527227524653
sp|Q16543|CDC37_HUMAN,29474316.483435668,26694615.567222495,-0.1410667891620105,0.14377250522375107,0.24962527227524653
sp|P54819|KAD2_HUMAN,81365515.19897866,86036014.09032905,0.097325565264843,0.14377250522375107,0.24962527227524653
sp|P11586|C1TC_HUMAN,395589128.299738,335440772.0861088,-0.38080204339474655,0.14377250522375107,0.24962527227524653
sp|Q5T440|CAF17_HUMAN,2987319.1392798717,3394856.8069239864,0.11174251232037162,0.14377250522375107,0.24962527227524653
sp|Q2TB90|HKDC1_HUMAN,18081192.404183794,20095110.987939466,0.16493230096573952,0.14377250522375107,0.24962527227524653
sp|P55058|PLTP_HUMAN,2032222.0506699744,2718710.1484674914,0.20859805313483173,0.14377250522375107,0.24962527227524653
sp|Q14141|SEPT6_HUMAN,175572598.69329745,154822136.06787607,-0.20160110652132532,0.14377250522375107,0.24962527227524653
sp|Q9HA65|TBC17_HUMAN,2336262.027205298,2886230.0522171264,0.07606619447593868,0.14377250522375107,0.24962527227524653
sp|P04921|GLPC_HUMAN,640370.7644007121,817706.3007144431,0.24194057930036772,0.14377250522375107,0.24962527227524653
sp|Q9UPA5|BSN_HUMAN,1888387.382740469,2438758.4958994496,0.1896948346670538,0.14377250522375107,0.24962527227524653
sp|Q86U42|PABP2_HUMAN,19652152.00052757,17754604.499843113,-0.16216200973518233,0.14377250522375107,0.24962527227524653
sp|P0DP01|HV108_HUMAN,124673347.26547846,141653825.61147565,0.359405436091025,0.14377250522375107,0.24962527227524653
sp|Q9NWB6|ARGL1_HUMAN,350578.43319336197,298992.29380806437,-2.0010310715141464,0.14815501151362628,0.2571413744137044
sp|Q9NR56|MBNL1_HUMAN,35723094.30576899,39815237.21738998,0.10422352034939968,0.15023531019687653,0.25804554532384055
sp|Q92743|HTRA1_HUMAN,2305853.355738496,2876378.1449673036,0.2697196390236461,0.15023531019687653,0.25804554532384055
sp|Q14515|SPRL1_HUMAN,15086417.119434446,15170157.12413375,0.060689802840885834,0.15023531019687653,0.25804554532384055
sp|P09172|DOPO_HUMAN,6587137.074384359,6019598.520707458,-0.17309794257926797,0.15023531019687653,0.25804554532384055
sp|O60669|MOT2_HUMAN,6573426.529000453,6999452.778175241,0.2344710709790289,0.15023531019687653,0.25804554532384055
sp|P55061|BI1_HUMAN,913201.5990663895,1142792.469913706,0.14559909919707095,0.15023531019687653,0.25804554532384055
sp|Q8NHV4|NEDD1_HUMAN,285557.69331935985,354645.3650288832,0.22595601144769986,0.15023531019687653,0.25804554532384055
sp|Q32M88|PGGHG_HUMAN,9482306.161568858,7521484.022785053,0.22641628980279296,0.15023531019687653,0.25804554532384055
sp|Q13627|DYR1A_HUMAN / sp|Q9Y463|DYR1B_HUMAN,572050.1524207357,1036081.8225597616,0.6188662531596362,0.15023531019687653,0.25804554532384055
sp|Q9BU40|CRDL1_HUMAN,1109167.452764612,1288943.4895551926,0.16894533493784283,0.15023531019687653,0.25804554532384055
sp|A0A0J9YX35|HV64D_HUMAN,78841760.69933175,86556356.51823437,0.21098827423345387,0.15023531019687653,0.25804554532384055
sp|P32119|PRDX2_HUMAN,6843452835.810431,9516731402.517101,0.2605700492558033,0.15023531019687653,0.25804554532384055
sp|P32856|STX2_HUMAN,642687.1802586585,1042600.5059021929,0.5154129215899536,0.15023531019687653,0.25804554532384055
sp|Q5JTV8|TOIP1_HUMAN,4070573.5147797265,3548892.091859203,-0.32086539408398224,0.15023531019687653,0.25804554532384055
sp|O95159|ZFPL1_HUMAN,2611260.223728959,2887620.5483598527,0.1155437924528966,0.15023531019687653,0.25804554532384055
sp|Q9H479|FN3K_HUMAN,24704057.63735991,27256779.64392888,0.16907565238686445,0.15023531019687653,0.25804554532384055
sp|P30086|PEBP1_HUMAN,1783395134.8594146,2155013823.8747473,0.1333303597073355,0.15023531019687653,0.25804554532384055
sp|P02787|TRFE_HUMAN,38362667828.54893,45137198131.45233,0.2346905414378104,0.15023531019687653,0.25804554532384055
sp|Q5T4F7|SFRP5_HUMAN,737045.3529940109,849602.0130668597,0.09544922570532133,0.15023531019687653,0.25804554532384055
sp|Q9Y3Q8|T22D4_HUMAN,2349644.5381730567,3552253.859000814,0.21433002868459625,0.15023531019687653,0.25804554532384055
sp|O15178|TBXT_HUMAN / sp|O60806|TBX19_HUMAN,4178200.8689767667,4855836.056658019,0.3699562793702325,0.15023531019687653,0.25804554532384055
sp|Q9ULT8|HECD1_HUMAN,4736503.203302388,5917156.29574727,0.4261768162951789,0.15023531019687653,0.25804554532384055
sp|Q9P0K7|RAI14_HUMAN,8791558.272298336,12512533.632552354,0.2471909669728107,0.15023531019687653,0.25804554532384055
sp|Q6H8Q1|ABLM2_HUMAN,15856130.76939092,17110166.673595745,0.08114086557958587,0.15023531019687653,0.25804554532384055
sp|P06744|G6PI_HUMAN,2558155122.856568,3275106764.3228455,0.27771679076755645,0.15023531019687653,0.25804554532384055
sp|Q75N90|FBN3_HUMAN,19174022.857636895,26869904.612847175,0.14773734700716748,0.15023531019687653,0.25804554532384055
sp|Q9BQ04|RBM4B_HUMAN,27053872.718898978,24949675.90521488,-0.12594427122285687,0.15023531019687653,0.25804554532384055
sp|Q96E11|RRFM_HUMAN,284537.64267943904,338105.410618981,0.30874177666903896,0.15023531019687653,0.25804554532384055
sp|P18433|PTPRA_HUMAN,2304192.926717399,1949750.4296549247,-0.33849997671456766,0.15023531019687653,0.25804554532384055
sp|Q9Y530|OARD1_HUMAN,522939.4298304523,412478.55159990554,0.1882077327879931,0.156909741461277,0.26570566311667904
sp|Q96AZ6|ISG20_HUMAN,1072431.791353819,623083.4476055031,0.3091204634235541,0.156909741461277,0.26570566311667904
sp|Q5SXM8|DNLZ_HUMAN,537436.703740862,731748.1884104508,0.3018568406123535,0.156909741461277,0.26570566311667904
sp|Q6PFW1|VIP1_HUMAN,1156318.8023099306,1016375.3332885045,-0.8354616165018535,0.156909741461277,0.26570566311667904
sp|Q53FT3|HIKES_HUMAN,1268812.645883051,2103090.5982278963,0.33094119603524635,0.156909741461277,0.26570566311667904
sp|CAH2_HUMAN|P00918,1832217149.2632139,2753687341.6752486,0.32925709794295,0.156909741461277,0.26570566311667904
sp|O00291|HIP1_HUMAN,1211682.518501101,1455978.357812103,0.22598284473830027,0.156909741461277,0.26570566311667904
sp|Q9Y4D7|PLXD1_HUMAN,8479783.779250372,9916900.264525292,0.16436713868651004,0.156909741461277,0.26570566311667904
sp|Q5VZ89|DEN4C_HUMAN,890234.6437114293,996844.9363209384,-0.03027185162907558,0.156909741461277,0.26570566311667904
sp|O60934|NBN_HUMAN,227724.31334199425,184938.4889941563,-0.4471726243947006,0.156909741461277,0.26570566311667904
sp|Q5EG05|CAR16_HUMAN,11521782.435166772,12646631.463893386,0.083525869179786,0.156909741461277,0.26570566311667904
sp|O43148|MCES_HUMAN,24112729.200980622,20771294.067025725,-0.26643462749734936,0.156909741461277,0.26570566311667904
sp|TRFE_HUMAN|P02787,38339684790.79635,45176974381.90082,0.2375097889938463,0.156909741461277,0.26570566311667904
sp|Q4KMP7|TB10B_HUMAN,1092268.3844130815,1273804.9137462394,0.18661093731296066,0.156909741461277,0.26570566311667904
sp|Q9UH65|SWP70_HUMAN,6502552.215442014,7806962.105640241,0.2497359253063712,0.156909741461277,0.26570566311667904
sp|Q9BQS8|FYCO1_HUMAN,2707427.476000377,3299708.6133961887,0.21561078762739655,0.156909741461277,0.26570566311667904
sp|P55210|CASP7_HUMAN,5016723.680605863,6225620.082060674,0.2001663535387999,0.156909741461277,0.26570566311667904
sp|P50552|VASP_HUMAN,53463961.72013784,63275830.62115985,0.10203635535158576,0.156909741461277,0.26570566311667904
sp|Q9H0U3|MAGT1_HUMAN,13279075.305345843,15454255.946779853,0.18621406833539658,0.156909741461277,0.26570566311667904
sp|P61289|PSME3_HUMAN,1889082.078135928,2538735.85403711,0.31885095232334304,0.156909741461277,0.26570566311667904
sp|Q96PR1|KCNC2_HUMAN / sp|Q03721|KCNC4_HUMAN / sp|Q14003|KCNC3_HUMAN / sp|P48547|KCNC1_HUMAN,12097969.090982053,14199964.941625107,0.15649857403282855,0.156909741461277,0.26570566311667904
sp|P48061|SDF1_HUMAN,1265438.37086899,1426203.111359104,0.4029432179520785,0.156909741461277,0.26570566311667904
sp|P49961|ENTP1_HUMAN,89884384.6634127,81880633.31688,-0.2714978863689575,0.156909741461277,0.26570566311667904
sp|P23919|KTHY_HUMAN,14574351.073523346,18695143.670452036,0.3897465225723852,0.156909741461277,0.26570566311667904
sp|P19474|RO52_HUMAN,15763954.178742195,14165757.004814032,-0.17880246612926104,0.156909741461277,0.26570566311667904
sp|Q9NP92|RT30_HUMAN,6196696.17056939,5696058.540910504,-0.1643182611121748,0.156909741461277,0.26570566311667904
sp|Q9GZZ1|NAA50_HUMAN,9046890.412927078,8339995.600746824,-0.22550267907677504,0.156909741461277,0.26570566311667904
sp|Q15424|SAFB1_HUMAN,25610561.377504535,22276620.901512157,-0.19870937430685323,0.156909741461277,0.26570566311667904
sp|P02750|A2GL_HUMAN,400067275.21451294,451874687.5163205,0.22426952872766417,0.156909741461277,0.26570566311667904
sp|Q14152|EIF3A_HUMAN,156970334.39639387,134459243.1440852,-0.18298647612275412,0.156909741461277,0.26570566311667904
sp|Q9UD71|PPR1B_HUMAN,38782360.19157419,39720455.90840035,0.2493388559027716,0.156909741461277,0.26570566311667904
sp|P11177|ODPB_HUMAN,198450238.2487338,165930408.69187498,-0.451137507789225,0.156909741461277,0.26570566311667904
sp|P53611|PGTB2_HUMAN,6388663.966250008,7426479.385975293,0.15506249340692133,0.156909741461277,0.26570566311667904
sp|Q9H9B4|SFXN1_HUMAN,2992072.9557232647,2258394.9169037854,-0.6392390452036179,0.156909741461277,0.26570566311667904
sp|O96033|MOC2A_HUMAN,8142790.4040447315,9021396.707152952,0.09119786122434256,0.156909741461277,0.26570566311667904
sp|Q13347|EIF3I_HUMAN,69475942.15849991,59314299.88185531,-0.37255880304211075,0.156909741461277,0.26570566311667904
sp|Q9H9P8|L2HDH_HUMAN,2038813.1875650417,1680475.0208319407,-0.39585149717907914,0.156909741461277,0.26570566311667904
sp|Q9BXV9|GON7_HUMAN,1902691.441120357,2138593.9735545455,0.25494615748751487,0.156909741461277,0.26570566311667904
sp|Q9HD33|RM47_HUMAN,4319317.40842109,3825258.5427073822,-0.3632773477048396,0.156909741461277,0.26570566311667904
sp|P28715|ERCC5_HUMAN,728409.058725732,949384.5425902978,0.07251706248675685,0.156909741461277,0.26570566311667904
sp|Q9Y4G8|RPGF2_HUMAN,8375706.1188759785,7607464.013052424,-0.19546654967564683,0.1637990102171898,0.27465808876041015
sp|Q9H1E3|NUCKS_HUMAN,37728148.08660505,30716344.46599066,-0.5447881791073499,0.1637990102171898,0.27465808876041015
sp|Q9BRX8|PXL2A_HUMAN,73541401.54564528,87566011.52276781,0.18637900682274985,0.1637990102171898,0.27465808876041015
sp|P24844|MYL9_HUMAN,56360079.90249229,61440044.30103841,0.08431664954765747,0.1637990102171898,0.27465808876041015
sp|Q9NSA3|CNBP1_HUMAN,883850.8215741308,1130092.4956409738,0.4144224919817961,0.1637990102171898,0.27465808876041015
sp|P0DP08|HVD82_HUMAN,108532113.47787191,123735910.46124819,0.22592000822887112,0.1637990102171898,0.27465808876041015
sp|Q9Y3C0|WASC3_HUMAN,11992296.67393851,10410881.943233164,-0.19671681078763922,0.1637990102171898,0.27465808876041015
sp|Q9Y570|PPME1_HUMAN,21281449.63150895,20977658.774290662,-0.20440286236535332,0.1637990102171898,0.27465808876041015
sp|P02765|FETUA_HUMAN,1277850777.2145221,1497838329.1603572,0.20674197499466437,0.1637990102171898,0.27465808876041015
sp|P23083|HV102_HUMAN,592513641.3729161,637822216.5034859,0.17341933994980333,0.1637990102171898,0.27465808876041015
sp|P23526|SAHH_HUMAN,583046379.2816442,675420087.9801947,0.1439382167798391,0.1637990102171898,0.27465808876041015
sp|Q99829|CPNE1_HUMAN,54344987.31211072,44076367.90884099,-0.37027865277418215,0.1637990102171898,0.27465808876041015
sp|Q15080|NCF4_HUMAN,1262101.0914646052,2648891.420315514,0.32538833569067893,0.1637990102171898,0.27465808876041015
sp|A0A0B4J1X8|HV343_HUMAN,370862980.4140133,407000132.24414307,0.20011516759354625,0.1637990102171898,0.27465808876041015
sp|Q15485|FCN2_HUMAN,42278991.27656441,50498674.70971133,0.1043177612510107,0.1637990102171898,0.27465808876041015
sp|P61981|1433G_HUMAN,2176153948.4632387,2357000036.560779,0.10185785100373591,0.1637990102171898,0.27465808876041015
sp|P36776|LONM_HUMAN,13155466.532475188,15325343.613259401,0.19607768556936073,0.1637990102171898,0.27465808876041015
sp|Q13523|PRP4B_HUMAN,2239537.2281316435,1983530.53364212,-0.7281344363023108,0.1637990102171898,0.27465808876041015
sp|Q9NXG6|P4HTM_HUMAN,2840893.8277765545,2474302.62747012,-0.3012846881394789,0.1637990102171898,0.27465808876041015
sp|Q5H9R7|PP6R3_HUMAN,3288514.947125771,3696561.991642136,0.09508133726315417,0.1637990102171898,0.27465808876041015
sp|Q6ZU15|SEP14_HUMAN,52673498.44705232,42364082.34012071,-0.3951651504157211,0.1637990102171898,0.27465808876041015
sp|P55008|AIF1_HUMAN,22666848.21301224,27744012.50240764,0.20623288613588214,0.1637990102171898,0.27465808876041015
sp|P10321|HLAC_HUMAN,27764530.19376692,26105026.49506238,-0.17067864852643577,0.1637990102171898,0.27465808876041015
sp|Q8NB37|GALD1_HUMAN,3298893.2808830515,2886962.4865587456,-0.37642746992921033,0.1637990102171898,0.27465808876041015
sp|P54687|BCAT1_HUMAN,76755325.12649691,87632849.26426359,0.10581246423677855,0.1637990102171898,0.27465808876041015
sp|P08243|ASNS_HUMAN,12031553.635875994,11618022.663572023,0.24543602981547075,0.1637990102171898,0.27465808876041015
sp|Q9BU61|NDUF3_HUMAN,3144118.4031916955,4000712.8031313946,0.3388765601337038,0.1637990102171898,0.27465808876041015
sp|Q01581|HMCS1_HUMAN,641327.396446705,747911.5320632934,0.03621416424247441,0.1637990102171898,0.27465808876041015
sp|P36405|ARL3_HUMAN,19062643.48151629,17563679.72419658,-0.1669204611961608,0.17090606689453125,0.28438911755438817
sp|P17812|PYRG1_HUMAN,26721815.81682419,23088722.47560548,-0.2732263505769212,0.17090606689453125,0.28438911755438817
sp|Q6NUK1|SCMC1_HUMAN,32858414.42331636,27295773.730493672,-0.22448337142654623,0.17090606689453125,0.28438911755438817
sp|P26583|HMGB2_HUMAN,21070342.712209754,19324138.42738704,-0.13928810714277176,0.17090606689453125,0.28438911755438817
sp|Q9UMR2|DD19B_HUMAN / sp|Q9NUU7|DD19A_HUMAN,24791608.961069282,28369356.784383543,0.13605356101917146,0.17090606689453125,0.28438911755438817
sp|Q9Y2L5|TPPC8_HUMAN,6623637.093625517,5514238.21560713,-0.4909633789236892,0.17090606689453125,0.28438911755438817
sp|P61163|ACTZ_HUMAN,131574050.67215873,120379824.31330582,-0.1824834152938283,0.17090606689453125,0.28438911755438817
sp|Q9UPN3|MACF1_HUMAN,4453251.663694276,3779959.879757717,-0.29663674640086796,0.17090606689453125,0.28438911755438817
sp|Q9H2V7|SPNS1_HUMAN,1592722.4057619683,1952805.279902673,0.17463285824935706,0.17090606689453125,0.28438911755438817
sp|Q96A26|F162A_HUMAN,3920742.4639287484,3400861.651812131,-0.20136908465455708,0.17090606689453125,0.28438911755438817
sp|Q12888|TP53B_HUMAN,3363039.9507646733,3111263.5493938783,-0.08148710030270391,0.17090606689453125,0.28438911755438817
sp|Q96MI6|PPM1M_HUMAN,1923798.882358387,2246268.949814965,0.48318028864338913,0.17090606689453125,0.28438911755438817
sp|Q93062|RBPMS_HUMAN,10337110.777933927,9227155.07232195,-0.25054994509741785,0.17090606689453125,0.28438911755438817
sp|Q969T9|WBP2_HUMAN,88136700.41634807,112316767.06401272,0.21140904658828225,0.17090606689453125,0.28438911755438817
sp|Q6PKG0|LARP1_HUMAN,16990084.30770401,15715313.88503331,-0.13329977545325714,0.17090606689453125,0.28438911755438817
sp|Q9NQA3|WASH6_HUMAN,3631992.579334158,4106938.4143336867,0.2131540062045753,0.17090606689453125,0.28438911755438817
sp|P57721|PCBP3_HUMAN,62091088.19906606,56496815.78765287,-0.18415358961906775,0.17090606689453125,0.28438911755438817
sp|P02748|CO9_HUMAN,192066858.1389328,175162603.7137641,-0.40401004064138885,0.17090606689453125,0.28438911755438817
sp|Q8WVY7|UBCP1_HUMAN,11661363.826237896,13965970.909362469,0.24664348046558895,0.17090606689453125,0.28438911755438817
sp|P02751|FINC_HUMAN,422717060.87782055,624971881.6746781,0.17488549017729987,0.17090606689453125,0.28438911755438817
sp|O15372|EIF3H_HUMAN,2518588.335206496,2331850.42230734,-0.1883559557596573,0.17090606689453125,0.28438911755438817
sp|Q15751|HERC1_HUMAN,6052646.246732951,5247044.117085569,-0.36058126258316087,0.17090606689453125,0.28438911755438817
sp|Q14160|SCRIB_HUMAN,4065936.4217100195,3781167.4788195,-0.15527470902723614,0.17823376506567,0.2935291141215341
sp|Q9UKV8|AGO2_HUMAN,49496750.752661176,45191757.27439432,-0.23812975732435696,0.17823376506567,0.2935291141215341
sp|P41222|PTGDS_HUMAN,39219213.03866337,30792491.54384727,-0.3774522440127104,0.17823376506567,0.2935291141215341
sp|P40227|TCPZ_HUMAN,64678917.43796994,59072481.79691359,-0.21281732576775078,0.17823376506567,0.2935291141215341
sp|Q9NX62|IMPA3_HUMAN,255889.29695656293,365071.15773045894,0.3910640141396709,0.17823376506567,0.2935291141215341
sp|P01762|HV311_HUMAN,868691723.0859206,962162832.1179712,0.15683909858119652,0.17823376506567,0.2935291141215341
sp|O00299|CLIC1_HUMAN,466413398.6679907,423444923.2386657,-0.13060822499681418,0.17823376506567,0.2935291141215341
sp|Q00765|REEP5_HUMAN,6556998.7245199,7678489.269302538,0.16196108632852851,0.17823376506567,0.2935291141215341
sp|P15927|RFA2_HUMAN,5976635.028585465,5111058.660177328,-0.2670900339533751,0.17823376506567,0.2935291141215341
sp|P55010|IF5_HUMAN,27475600.544525474,24377277.270291902,-0.23322034461560345,0.17823376506567,0.2935291141215341
sp|P35542|SAA4_HUMAN,16276639.835582545,25250008.92066259,0.37877425712736024,0.17823376506567,0.2935291141215341
sp|Q8TE77|SSH3_HUMAN,7639283.603822747,6913031.576764629,-0.1392679264745755,0.17823376506567,0.2935291141215341
sp|Q96RF0|SNX18_HUMAN,11481325.273135627,14372432.27459073,0.16977250923773926,0.17823376506567,0.2935291141215341
sp|P78344|IF4G2_HUMAN,209525.51195484443,192845.04437628813,-1.404792457013157,0.17823376506567,0.2935291141215341
sp|O14545|TRAD1_HUMAN,7642361.608441299,9421924.925692344,0.17836557447086052,0.17823376506567,0.2935291141215341
sp|P54105|ICLN_HUMAN,10507816.839197682,9618459.64943968,-0.18390448184846822,0.17823376506567,0.2935291141215341
sp|O14653|GOSR2_HUMAN,582492.2393115292,826304.876169306,0.3804024540733143,0.17823376506567,0.2935291141215341
sp|Q13011|ECH1_HUMAN,947811718.9139328,1045586088.5649726,0.1282000049622319,0.17823376506567,0.2935291141215341
sp|Q96EK7|F120B_HUMAN,3088846.5023980713,3412035.7123062774,0.126839101911314,0.17823376506567,0.2935291141215341
sp|P52907|CAZA1_HUMAN,264757123.1943719,242326054.65008956,-0.21177518875388213,0.17823376506567,0.2935291141215341
sp|Q9BXW6|OSBL1_HUMAN,15916515.390586061,14091778.856191427,-0.1987686469538075,0.17823376506567,0.2935291141215341
sp|Q9H0W9|CK054_HUMAN,161235005.14945135,149777351.06685832,-0.21175935996838988,0.17823376506567,0.2935291141215341
sp|Q9P2X3|IMPCT_HUMAN,1858588.86117667,2063757.7125267482,0.15362190571181436,0.17823376506567,0.2935291141215341
sp|Q9BRR6|ADPGK_HUMAN,641150.2599066136,723333.4034419997,0.007081972894231713,0.17823376506567,0.2935291141215341
sp|Q9NZT2|OGFR_HUMAN,15506205.168832082,13857435.68361961,-0.22404585757156106,0.17823376506567,0.2935291141215341
sp|Q96JQ0|PCD16_HUMAN,1452307.6986773037,3068767.432319451,0.6085527193626603,0.17823376506567,0.2935291141215341
sp|Q5T8P6|RBM26_HUMAN,19278465.09825743,17298372.495592587,-0.16689071359568533,0.17823376506567,0.2935291141215341
sp|Q9HCC0|MCCB_HUMAN,100826522.63655631,107365553.26112817,0.12883759620178942,0.17823376506567,0.2935291141215341
sp|Q8N3E9|PLCD3_HUMAN,5123078.258876336,4443281.968826911,-0.1763179832750785,0.17823376506567,0.2935291141215341
sp|P17980|PRS6A_HUMAN,67956675.00214091,81630842.47205374,0.20321123563832127,0.17823376506567,0.2935291141215341
sp|P08253|MMP2_HUMAN,1017404.1022140955,1323867.0603184586,0.40641352289352906,0.18578492105007172,0.3032591279317327
sp|O00264|PGRC1_HUMAN,57668808.68447041,53311473.04274707,-0.1406277519429355,0.18578492105007172,0.3032591279317327
sp|Q8N357|S35F6_HUMAN,1651980.4651972533,1725876.6978507189,0.22304950490777478,0.18578492105007172,0.3032591279317327
sp|Q14103|HNRPD_HUMAN,340447419.55499315,315078926.1791277,-0.21834967902904306,0.18578492105007172,0.3032591279317327
sp|Q14005|IL16_HUMAN,106553825.58560567,98731005.7157768,-0.1376737999172642,0.18578492105007172,0.3032591279317327
sp|Q8IVD9|NUDC3_HUMAN,3597190.921909167,4345269.151032435,0.347285555881839,0.18578492105007172,0.3032591279317327
sp|Q96JQ2|CLMN_HUMAN,906480.4873199408,1045864.6407608542,0.19188175816414293,0.18578492105007172,0.3032591279317327
sp|Q9H2U2|IPYR2_HUMAN,112272728.85992339,121114294.77870764,0.06199529960664611,0.18578492105007172,0.3032591279317327
sp|Q92765|SFRP3_HUMAN,4844792.12983883,5613119.012452754,0.1864836992395395,0.18578492105007172,0.3032591279317327
sp|O60927|PP1RB_HUMAN,11725386.811049523,12672642.119613811,0.07440233513583558,0.18578492105007172,0.3032591279317327
sp|Q96EY8|MMAB_HUMAN,2646102.2335145203,3461969.574600802,0.44594519009910033,0.18578492105007172,0.3032591279317327
sp|Q9NTZ6|RBM12_HUMAN,4501108.002906944,4085182.344926241,-0.13931356477640325,0.18578492105007172,0.3032591279317327
sp|P78560|CRADD_HUMAN,660615.5688184433,736322.6591627045,0.22165512552904623,0.18578492105007172,0.3032591279317327
sp|Q9NRW1|RAB6B_HUMAN,62851318.54014028,70188061.29284069,0.15098426300110038,0.18578492105007172,0.3032591279317327
sp|O43815|STRN_HUMAN,54042136.37243637,56811206.73706651,0.07068169272608933,0.18578492105007172,0.3032591279317327
sp|Q00341|VIGLN_HUMAN,37477227.90876894,33832473.867779724,-0.17685897337824294,0.18578492105007172,0.3032591279317327
sp|Q68DX3|FRPD2_HUMAN,7537125.35203814,8491831.038738674,0.10393923442229294,0.18578492105007172,0.3032591279317327
sp|Q06830|PRDX1_HUMAN / sp|PRDX1_HUMAN|Q06830,3215640902.0238786,3088128956.8115163,-0.06289762024439227,0.18578492105007172,0.3032591279317327
sp|Q16513|PKN2_HUMAN,8984638.509716585,10429158.687848017,0.18550402173668218,0.18578492105007172,0.3032591279317327
sp|A0A0B4J1V6|HV373_HUMAN,73392677.44992206,80893265.1588804,0.14984443584432502,0.18578492105007172,0.3032591279317327
sp|Q5MNZ6|WIPI3_HUMAN,1757454.3956420354,1654652.143241801,-0.7425190419264106,0.18578492105007172,0.3032591279317327
sp|Q92496|FHR4_HUMAN,35819931.28377698,44844729.3568146,0.2426072204083319,0.18578492105007172,0.3032591279317327
sp|Q5JWF2|GNAS1_HUMAN / sp|P63092|GNAS2_HUMAN,80025325.91810015,77179882.40465513,-0.0831389708500035,0.18578492105007172,0.3032591279317327
sp|P55854|SUMO3_HUMAN,160329188.16160053,198343072.28611812,0.23176518422886058,0.18578492105007172,0.3032591279317327
sp|P14770|GPIX_HUMAN,1942201.3885633275,3184421.116217397,0.4434776524317711,0.18578492105007172,0.3032591279317327
sp|P50053|KHK_HUMAN,467982.6189889515,1251762.8566434444,-0.2203743642169996,0.18578492105007172,0.3032591279317327
sp|Q9Y2Z9|COQ6_HUMAN,42460976.84089832,49993087.063612,0.22012823247479624,0.1935620754957199,0.31381905415674316
sp|P42892|ECE1_HUMAN,1277447.8225830956,1434257.976015167,0.15147270731046486,0.1935620754957199,0.31381905415674316
sp|Q5JVS0|HABP4_HUMAN,737472.9486848695,959138.7159348432,0.3315042483198677,0.1935620754957199,0.31381905415674316
sp|Q5TBB1|RNH2B_HUMAN,1173629.4823657922,1467448.6130969352,0.40099993799971817,0.1935620754957199,0.31381905415674316
sp|Q14061|COX17_HUMAN,2052742.933269724,2565644.402443343,0.3072415695789357,0.1935620754957199,0.31381905415674316
sp|A0AVT1|UBA6_HUMAN,2628866.8666019584,3323627.4039620534,0.21059622471225317,0.1935620754957199,0.31381905415674316
sp|Q9Y676|RT18B_HUMAN,2104082.814985396,2389454.086063916,0.06806308486497492,0.1935620754957199,0.31381905415674316
sp|Q02809|PLOD1_HUMAN,5193465.558015534,5553975.343777278,0.08678128074335323,0.1935620754957199,0.31381905415674316
sp|Q99622|C10_HUMAN,1372901.430195215,1195472.7807833913,-0.18619228559855358,0.1935620754957199,0.31381905415674316
sp|P05976|MYL1_HUMAN,62128729.617436595,315542639.2292834,0.5329474843094321,0.1935620754957199,0.31381905415674316
sp|Q9HAU0|PKHA5_HUMAN,9829854.023147097,9044934.971842704,-0.1953446174866324,0.1935620754957199,0.31381905415674316
sp|P41223|BUD31_HUMAN,931048.6062759841,791415.6815501882,-0.2910979001245752,0.1935620754957199,0.31381905415674316
sp|O43508|TNF12_HUMAN,6478199.215487637,7147222.971857272,0.13926381522206432,0.1935620754957199,0.31381905415674316
sp|P26927|HGFL_HUMAN,24986954.283220988,22204268.79605385,-0.24014011452294667,0.1935620754957199,0.31381905415674316
sp|Q7LGC8|CHST3_HUMAN,161797.3141381764,142761.56829098015,-2.7517561261241283,0.1935620754957199,0.31381905415674316
sp|P11802|CDK4_HUMAN,1460114.7218359779,2284738.998962509,-0.4149771195588499,0.1935620754957199,0.31381905415674316
sp|P56159|GFRA1_HUMAN,1924390.9588101206,1665947.284352964,-0.2996695128955102,0.1935620754957199,0.31381905415674316
sp|P53674|CRBB1_HUMAN,963176.9376119516,1118825.360104049,0.2838657971584823,0.1935620754957199,0.31381905415674316
sp|Q15102|PA1B3_HUMAN,70358690.10325311,66598532.35481384,-0.341635400749139,0.1935620754957199,0.31381905415674316
sp|P14618|KPYM_HUMAN,2412978952.3520555,2303925499.480945,-0.07296163141098219,0.1935620754957199,0.31381905415674316
sp|Q969E2|SCAM4_HUMAN,1383211.8126139978,1115044.9853693768,-0.3266232545976792,0.2015676274895668,0.3235194128168666
sp|Q96RQ3|MCCA_HUMAN,28822252.96193535,26572517.559377156,-0.17962340147535702,0.2015676274895668,0.3235194128168666
sp|Q9BT04|FUZZY_HUMAN,7507163.411663787,9051197.279390907,0.2473497452142141,0.2015676274895668,0.3235194128168666
sp|P0DTE8|AMY1C_HUMAN / sp|P04746|AMYP_HUMAN / sp|P0DUB6|AMY1A_HUMAN / sp|P19961|AMY2B_HUMAN / sp|P0DTE7|AMY1B_HUMAN / sp|AMYS_HUMAN|P04745,111353.25449202067,196393.5552502955,0.5486538256269212,0.2015676274895668,0.3235194128168666
sp|Q92733|PRCC_HUMAN,13527817.77939089,21229711.22260383,0.3181153604038175,0.2015676274895668,0.3235194128168666
sp|Q9NR31|SAR1A_HUMAN,77290865.20275028,91306999.63889353,0.1381928516682607,0.2015676274895668,0.3235194128168666
sp|Q9NUQ6|SPS2L_HUMAN,429536.88458789565,324706.84587366355,-0.22907336493620725,0.2015676274895668,0.3235194128168666
sp|P78396|CCNA1_HUMAN / sp|P20248|CCNA2_HUMAN,605079.5517538296,785272.1727018644,0.31913651497796774,0.2015676274895668,0.3235194128168666
sp|P23469|PTPRE_HUMAN,945755.0085703011,1985514.2436609876,0.4448606590243284,0.2015676274895668,0.3235194128168666
sp|Q9Y5S9|RBM8A_HUMAN,4390320.97809816,4075115.0335543095,-0.1803939130948251,0.2015676274895668,0.3235194128168666
sp|P40222|TXLNA_HUMAN,6353305.136435734,7637466.211047759,0.11265552341150342,0.2015676274895668,0.3235194128168666
sp|Q96FV2|SCRN2_HUMAN,97325087.9804276,121736966.77132615,0.12414585452568223,0.2015676274895668,0.3235194128168666
sp|Q13162|PRDX4_HUMAN,874505644.4047936,894868422.4019212,0.011502710888074637,0.2015676274895668,0.3235194128168666
sp|Q96MM6|HS12B_HUMAN,40556031.06020018,38227144.53249091,-0.0974615662107037,0.2015676274895668,0.3235194128168666
sp|P20042|IF2B_HUMAN,4358192.82353152,3865351.228814188,-0.2681336234188751,0.2015676274895668,0.3235194128168666
sp|Q9UN36|NDRG2_HUMAN,91990359.41020434,83907565.11761424,-0.11233868339943243,0.2015676274895668,0.3235194128168666
sp|P00326|ADH1G_HUMAN,5237994348.593619,4920336286.418375,-0.3542306808392249,0.2015676274895668,0.3235194128168666
sp|Q96B45|BORC7_HUMAN,11799363.42986804,13283209.680208612,-0.005273801005407391,0.2015676274895668,0.3235194128168666
sp|P56377|AP1S2_HUMAN,708050.9217937763,1023594.8153095947,0.2414928901108431,0.2015676274895668,0.3235194128168666
sp|O75663|TIPRL_HUMAN,1538391.3582714126,1731195.2954229258,0.11401083476576812,0.2015676274895668,0.3235194128168666
sp|Q9UHC6|CNTP2_HUMAN,7715332.406549022,6721456.5661860695,-0.45608606709543953,0.2015676274895668,0.3235194128168666
sp|Q96AE4|FUBP1_HUMAN,175742018.88955447,157361204.75625363,-0.1953790115373317,0.2015676274895668,0.3235194128168666
sp|Q9Y2B9|IPKG_HUMAN,6197833.0719356835,6543993.096221029,0.063173224324039,0.2015676274895668,0.3235194128168666
sp|Q16718|NDUA5_HUMAN,6528448.0232765665,7888553.73193455,0.18527538621172493,0.2015676274895668,0.3235194128168666
sp|Q9Y394|DHRS7_HUMAN,8317099.989723966,7560762.458295447,-0.15871934058405,0.2015676274895668,0.3235194128168666
sp|O43290|SNUT1_HUMAN,2224678.2068261476,2690193.7859216244,0.29241524662731067,0.2015676274895668,0.3235194128168666
sp|P35556|FBN2_HUMAN,793145365.3530596,985684129.5604783,0.31822515209172547,0.2015676274895668,0.3235194128168666
sp|Q9Y279|VSIG4_HUMAN,16021576.035089565,13579484.395202463,-0.3867668499334786,0.2015676274895668,0.3235194128168666
sp|Q9H910|JUPI2_HUMAN,57817297.946928225,66319530.2463335,0.15726437177321098,0.2015676274895668,0.3235194128168666
sp|Q5JTD0|TJAP1_HUMAN,343195.5971410797,429644.9528461982,-0.364196567908354,0.2015676274895668,0.3235194128168666
sp|Q68DU8|KCD16_HUMAN / sp|Q6ZWB6|KCTD8_HUMAN,675130.8180990642,1010483.7791529205,-0.4539358886492864,0.20614971701884666,0.3307631200178686
sp|Q96KS0|EGLN2_HUMAN,527923.413381506,437057.7558715927,-0.2908375510410895,0.20980393886566162,0.3332833838518074
sp|P08246|ELNE_HUMAN,38776472.69880279,179761738.54921046,0.5811446359574856,0.20980393886566162,0.3332833838518074
sp|Q8TAC1|RFESD_HUMAN,1687213.9806080502,2092054.6997804597,0.21666713926537465,0.20980393886566162,0.3332833838518074
sp|Q9P2X0|DPM3_HUMAN,414032.66331967723,495788.6693955911,0.3485321074311997,0.20980393886566162,0.3332833838518074
sp|Q05519|SRS11_HUMAN,50787721.25616865,47902168.65880356,-0.08567103962456443,0.20980393886566162,0.3332833838518074
sp|P13987|CD59_HUMAN,17418160.910193793,20941797.669891268,0.1890685997968322,0.20980393886566162,0.3332833838518074
sp|Q08379|GOGA2_HUMAN,781776.2362204861,683186.0004638481,-0.40051691473102824,0.20980393886566162,0.3332833838518074
sp|P01701|LV151_HUMAN,15113071.838516591,17205113.630302854,0.24959867847601394,0.20980393886566162,0.3332833838518074
sp|P35858|ALS_HUMAN,107974726.04249349,96389634.89552368,-0.4430344330981249,0.20980393886566162,0.3332833838518074
sp|Q14694|UBP10_HUMAN,563767.5826876152,482863.21271066053,-0.27244683887976767,0.20980393886566162,0.3332833838518074
sp|Q8IWT6|LRC8A_HUMAN,1685106.5789178764,1979084.9746852561,0.2888931312840782,0.20980393886566162,0.3332833838518074
sp|O14972|VP26C_HUMAN,1473969.1063364572,1812215.7123043933,0.3357268089186392,0.20980393886566162,0.3332833838518074
sp|P51812|KS6A3_HUMAN,10532309.520910593,11862746.086765692,0.1998214523714248,0.20980393886566162,0.3332833838518074
sp|A0A075B6Q5|HV364_HUMAN,51220814.694863595,57067321.916734464,0.21039011241372524,0.20980393886566162,0.3332833838518074
sp|P27169|PON1_HUMAN,56432279.11734303,70289077.70424575,0.1777387474396786,0.20980393886566162,0.3332833838518074
sp|Q04864|REL_HUMAN,547712.9220287495,430041.32170552306,-0.37603392867824315,0.20980393886566162,0.3332833838518074
sp|P60059|SC61G_HUMAN,3822396.585994082,4433164.820221186,0.11572753147416812,0.20980393886566162,0.3332833838518074
sp|Q9BY42|RTF2_HUMAN,516720.9113478501,848609.3352799868,-0.34498239045223933,0.20980393886566162,0.3332833838518074
sp|Q92817|EVPL_HUMAN,996488.05296405,800859.6540555486,-0.590899653893125,0.20980393886566162,0.3332833838518074
sp|Q9UPY6|WASF3_HUMAN,4008909.4698753026,5648043.7018971015,0.30550646185545044,0.20980393886566162,0.3332833838518074
sp|O15018|PDZD2_HUMAN,887701.7967287103,1297409.132517143,0.301917957910682,0.20980393886566162,0.3332833838518074
sp|Q92530|PSMF1_HUMAN,10630412.668896403,15937261.258304307,0.2841456442821964,0.20980393886566162,0.3332833838518074
sp|P29144|TPP2_HUMAN,168700307.53302178,159729832.09804896,-0.1870653813214889,0.20980393886566162,0.3332833838518074
sp|Q9BSY4|CHCH5_HUMAN,474988.1752763445,620652.5087079012,0.2856579774753252,0.20980393886566162,0.3332833838518074
sp|P45974|UBP5_HUMAN,215737380.97035116,244434156.4389595,0.13892026971102872,0.20980393886566162,0.3332833838518074
sp|P78371|TCPB_HUMAN,82427193.20665695,78330017.669072,-0.1638732268297316,0.20980393886566162,0.3332833838518074
sp|O60674|JAK2_HUMAN,1901292.7528576322,1738065.6596590767,-0.17315947632340697,0.20980393886566162,0.3332833838518074
sp|A0A087WSY6|KVD15_HUMAN,108716863.97247855,114572512.01844057,0.31502165373406427,0.20980393886566162,0.3332833838518074
sp|P78417|GSTO1_HUMAN,171836819.53520533,223314426.4801437,0.3622446791385395,0.20980393886566162,0.3332833838518074
sp|Q13480|GAB1_HUMAN,6889500.690432376,7628862.399466364,0.0977320701063216,0.20980393886566162,0.3332833838518074
sp|Q13094|LCP2_HUMAN,7609391.413512043,11825965.921658171,0.3195888639382788,0.21827305853366852,0.3435527739924812
sp|P15336|ATF2_HUMAN,109107.66554656565,131638.38497503012,-0.13743828658657511,0.21827305853366852,0.3435527739924812
sp|O43150|ASAP2_HUMAN,4079769.226907615,5999204.575251065,0.24774921203481753,0.21827305853366852,0.3435527739924812
sp|Q86SQ0|PHLB2_HUMAN,6859340.095416477,7762983.527817558,0.1293502197922751,0.21827305853366852,0.3435527739924812
sp|Q6ZNL6|FGD5_HUMAN,1130241.5297639768,1274484.3212098372,0.22157343014854977,0.21827305853366852,0.3435527739924812
sp|P20290|BTF3_HUMAN,121138571.83967206,106311493.7732072,-0.21667333021951066,0.21827305853366852,0.3435527739924812
sp|Q9Y2J4|AMOL2_HUMAN,378468.80971867684,411225.55772448285,0.08556349814890374,0.21827305853366852,0.3435527739924812
sp|O15541|R113A_HUMAN,2775258.391498539,2577291.1811577096,-0.12991460372280056,0.21827305853366852,0.3435527739924812
sp|Q9NRG7|D39U1_HUMAN,208205.48420817807,189108.4248897519,-0.276436558118436,0.21827305853366852,0.3435527739924812
sp|O95372|LYPA2_HUMAN,30061278.429965906,45231402.54371854,0.7477928049619961,0.21827305853366852,0.3435527739924812
sp|P54577|SYYC_HUMAN,66239634.32607581,74822214.36754827,0.12490660412599654,0.21827305853366852,0.3435527739924812
sp|P51157|RAB28_HUMAN,204028796.66470212,227246121.6392152,0.1346238087194249,0.21827305853366852,0.3435527739924812
sp|O94830|DDHD2_HUMAN,9135781.41580524,10459841.42727908,0.225987346707686,0.21827305853366852,0.3435527739924812
sp|P02788|TRFL_HUMAN / sp|TRFL_HUMAN|P02788,179088635.73359823,636633648.392814,0.4070342659068323,0.21827305853366852,0.3435527739924812
sp|Q15437|SC23B_HUMAN,1494240.0767713287,1270723.2625102326,-0.2621172465204354,0.21827305853366852,0.3435527739924812
sp|Q15404|RSU1_HUMAN,138131539.31745598,149099308.64794287,0.06257620454190742,0.21827305853366852,0.3435527739924812
sp|Q9BVT8|TMUB1_HUMAN,3146245.3154379367,3817901.1280544563,0.14421507017885013,0.21827305853366852,0.3435527739924812
sp|Q9H074|PAIP1_HUMAN,50139666.65347622,34361531.235949375,-0.445715616475104,0.21827305853366852,0.3435527739924812
sp|P48643|TCPE_HUMAN,86513334.81571737,83597627.89449804,-0.18581033317219994,0.21827305853366852,0.3435527739924812
sp|P98164|LRP2_HUMAN,10301889.770644996,9513759.221507901,-0.11784191926799595,0.21827305853366852,0.3435527739924812
sp|HBA_HUMAN|P69905,232278642485.6148,358685047359.46875,0.0846540790402821,0.21827305853366852,0.3435527739924812
sp|Q6DD87|ZN787_HUMAN,940870.4937678509,1382925.3313736229,0.3784016264300396,0.21827305853366852,0.3435527739924812
sp|O00303|EIF3F_HUMAN,36124009.92812773,34379672.87757733,-0.1432368611271607,0.21827305853366852,0.3435527739924812
sp|Q9H694|BICC1_HUMAN,839339.6607893883,1033412.5716176622,0.3010923257833919,0.21827305853366852,0.3435527739924812
sp|Q96JY6|PDLI2_HUMAN,20158179.531763587,17847496.141236335,-0.2505130971222855,0.21827305853366852,0.3435527739924812
sp|Q9Y2C3|B3GT5_HUMAN,498930.5317565703,700807.0287263849,0.39188738049278565,0.21827305853366852,0.3435527739924812
sp|P78504|JAG1_HUMAN,356990.73010743887,428369.1926913345,0.26936942574952144,0.21827305853366852,0.3435527739924812
sp|P12259|FA5_HUMAN,7541389.073570718,8945760.352274647,0.1553095912358716,0.21827305853366852,0.3435527739924812
sp|P33240|CSTF2_HUMAN,21483492.466571353,23438816.12019333,0.10732428207125408,0.22697687149047852,0.35446209120820255
sp|Q8TBX8|PI42C_HUMAN,1420850.3273536172,1391943.3725865379,-0.19147599503614288,0.22697687149047852,0.35446209120820255
sp|P05154|IPSP_HUMAN,38262038.8897612,43974213.197487116,0.09044175743446749,0.22697687149047852,0.35446209120820255
sp|O43242|PSMD3_HUMAN,64847201.24961942,59058719.59533934,-0.25463806967804636,0.22697687149047852,0.35446209120820255
sp|P03952|KLKB1_HUMAN,287761470.3369056,262970279.666936,-0.5440169115082644,0.22697687149047852,0.35446209120820255
sp|O14686|KMT2D_HUMAN,6281172.3311454635,7507719.010102055,0.07602649073446102,0.22697687149047852,0.35446209120820255
sp|Q9HA64|KT3K_HUMAN,57002626.464219354,52031037.79812859,-0.15175797649108905,0.22697687149047852,0.35446209120820255
sp|Q16540|RM23_HUMAN,2051877.8667389653,2454729.679369461,-0.2761538630543746,0.22697687149047852,0.35446209120820255
sp|P28332|ADH6_HUMAN,136872356.0812512,135999653.49416223,-0.3335527726631538,0.22697687149047852,0.35446209120820255
sp|Q9UHW9|S12A6_HUMAN / sp|Q9UP95|S12A4_HUMAN / sp|Q9H2X9|S12A5_HUMAN,957944.8030839806,1020153.8597235094,0.08423537815804973,0.22697687149047852,0.35446209120820255
sp|P01023|A2MG_HUMAN,9836895539.388388,11481980494.068226,0.21390249511364637,0.22697687149047852,0.35446209120820255
sp|Q8NFZ8|CADM4_HUMAN,1432487.7463964329,1592759.2278266475,0.1399500841941321,0.22697687149047852,0.35446209120820255
sp|Q9HD42|CHM1A_HUMAN,3474790.877796084,4014748.7005454456,0.19643085261672447,0.22697687149047852,0.35446209120820255
sp|P49959|MRE11_HUMAN,22057393.288759805,23010595.37469026,0.05059623095510395,0.22697687149047852,0.35446209120820255
sp|Q8WU90|ZC3HF_HUMAN,9323720.159391249,10011179.761029689,0.11545604836769982,0.22697687149047852,0.35446209120820255
sp|P08559|ODPA_HUMAN,214179838.96358648,187753471.75016126,-0.33237273030776743,0.22697687149047852,0.35446209120820255
sp|P16989|YBOX3_HUMAN,47808304.670927145,53052925.81608223,0.11680043237751014,0.22697687149047852,0.35446209120820255
sp|O75431|MTX2_HUMAN,549760.8917130243,729486.490140396,0.3147513145139393,0.22697687149047852,0.35446209120820255
sp|Q9H1H9|KI13A_HUMAN,2900310.2580600125,2636588.5398918097,-0.13418479677626077,0.22697687149047852,0.35446209120820255
sp|Q9Y3X0|CCDC9_HUMAN,2351276.786264431,2584220.298028685,0.21059602146645012,0.22697687149047852,0.35446209120820255
sp|P11362|FGFR1_HUMAN,58491179.48398914,51163658.915889874,-0.38453856386607493,0.22697687149047852,0.35446209120820255
sp|P43304|GPDM_HUMAN,7940861.14295611,7367287.089495649,-0.3047185102062785,0.22697687149047852,0.35446209120820255
sp|O43447|PPIH_HUMAN,26693856.95597401,34147779.152150154,0.10994596531383952,0.22697687149047852,0.35446209120820255
sp|Q9Y2R5|RT17_HUMAN,5073172.351405405,4325181.967805072,-0.36905281556524283,0.22697687149047852,0.35446209120820255
sp|O00533|NCHL1_HUMAN,29476729.677870978,32986554.49968754,0.12959900862972476,0.23591722548007965,0.36392374319476123
sp|A0A075B6H9|LV469_HUMAN,19777954.01873433,23120468.07980937,0.19880973560516427,0.23591722548007965,0.36392374319476123
sp|P36873|PP1G_HUMAN,62254206.48760361,58915990.697711244,-0.06981829941565339,0.23591722548007965,0.36392374319476123
sp|Q9BXX0|EMIL2_HUMAN,50156867.780831575,45693540.84795342,-0.17669401475635332,0.23591722548007965,0.36392374319476123
sp|P62330|ARF6_HUMAN,4316116.788223593,4680757.687274789,0.017547728196668107,0.23591722548007965,0.36392374319476123
sp|Q9BRQ6|MIC25_HUMAN,2234664.950697564,2559709.8968947604,0.05758576424132831,0.23591722548007965,0.36392374319476123
sp|P78527|PRKDC_HUMAN,36837318.52897097,34361284.49272641,-0.11013225773591438,0.23591722548007965,0.36392374319476123
sp|P62136|PP1A_HUMAN,64844373.866940655,60713499.35282072,-0.08381223366898206,0.23591722548007965,0.36392374319476123
sp|Q9Y5Z4|HEBP2_HUMAN,382328651.31847703,471928433.9932377,0.09812567143977512,0.23591722548007965,0.36392374319476123
sp|P59665|DEF1_HUMAN,46742621.16704283,195702693.152174,0.44268198480619286,0.23591722548007965,0.36392374319476123
sp|P60033|CD81_HUMAN,37174570.439806975,33298504.08174279,-0.24988142701050034,0.23591722548007965,0.36392374319476123
sp|Q86VN1|VPS36_HUMAN,2314073.78923729,2594091.0318282833,0.15009363085743946,0.23591722548007965,0.36392374319476123
sp|P82970|HMGN5_HUMAN,1912313.594695456,2176049.645761009,0.09598013486923941,0.23591722548007965,0.36392374319476123
sp|O14672|ADA10_HUMAN,45937881.099990204,48689604.574388914,0.04721627078594998,0.23591722548007965,0.36392374319476123
sp|P31321|KAP1_HUMAN,14701947.512488503,16543361.376706025,0.1791512003311751,0.23591722548007965,0.36392374319476123
sp|Q9H845|ACAD9_HUMAN,32555851.34806133,29125529.79498478,-0.17544946435042139,0.23591722548007965,0.36392374319476123
sp|P24158|PRTN3_HUMAN,18435911.850076463,69692283.0639874,0.4429240222315605,0.23591722548007965,0.36392374319476123
sp|Q01546|K22O_HUMAN,1265830340.6939416,755958445.880091,-0.5508978361674715,0.23591722548007965,0.36392374319476123
sp|P60953|CDC42_HUMAN,134498960.8996907,156466666.88035956,0.160093581398082,0.23591722548007965,0.36392374319476123
sp|P05386|RLA1_HUMAN,138695383.03111774,135051683.09981412,-0.09747865542005714,0.23591722548007965,0.36392374319476123
sp|Q96IV0|NGLY1_HUMAN,12038590.639376791,14921877.472087378,0.22938729046934275,0.23591722548007965,0.36392374319476123
sp|O76003|GLRX3_HUMAN,8741223.200129453,10290683.376729935,0.1495100702244966,0.23591722548007965,0.36392374319476123
sp|Q13425|SNTB2_HUMAN,11456152.158772651,12219309.357454304,0.08101784324803864,0.23591722548007965,0.36392374319476123
sp|O95183|VAMP5_HUMAN,14053651.665199218,15689011.75613551,0.1345244698448176,0.23591722548007965,0.36392374319476123
sp|P01703|LV140_HUMAN,8470300.50779185,10555615.167854816,0.2375599592389214,0.23591722548007965,0.36392374319476123
sp|P01834|IGKC_HUMAN,11672338561.228226,12635152666.272657,0.16030977239087157,0.23591722548007965,0.36392374319476123
sp|O43294|TGFI1_HUMAN,45713797.74854183,40257115.604174875,-0.1334924909184716,0.23591722548007965,0.36392374319476123
sp|P15924|DESP_HUMAN,2472774.5702629653,2175382.4480311656,-0.18392954089698207,0.23591722548007965,0.36392374319476123
sp|Q13370|PDE3B_HUMAN,646773.193862342,946977.8460485812,0.3095914668609926,0.23591722548007965,0.36392374319476123
sp|P0DJG4|THEGL_HUMAN,5141134.575907211,4303959.848198635,-0.3225116797404,0.23591722548007965,0.36392374319476123
sp|P09668|CATH_HUMAN,23576206.38116924,30857072.285952516,0.1708641293997641,0.23591722548007965,0.36392374319476123
sp|P00748|FA12_HUMAN,219455664.66328716,192298176.349222,-0.4022872391703034,0.23591722548007965,0.36392374319476123
sp|Q6NUJ5|PWP2B_HUMAN,699284.8831984646,843266.9794622805,0.21830552686737506,0.23591722548007965,0.36392374319476123
sp|Q16204|CCDC6_HUMAN,34680198.995248504,36309867.79181317,0.0519380260656923,0.23591722548007965,0.36392374319476123
sp|O75436|VP26A_HUMAN,106887771.2839319,113480372.25369668,0.09198664579537523,0.23591722548007965,0.36392374319476123
sp|P08651|NFIC_HUMAN,20138681.110347237,29909974.365268204,0.0381713687278464,0.23591722548007965,0.36392374319476123
sp|Q9UKN8|TF3C4_HUMAN,5847214.45432026,8259121.706592192,0.2902682664337463,0.23591722548007965,0.36392374319476123
sp|Q92506|DHB8_HUMAN,36574778.59405638,31999266.19052874,-0.1411748252723038,0.23591722548007965,0.36392374319476123
sp|P98088|MUC5A_HUMAN,294902.70547205675,34520.56060118474,-2.2776121194276397,0.23919146020440007,0.3688559824938676
sp|Q96HS1|PGAM5_HUMAN,254039.33540858742,221442.50654779904,-0.24380156122500013,0.2450956031680107,0.374948613198369
sp|Q86V40|TIKI1_HUMAN,7471292.135083349,10180127.528336188,0.29846628487098936,0.2450956031680107,0.374948613198369
sp|P27797|CALR_HUMAN,402003129.29636806,357910512.7770745,-0.27919701591594986,0.2450956031680107,0.374948613198369
sp|Q13242|SRSF9_HUMAN,6810706.664852768,5726398.20558282,-0.3184810795411178,0.2450956031680107,0.374948613198369
sp|P13797|PLST_HUMAN,182792160.02104825,162014788.12962124,-0.2986438355597033,0.2450956031680107,0.374948613198369
sp|Q8TC12|RDH11_HUMAN,484987.6629680897,547515.588028292,0.08855972133072483,0.2450956031680107,0.374948613198369
sp|P48200|IREB2_HUMAN,4100663.7859842526,3948541.6867766273,-0.1336560115370429,0.2450956031680107,0.374948613198369
sp|Q13057|COASY_HUMAN,20218928.291711062,18901087.78421968,-0.3456793549105284,0.2450956031680107,0.374948613198369
sp|Q9NYU2|UGGG1_HUMAN,133641763.95051052,122708630.3283324,-0.1756120528276457,0.2450956031680107,0.374948613198369
sp|Q86XP3|DDX42_HUMAN,17760727.428628393,16031217.287361583,-0.11084373827298931,0.2450956031680107,0.374948613198369
sp|P10644|KAP0_HUMAN,46690251.38603286,40837219.727308534,-0.34119877999134285,0.2450956031680107,0.374948613198369
sp|Q6P4A8|PLBL1_HUMAN,4481973.236674272,6171440.64396587,0.22635540553010017,0.2450956031680107,0.374948613198369
sp|Q9H254|SPTN4_HUMAN,24877690.658646166,22811090.66992014,-0.09821510568848295,0.2450956031680107,0.374948613198369
sp|P0C7P4|UCRIL_HUMAN / sp|P47985|UCRI_HUMAN,8678659.694398696,9887993.362234434,0.16091725990659647,0.2450956031680107,0.374948613198369
sp|O75608|LYPA1_HUMAN,44325593.402340285,49151887.80864204,0.14396252160321094,0.2450956031680107,0.374948613198369
sp|P67936|TPM4_HUMAN,1831473183.1368032,1880279125.5360734,0.01599379720224264,0.2450956031680107,0.374948613198369
sp|Q6N063|OGFD2_HUMAN,97290.53341061785,126860.58544749898,-0.377962812565404,0.2450956031680107,0.374948613198369
sp|O60518|RNBP6_HUMAN / sp|O00410|IPO5_HUMAN,725227.224184056,1149168.224428101,0.7918937797393176,0.2450956031680107,0.374948613198369
sp|Q9BRQ0|PYGO2_HUMAN,748666.2155769094,688497.2541759092,-0.358948030899564,0.2450956031680107,0.374948613198369
sp|Q7Z2Q7|LRR70_HUMAN,383455.585219126,314380.81866718567,-1.0140797650606506,0.2450956031680107,0.374948613198369
sp|O14979|HNRDL_HUMAN,149868409.58255902,133346640.9740329,-0.28948541020073953,0.2450956031680107,0.374948613198369
sp|Q8NCM8|DYHC2_HUMAN,4947918.138726224,4571966.946233426,-0.060274886383117364,0.2450956031680107,0.374948613198369
sp|Q6ZNA5|FRRS1_HUMAN,2426073.5188801074,2970230.999760604,0.3285582605309071,0.2450956031680107,0.374948613198369
sp|Q9NR34|MA1C1_HUMAN,17072191.383995667,15748187.308327777,-0.4144178729105216,0.2450956031680107,0.374948613198369
sp|A0A0A0MT89|KJ01_HUMAN,8877778.089926194,10047211.420677083,0.20313820480326378,0.2450956031680107,0.374948613198369
sp|P11137|MTAP2_HUMAN,4342692.893144752,5074162.541630349,0.15336552368917822,0.25451332330703735,0.38542424693924654
sp|Q8IYS1|P20D2_HUMAN,491590.0132290314,411852.5464221974,-0.6459034573243496,0.25451332330703735,0.38542424693924654
sp|Q96SW2|CRBN_HUMAN,4565438.269459485,5008233.265219242,0.11851234358040348,0.25451332330703735,0.38542424693924654
sp|P06331|HV434_HUMAN,112293740.31154983,123488495.28595486,0.18390637227015003,0.25451332330703735,0.38542424693924654
sp|Q6ZT62|BGIN_HUMAN,4657297.808991325,5690868.431728021,0.22148699316756762,0.25451332330703735,0.38542424693924654
sp|P53367|ARFP1_HUMAN,18278398.757155385,19950664.776155405,0.0844053625633894,0.25451332330703735,0.38542424693924654
sp|Q16769|QPCT_HUMAN,4001166.454038919,5287021.33150193,0.44919166214008577,0.25451332330703735,0.38542424693924654
sp|Q13576|IQGA2_HUMAN,1070303.9399666088,1213787.6475875303,0.12352838471054703,0.25451332330703735,0.38542424693924654
sp|Q16555|DPYL2_HUMAN,1950515072.9393117,2097946446.1828725,0.06147682060239606,0.25451332330703735,0.38542424693924654
sp|Q9UNW1|MINP1_HUMAN,5019331.7910878295,6254941.211934575,0.18675909455827497,0.25451332330703735,0.38542424693924654
sp|Q9NXR7|BABA2_HUMAN,446873.1816930457,588241.2701097116,0.31697318361959326,0.25451332330703735,0.38542424693924654
sp|P07947|YES_HUMAN,76735675.70983878,70658441.94370659,-0.14752917581765387,0.25451332330703735,0.38542424693924654
sp|P07954|FUMH_HUMAN,329210549.16163236,361861059.22678953,0.05818530489553221,0.25451332330703735,0.38542424693924654
sp|P45877|PPIC_HUMAN,4916607.54292974,4481851.825615972,-0.2956386453829675,0.25451332330703735,0.38542424693924654
sp|P61201|CSN2_HUMAN,11246782.398530377,13455409.269982655,0.16750295259805373,0.25451332330703735,0.38542424693924654
sp|Q8TCT9|HM13_HUMAN,1338450.3658905344,1181108.0287264755,-0.30969920170522514,0.25451332330703735,0.38542424693924654
sp|O94874|UFL1_HUMAN,7444745.172172732,5809398.045296268,-0.7478631372967142,0.25451332330703735,0.38542424693924654
sp|PPIA_HUMAN|P62937,2461534404.428429,2919437980.028249,0.13932279573334988,0.25451332330703735,0.38542424693924654
sp|Q8NFC6|BD1L1_HUMAN,7120755.121293529,6431179.317651088,-0.22339794324358894,0.25451332330703735,0.38542424693924654
sp|Q9NX08|COMD8_HUMAN,105695.63284209612,129813.3874826011,-0.7698445366240926,0.25451332330703735,0.38542424693924654
sp|O14773|TPP1_HUMAN,169633277.33409518,154632313.46598735,-0.20191619213566817,0.25451332330703735,0.38542424693924654
sp|Q9GZN8|CT027_HUMAN,7144982.410915622,8916477.516193602,0.16901002536641802,0.25451332330703735,0.38542424693924654
sp|Q8IX05|CD302_HUMAN,848721.6520536465,730628.0633740909,-0.3006391036737285,0.25451332330703735,0.38542424693924654
sp|P14923|PLAK_HUMAN,30654092.162547715,28729717.05379395,-0.14500397328922118,0.25451332330703735,0.38542424693924654
sp|O95050|INMT_HUMAN,214034.79697384493,137891.07113936296,-2.6758347650959218,0.25451332330703735,0.38542424693924654
sp|Q9P1Z2|CACO1_HUMAN,3583695.6201091153,3368044.9453498037,-0.18374742357016124,0.25451332330703735,0.38542424693924654
sp|P01871|IGHM_HUMAN,2469874726.778765,2788866599.117226,0.09798517720945006,0.25451332330703735,0.38542424693924654
sp|Q92520|FAM3C_HUMAN,9164811.544209987,11621115.334838588,-0.24280813542686433,0.25451332330703735,0.38542424693924654
sp|P05089|ARGI1_HUMAN,17950812.180211317,24366514.748777706,0.14340255762716453,0.25451332330703735,0.38542424693924654
sp|O95544|NADK_HUMAN,2678365.3714035535,2956725.032089767,0.14202337536389315,0.25451332330703735,0.38542424693924654
sp|Q9NWV8|BABA1_HUMAN,7873408.603817071,9056683.773487046,0.12619660621608259,0.25451332330703735,0.38542424693924654
sp|Q9Y2E6|DTX4_HUMAN,1858026.6204865037,1713386.9148807102,-0.291016853552757,0.25451332330703735,0.38542424693924654
sp|P35625|TIMP3_HUMAN,4656488.200502587,4579852.221353987,-0.06736567538403573,0.26417163759469986,0.3966707411817787
sp|Q8IZ83|A16A1_HUMAN,65653341.44872569,73404016.26211505,0.09122417081514962,0.26417163759469986,0.3966707411817787
sp|P20073|ANXA7_HUMAN,45066783.65807944,49585859.49320153,0.10668549999734633,0.26417163759469986,0.3966707411817787
sp|Q86YW9|MD12L_HUMAN,1107617.9930994862,1298896.849965506,0.3849732249417424,0.26417163759469986,0.3966707411817787
sp|O96005|CLPT1_HUMAN,5291740.292315756,3940222.610881202,-0.850849209345586,0.26417163759469986,0.3966707411817787
sp|Q9Y426|C2CD2_HUMAN,137963.16068190098,188263.68452487056,0.3189840902044318,0.26417163759469986,0.3966707411817787
sp|A0A075B6I9|LV746_HUMAN,127433906.26883833,152765864.61434755,0.16287555858949276,0.26417163759469986,0.3966707411817787
sp|P52657|T2AG_HUMAN,1461583.663696158,1226633.492580818,-0.6301021926739818,0.26417163759469986,0.3966707411817787
sp|Q9Y3M8|STA13_HUMAN,697276.5671976277,980912.7704299588,0.4074032291035178,0.26417163759469986,0.3966707411817787
sp|Q10588|BST1_HUMAN,40580309.20681708,36006086.71160109,-0.18788298482025706,0.26417163759469986,0.3966707411817787
sp|Q86UE4|LYRIC_HUMAN,22310103.04484671,24659946.226993684,0.11645048502547846,0.26417163759469986,0.3966707411817787
sp|Q8N8R5|CB069_HUMAN,569533.863744247,638492.8664408268,0.11027208319984272,0.26417163759469986,0.3966707411817787
sp|Q8NAT2|TDRD5_HUMAN,1774984.7109547507,1570005.390024822,-0.14669794747845752,0.26417163759469986,0.3966707411817787
sp|Q08426|ECHP_HUMAN,397879.26873726107,336510.58724124957,-0.29629306714610415,0.26417163759469986,0.3966707411817787
sp|Q6ZVF9|GRIN3_HUMAN,22503995.657834828,31767981.151040357,0.3503135684611892,0.26417163759469986,0.3966707411817787
sp|Q15435|PP1R7_HUMAN,90578327.0103055,84331117.88385037,-0.09476656655060389,0.26417163759469986,0.3966707411817787
sp|P48634|PRC2A_HUMAN,9944776.41082042,11494293.147292348,0.13649196285047868,0.26417163759469986,0.3966707411817787
sp|P48426|PI42A_HUMAN,37870828.931637585,34782104.67653319,-0.4827960782973141,0.26417163759469986,0.3966707411817787
sp|Q9BUP0|EFHD1_HUMAN,6763030.845173212,6483917.228749076,-0.1410574011622676,0.26417163759469986,0.3966707411817787
sp|P82664|RT10_HUMAN,864703.7223376629,1261535.7006403927,0.37546371249710714,0.26417163759469986,0.3966707411817787
sp|A0A0C4DH32|HV320_HUMAN,326749595.5584513,362674347.56543887,0.16050295734854295,0.26417163759469986,0.3966707411817787
sp|B5ME19|EIFCL_HUMAN / sp|Q99613|EIF3C_HUMAN,9956647.212521574,8896592.51608429,-0.14839376914896443,0.26417163759469986,0.3966707411817787
sp|Q99571|P2RX4_HUMAN,477730.19033910555,588723.0751205813,0.17793575046280316,0.26417163759469986,0.3966707411817787
sp|P55327|TPD52_HUMAN,6667592.131312004,7206437.771033951,0.08455590678501035,0.26417163759469986,0.3966707411817787
sp|Q96KN2|CNDP1_HUMAN,13311265.16936949,15855706.531351881,0.18192587397487475,0.26417163759469986,0.3966707411817787
sp|Q9NTX7|RN146_HUMAN,2568282.5012058215,2914446.1426453763,0.10104071833895352,0.26417163759469986,0.3966707411817787
sp|Q96TA1|NIBA2_HUMAN,3413809.7692905744,3990201.7622758723,-0.11820545776226085,0.26417163759469986,0.3966707411817787
sp|Q9BZL1|UBL5_HUMAN,7793574.541883044,6467635.052503432,-0.32134370942466045,0.27407141774892807,0.408341736658524
sp|P59666|DEF3_HUMAN,52705093.293965034,189997003.31532425,0.33777915883200343,0.27407141774892807,0.408341736658524
sp|P62491|RB11A_HUMAN / sp|Q15907|RB11B_HUMAN,202667266.86571735,215981316.43772444,0.06973841423445416,0.27407141774892807,0.408341736658524
sp|O95336|6PGL_HUMAN,328045498.46015865,310904978.30628794,-0.09908136245229307,0.27407141774892807,0.408341736658524
sp|Q53H96|P5CR3_HUMAN,7334135.366758759,7201826.873040595,-0.17763735379756782,0.27407141774892807,0.408341736658524
sp|Q96AT9|RPE_HUMAN,42452059.98504241,39466309.535099246,-0.13122776178785386,0.27407141774892807,0.408341736658524
sp|Q53T59|H1BP3_HUMAN,15510240.706739185,14591348.378031742,-0.09946966708416406,0.27407141774892807,0.408341736658524
sp|Q15126|PMVK_HUMAN,7836494.48724115,8705258.039521756,0.1367258982202754,0.27407141774892807,0.408341736658524
sp|P62258|1433E_HUMAN,1036025796.8217605,1089574761.8019633,0.05414121474334253,0.27407141774892807,0.408341736658524
sp|Q9Y6G9|DC1L1_HUMAN,2035147.569891338,2285417.9713581037,0.171693060118957,0.27407141774892807,0.408341736658524
sp|Q9UNH7|SNX6_HUMAN,19945823.294402786,21545241.796610016,0.11598997830111113,0.27407141774892807,0.408341736658524
sp|P07205|PGK2_HUMAN,741955845.4029032,692870195.7546625,-0.07857686149797491,0.27407141774892807,0.408341736658524
sp|Q14258|TRI25_HUMAN,15826360.603592739,14327685.227788955,-0.15589548689320348,0.27407141774892807,0.408341736658524
sp|P35558|PCKGC_HUMAN,85827870.71641816,114331429.1545238,0.20682757889731818,0.27407141774892807,0.408341736658524
sp|Q9H307|PININ_HUMAN,792492.101432717,1384303.9010475627,-0.5575937331152029,0.27407141774892807,0.408341736658524
sp|Q00G26|PLIN5_HUMAN,6872456.484981556,7961467.51293758,0.15098800538743926,0.27407141774892807,0.408341736658524
sp|Q8WWM7|ATX2L_HUMAN,4182611.811785787,4512646.516692231,0.08861309297327528,0.27407141774892807,0.408341736658524
sp|P28161|GSTM2_HUMAN,287605927.7935588,279524282.0121995,-0.3062877643724708,0.27407141774892807,0.408341736658524
sp|O60884|DNJA2_HUMAN,17995145.067302834,16523490.551934391,-0.13463292135159313,0.27407141774892807,0.408341736658524
sp|Q92575|UBXN4_HUMAN,741792.7961304793,662599.5502098097,-0.1962494511131352,0.27407141774892807,0.408341736658524
sp|P09661|RU2A_HUMAN,12199081.464602541,11541237.837775972,-0.11013178282424997,0.27407141774892807,0.408341736658524
sp|P33176|KINH_HUMAN,41106829.33644724,44666900.543627515,0.10557327108835715,0.27407141774892807,0.408341736658524
sp|O14579|COPE_HUMAN,13828324.750905547,15101545.161766872,0.08824030487079626,0.27407141774892807,0.408341736658524
sp|O00571|DDX3X_HUMAN,12272966.668294517,13920205.601217749,0.1505294261729138,0.27407141774892807,0.408341736658524
sp|O14613|BORG1_HUMAN,4282770.419947409,4868687.45309383,0.18341262777957887,0.27407141774892807,0.408341736658524
sp|Q9GZV5|WWTR1_HUMAN,4503630.421729584,4887433.816735825,0.07294670716165354,0.2842133492231369,0.4189004493003176
sp|Q9H772|GREM2_HUMAN / sp|O60565|GREM1_HUMAN,1533817.9567642242,2158439.4227922834,0.4908056036283215,0.2842133492231369,0.4189004493003176
sp|O60888|CUTA_HUMAN,32489208.331009608,36927512.71624659,0.13375164958591473,0.2842133492231369,0.4189004493003176
sp|Q9UNF1|MAGD2_HUMAN,8623269.766290126,9392481.70413754,0.10887265995202901,0.2842133492231369,0.4189004493003176
sp|O14936|CSKP_HUMAN,52999920.45655129,64225197.90293317,0.3702934139590998,0.2842133492231369,0.4189004493003176
sp|A0A0B4J2D9|KVD13_HUMAN / sp|P0DP09|KV113_HUMAN,17954825.17599193,19700136.44765178,0.48150052976842506,0.2842133492231369,0.4189004493003176
sp|O94856|NFASC_HUMAN,1668771.5386656928,1969349.139019043,0.18971891290048923,0.2842133492231369,0.4189004493003176
sp|A0A0B4J1X5|HV374_HUMAN,973020490.9479601,1071327371.5108175,0.15660582857457853,0.2842133492231369,0.4189004493003176
sp|P11908|PRPS2_HUMAN,62085517.48107643,60020847.96803583,-0.10424875039440733,0.2842133492231369,0.4189004493003176
sp|P06310|KV230_HUMAN,135130183.72503516,159605583.80647832,0.18663437321540335,0.2842133492231369,0.4189004493003176
sp|Q9H0R6|GATA_HUMAN,1234341.1660479463,1333702.5908644162,-0.362441056229439,0.2842133492231369,0.4189004493003176
sp|A0A0C4DH43|HV70D_HUMAN,61508491.3622305,67585902.60943985,0.17913194590997136,0.2842133492231369,0.4189004493003176
sp|Q13217|DNJC3_HUMAN,4097093.662532616,4491886.596064275,0.13465881147801828,0.2842133492231369,0.4189004493003176
sp|Q9H892|TTC12_HUMAN,18382056.539497167,17296344.458253894,-0.1176127423943861,0.2842133492231369,0.4189004493003176
sp|Q9Y265|RUVB1_HUMAN,60993514.1572367,56435653.48514446,-0.19324031316757498,0.2842133492231369,0.4189004493003176
sp|P04732|MT1E_HUMAN,13404147.787073756,17658575.97641745,0.15004873219640727,0.2842133492231369,0.4189004493003176
sp|P30085|KCY_HUMAN,120376199.84630935,131214847.90758047,0.09206866558661399,0.2842133492231369,0.4189004493003176
sp|Q01085|TIAR_HUMAN,38835811.90424352,41487154.773738675,0.09912899949216045,0.2842133492231369,0.4189004493003176
sp|Q9BZK3|NACP4_HUMAN,9782538.432921063,9767644.586399686,-0.05050388209360345,0.2842133492231369,0.4189004493003176
sp|P24752|THIL_HUMAN,362489832.6073904,335186936.99898225,-0.11095573355246412,0.2842133492231369,0.4189004493003176
sp|Q96QC0|PP1RA_HUMAN,6634993.828284721,4752725.235446582,-0.5548142789741676,0.2842133492231369,0.4189004493003176
sp|Q14019|COTL1_HUMAN,81623057.76754929,92532521.02961527,0.11583861061103613,0.2842133492231369,0.4189004493003176
sp|O75306|NDUS2_HUMAN,15854471.89680526,17858978.073639058,0.15241937432057523,0.2842133492231369,0.4189004493003176
sp|Q9H4A3|WNK1_HUMAN,3729969.992102395,3305601.6430239147,-0.20830147910406382,0.2842133492231369,0.4189004493003176
sp|P22059|OSBP1_HUMAN / sp|Q969R2|OSBP2_HUMAN,1871265.4892344612,2274341.2093710904,0.07151241105308247,0.2842133492231369,0.4189004493003176
sp|Q9NX57|RAB20_HUMAN,3928506.3227654435,4275191.2646745555,0.10055071358893587,0.2842133492231369,0.4189004493003176
sp|P78330|SERB_HUMAN,1037270.2416947791,1008827.2762694937,-0.35311247618151753,0.2842133492231369,0.4189004493003176
sp|Q5D862|FILA2_HUMAN,254422.98028027648,263861.3760171898,-0.004088402576910778,0.2842133492231369,0.4189004493003176
sp|P08133|ANXA6_HUMAN,392314792.2834453,366968195.3407308,-0.19776065363471432,0.2842133492231369,0.4189004493003176
sp|Q9HCJ6|VAT1L_HUMAN,5380549.239961034,6154726.993841098,0.18000253536326774,0.2842133492231369,0.4189004493003176
sp|P48728|GCST_HUMAN,718210.6575394023,644466.7573633876,-0.19525440584916068,0.2842133492231369,0.4189004493003176
sp|Q9HB40|RISC_HUMAN,31568819.937538326,36540569.35240558,0.13248163326634277,0.2842133492231369,0.4189004493003176
sp|Q9H6R3|ACSS3_HUMAN,71159338.03611216,76124906.86887065,0.047278878394685774,0.2842133492231369,0.4189004493003176
sp|Q9Y3C6|PPIL1_HUMAN,212843594.43521452,188370093.53419212,-0.2322479606100287,0.2842133492231369,0.4189004493003176
sp|P52298|NCBP2_HUMAN,40056339.584128,31675468.321591847,-0.33540231274328597,0.2842133492231369,0.4189004493003176
sp|O95630|STABP_HUMAN,21176480.90736711,23719194.70886414,0.1279601179609605,0.2945980280637741,0.43050424381183067
sp|Q6ICL3|TNG2_HUMAN,35333908.55726772,47202984.395535514,0.22778264555789285,0.2945980280637741,0.43050424381183067
sp|P14136|GFAP_HUMAN,1060728285.0025351,1139451795.1707654,0.08511757947084267,0.2945980280637741,0.43050424381183067
sp|P05155|IC1_HUMAN,1375673064.3890762,1544074560.8577943,0.14780671337848933,0.2945980280637741,0.43050424381183067
sp|Q9ULE6|PALD_HUMAN,7504003.88150166,6697615.341392921,-0.24330046436183864,0.2945980280637741,0.43050424381183067
sp|Q9BYD6|RM01_HUMAN,1466199.6884175912,1744989.0875652514,0.2088637340267821,0.2945980280637741,0.43050424381183067
sp|Q3KQV9|UAP1L_HUMAN,15074968.373253388,17064028.8656693,0.19231871740164636,0.2945980280637741,0.43050424381183067
sp|O43847|NRDC_HUMAN,37623894.25454767,40788742.87044606,0.0725702895030574,0.2945980280637741,0.43050424381183067
sp|Q9NP98|MYOZ1_HUMAN,22374615.137143772,30126566.843805183,0.24520908116462856,0.2945980280637741,0.43050424381183067
sp|P53804|TTC3_HUMAN,8587798.686545482,7375020.951542218,-0.1280115193728713,0.2945980280637741,0.43050424381183067
sp|Q9UIQ6|LCAP_HUMAN,25081942.177804448,23665508.70297253,-0.09017594340633563,0.2945980280637741,0.43050424381183067
sp|Q13098|CSN1_HUMAN,186590.12621825284,203962.42467550174,0.1946467987108427,0.2945980280637741,0.43050424381183067
sp|P01011|AACT_HUMAN,869484061.1212633,751173293.9792885,-0.18292193200625687,0.2945980280637741,0.43050424381183067
sp|O94966|UBP19_HUMAN,484519.4804564434,565674.6416644383,0.20040588225027509,0.2945980280637741,0.43050424381183067
sp|Q9UK55|ZPI_HUMAN,7178195.707621629,10260924.819532977,0.18179085676011816,0.2945980280637741,0.43050424381183067
sp|Q9NPH0|PPA6_HUMAN,3375100.081343524,7294284.291762824,0.6825937352868825,0.2945980280637741,0.43050424381183067
sp|Q86UQ4|ABCAD_HUMAN,5329593.959252315,6579938.274828372,0.3300871071990891,0.2945980280637741,0.43050424381183067
sp|Q16363|LAMA4_HUMAN,675972263.5890921,635598219.3884919,-0.1101417195504574,0.2945980280637741,0.43050424381183067
sp|P35573|GDE_HUMAN,328588520.8448991,364262066.5637633,0.046888290378021225,0.2945980280637741,0.43050424381183067
sp|P61020|RAB5B_HUMAN,38400905.17367705,41246102.517491065,0.09347348598268213,0.2945980280637741,0.43050424381183067
sp|P46736|BRCC3_HUMAN,47970358.015239574,45463717.33054704,-0.13572680916915708,0.2945980280637741,0.43050424381183067
sp|Q9H6Z4|RANB3_HUMAN,18086904.23248557,17313261.660536494,-0.07839799470344225,0.2945980280637741,0.43050424381183067
sp|P82909|RT36_HUMAN,14849378.208558092,16368161.687056484,0.2309640743775753,0.2945980280637741,0.43050424381183067
sp|Q6DD88|ATLA3_HUMAN,14665183.020000499,16376573.389576662,0.060837531196710495,0.2945980280637741,0.43050424381183067
sp|P12268|IMDH2_HUMAN,90650229.18813924,96970406.0539482,0.112087580456768,0.2945980280637741,0.43050424381183067
sp|O75489|NDUS3_HUMAN,17490233.207871925,16372764.927353242,-0.09240208977480331,0.2945980280637741,0.43050424381183067
sp|P80511|S10AC_HUMAN,492510.7153967287,1117828.96408233,0.3855413319470929,0.2945980280637741,0.43050424381183067
sp|P08582|TRFM_HUMAN,2815884.507327754,3138661.27858765,0.14441526919109254,0.2945980280637741,0.43050424381183067
sp|P09871|C1S_HUMAN,302708567.203462,271100574.1155484,-0.33248523803194996,0.3052256628870964,0.4417303848598238
sp|Q86XN8|MEX3D_HUMAN,9659515.350675952,8296301.411666327,-0.42256788277469653,0.3052256628870964,0.4417303848598238
sp|P26038|MOES_HUMAN,2194735940.686193,1950178404.521011,-0.2915019908908071,0.3052256628870964,0.4417303848598238
sp|P05160|F13B_HUMAN,85905447.24747212,111186081.46503124,0.21001335247096492,0.3052256628870964,0.4417303848598238
sp|Q9H492|MLP3A_HUMAN,9270019.491336115,8624015.539541332,-0.1558919987013212,0.3052256628870964,0.4417303848598238
sp|Q12860|CNTN1_HUMAN,486237.6984778638,443060.8434588082,-0.18709094772665694,0.3052256628870964,0.4417303848598238
sp|Q8NE71|ABCF1_HUMAN,9355609.264111135,8668412.241423396,-0.1369775715434465,0.3052256628870964,0.4417303848598238
sp|P01718|LV327_HUMAN,29698661.616127994,33081108.829092707,0.1769812285009855,0.3052256628870964,0.4417303848598238
sp|O95260|ATE1_HUMAN,11768902.990378967,10908371.032474428,-0.12960638597604288,0.3052256628870964,0.4417303848598238
sp|P01593|KVD33_HUMAN / sp|P01594|KV133_HUMAN,35537318.70224256,36163827.91535779,0.13341878898178955,0.3052256628870964,0.4417303848598238
sp|Q9H2G2|SLK_HUMAN,4195041.7195674805,3827616.6825255468,-0.19356841758468554,0.3052256628870964,0.4417303848598238
sp|Q08380|LG3BP_HUMAN,192596777.84145263,196877452.9717078,0.040833643275010635,0.3052256628870964,0.4417303848598238
sp|Q96AT1|K1143_HUMAN,3026833.7380642346,3246373.2352857185,0.12545189320981429,0.3052256628870964,0.4417303848598238
sp|P19823|ITIH2_HUMAN,972637236.2962986,920662174.7906135,-0.43755966737622476,0.3052256628870964,0.4417303848598238
sp|Q9HD47|MOG1_HUMAN,1646576.6255096595,1778962.3394058733,0.10737946594372182,0.3052256628870964,0.4417303848598238
sp|Q9BQA1|MEP50_HUMAN,36584090.234261215,32780814.813997816,-0.25164922055747163,0.3052256628870964,0.4417303848598238
sp|Q02985|FHR3_HUMAN,59841354.955278896,69687490.4940282,0.15701454990460775,0.3052256628870964,0.4417303848598238
sp|P50336|PPOX_HUMAN,1624348.8736684893,1443633.801817126,-0.2570935216586218,0.3052256628870964,0.4417303848598238
sp|Q14699|RFTN1_HUMAN,8661204.974578174,7809484.434028943,-0.15663554849456446,0.3052256628870964,0.4417303848598238
sp|Q15582|BGH3_HUMAN,165206880.7698107,200091681.8716731,0.13274486590057855,0.3052256628870964,0.4417303848598238
sp|O75914|PAK3_HUMAN,8763468.22543176,9708805.870344928,0.13330665487298177,0.3052256628870964,0.4417303848598238
sp|P02774|VTDB_HUMAN,2167563744.819033,2429446624.910799,0.13621700857290361,0.3052256628870964,0.4417303848598238
sp|P28838|AMPL_HUMAN,702456469.5195072,660634584.5859149,-0.1350923916159999,0.3052256628870964,0.4417303848598238
sp|P13807|GYS1_HUMAN,45981203.41154583,42426994.41410043,-0.12130278753052173,0.3052256628870964,0.4417303848598238
sp|Q86UP2|KTN1_HUMAN,116819657.93903658,121566156.09978744,0.04461943998715349,0.3052256628870964,0.4417303848598238
sp|O14807|RASM_HUMAN,10356876.915276462,11591214.265337726,0.10826159655873598,0.3052256628870964,0.4417303848598238
sp|Q96AB3|ISOC2_HUMAN,78057528.52829632,80841627.56958486,0.043784005277088985,0.3052256628870964,0.4417303848598238
sp|P05114|HMGN1_HUMAN,7089131.4134168895,6418276.395159388,-0.20333413429773145,0.3052256628870964,0.4417303848598238
sp|P49585|PCY1A_HUMAN / sp|Q9Y5K3|PCY1B_HUMAN,799578.5575779817,888092.1827120652,0.17622332253426404,0.3052256628870964,0.4417303848598238
sp|Q8N635|MEIOB_HUMAN,11583314.211319521,9851473.601050796,-0.23566399265236435,0.3052256628870964,0.4417303848598238
sp|Q8N0U8|VKORL_HUMAN,22020414.34543269,20177039.20373168,-0.2054098309667462,0.3052256628870964,0.4417303848598238
sp|Q9BWS9|CHID1_HUMAN,9484732.464817824,8490730.56726884,-0.21792452401847115,0.3052256628870964,0.4417303848598238
sp|Q9UKM7|MA1B1_HUMAN,1068298.0825106439,930006.0328952927,-0.14058667092176091,0.3160962611436844,0.45322556236287465
sp|Q99426|TBCB_HUMAN,46896055.82055364,41662156.95482566,-0.20566448320390024,0.3160962611436844,0.45322556236287465
sp|P53992|SC24C_HUMAN,4149933.1646175394,3912557.4141973928,-0.1076907315057358,0.3160962611436844,0.45322556236287465
sp|Q8WW12|PCNP_HUMAN,24254826.419751663,23302341.94663044,-0.1511771300787392,0.3160962611436844,0.45322556236287465
sp|Q9H8Y8|GORS2_HUMAN,28636044.23967887,30452981.35373316,0.024988293128153812,0.3160962611436844,0.45322556236287465
sp|Q9NXG0|CNTLN_HUMAN,37642319.383062765,42825235.588246055,0.07243643541402853,0.3160962611436844,0.45322556236287465
sp|P36959|GMPR1_HUMAN,62500898.5510041,84907948.43720017,0.26829413413967884,0.3160962611436844,0.45322556236287465
sp|Q15262|PTPRK_HUMAN,2450396.6829022397,2777757.9809025405,0.13118366217608982,0.3160962611436844,0.45322556236287465
sp|P20827|EFNA1_HUMAN,492910.9253714791,416324.2696686398,-1.5889647619290428,0.3160962611436844,0.45322556236287465
sp|Q99972|MYOC_HUMAN,1171082.3152910543,1649886.2734546124,0.20171051027047504,0.3160962611436844,0.45322556236287465
sp|O00505|IMA4_HUMAN,304799.5486368718,336665.9366342924,-0.1000299811169181,0.3160962611436844,0.45322556236287465
sp|Q8IWI9|MGAP_HUMAN,60661961.115428485,82463420.66828676,0.47790570806323956,0.3160962611436844,0.45322556236287465
sp|Q96I24|FUBP3_HUMAN,114717856.8908436,105972748.26576681,-0.11821215729738214,0.3160962611436844,0.45322556236287465
sp|P32321|DCTD_HUMAN,26153359.57568282,26981681.98135961,0.07142159169567859,0.3160962611436844,0.45322556236287465
sp|Q07075|AMPE_HUMAN,3905404.916696873,5238055.817284426,0.2986758576759107,0.3160962611436844,0.45322556236287465
sp|Q9BWP8|COL11_HUMAN,778557.6804238051,889348.4576557747,0.17217058795024306,0.3160962611436844,0.45322556236287465
sp|P46439|GSTM5_HUMAN,129497873.24873476,139715903.51893395,-0.12299350814447785,0.3160962611436844,0.45322556236287465
sp|Q8N766|EMC1_HUMAN,5857180.794128436,5533285.921455572,-0.10499628974527897,0.3160962611436844,0.45322556236287465
sp|O14530|TXND9_HUMAN,171818.82008145197,134843.25857440467,0.1605108125830324,0.3160962611436844,0.45322556236287465
sp|O43633|CHM2A_HUMAN,4340778.255957524,4899209.298730938,0.1494009705053434,0.3160962611436844,0.45322556236287465
sp|Q6P1N0|C2D1A_HUMAN,7432121.688305167,8119484.555119297,0.11486956366436095,0.3160962611436844,0.45322556236287465
sp|Q9Y4F1|FARP1_HUMAN,4636743.430487597,5509092.594330545,0.20292795080340045,0.3160962611436844,0.45322556236287465
sp|Q8N9N7|LRC57_HUMAN,12792864.998247357,14421106.186154995,0.032559609474406816,0.3160962611436844,0.45322556236287465
sp|Q14697|GANAB_HUMAN,921180126.6697264,811844665.2894434,-0.302688376208886,0.3160962611436844,0.45322556236287465
sp|Q70E73|RAPH1_HUMAN,4788336.908933975,5746610.362636029,0.3089918387851861,0.3160962611436844,0.45322556236287465
sp|P0CG39|POTEJ_HUMAN,3646180517.5659103,4223412187.85667,0.14780615427084293,0.3160962611436844,0.45322556236287465
sp|P68363|TBA1B_HUMAN,538838885.0715023,597556451.4876944,0.07161635904738947,0.3160962611436844,0.45322556236287465
sp|O43488|ARK72_HUMAN,251592594.9703905,240295375.9852871,-0.10232318608196754,0.3160962611436844,0.45322556236287465
sp|Q9BSH4|TACO1_HUMAN,29814031.822875224,25453275.840561148,-0.4246374581403249,0.3160962611436844,0.45322556236287465
sp|Q9Y3B3|TMED7_HUMAN,11679088.902454713,12782790.074874224,0.04482838658747872,0.3160962611436844,0.45322556236287465
sp|Q14696|MESD_HUMAN,22980709.19747872,25084181.910013717,0.06267486765762466,0.3160962611436844,0.45322556236287465
sp|Q9UPY8|MARE3_HUMAN,1472840.451202784,1985156.9825528082,-0.048994214994078314,0.3272097110748291,0.46540586942741696
sp|Q9Y5X3|SNX5_HUMAN,14300301.74335259,13338748.245242838,-0.10494958041189618,0.3272097110748291,0.46540586942741696
sp|Q9NR16|C163B_HUMAN,27446727.53597414,29671441.91525134,0.0715027724036179,0.3272097110748291,0.46540586942741696
sp|Q9Y6X5|ENPP4_HUMAN,6081244.198713885,6154199.661409034,-0.15232688267410005,0.3272097110748291,0.46540586942741696
sp|Q9UN74|PCDA4_HUMAN,558468.5971831224,504741.8894967832,-0.19265265845308924,0.3272097110748291,0.46540586942741696
sp|A0A075B6H7|KV37_HUMAN,25875277.907860283,31662543.059488077,0.138368617271153,0.3272097110748291,0.46540586942741696
sp|P48729|KC1A_HUMAN,3076118.034692838,2828372.3006169116,-0.330281304498729,0.3272097110748291,0.46540586942741696
sp|O95428|PPN_HUMAN,17427404.227623112,15547955.098558867,-0.13324183695043884,0.3272097110748291,0.46540586942741696
sp|P48507|GSH0_HUMAN,17919350.38969786,23157195.42531776,0.11753908994090713,0.3272097110748291,0.46540586942741696
sp|Q16854|DGUOK_HUMAN,3965951.1105307722,3432737.3127469565,-0.19860463320776764,0.3272097110748291,0.46540586942741696
sp|P20839|IMDH1_HUMAN,43063997.81976534,46060623.75265343,0.07905628418396063,0.3272097110748291,0.46540586942741696
sp|O75223|GGCT_HUMAN,56795102.63576705,63216890.02636831,0.10455181071500012,0.3272097110748291,0.46540586942741696
sp|A0A075B6I1|LV460_HUMAN,977859.9836754095,1818638.631231355,0.4274859334186746,0.3272097110748291,0.46540586942741696
sp|Q15413|RYR3_HUMAN,1038404.9578584408,1220983.517270767,0.2759341796388396,0.3272097110748291,0.46540586942741696
sp|Q68DQ2|CRBG3_HUMAN,6567770.652308531,6040485.131321354,-0.13362847187243937,0.3272097110748291,0.46540586942741696
sp|P28065|PSB9_HUMAN,51994343.46422409,47391673.42216742,-0.2236743492935535,0.3272097110748291,0.46540586942741696
sp|A0AV96|RBM47_HUMAN,579717.1925927254,482096.15744014125,-0.190840847955186,0.3272097110748291,0.46540586942741696
sp|P35813|PPM1A_HUMAN,53675119.72792898,54070988.99672393,-0.12711883172236418,0.3272097110748291,0.46540586942741696
sp|Q3V6T2|GRDN_HUMAN,6130985.51074613,7792764.032727161,0.30978591444692516,0.3272097110748291,0.46540586942741696
sp|P00558|PGK1_HUMAN,3967549999.540639,3752451622.3999734,-0.060355190126622514,0.3272097110748291,0.46540586942741696
sp|P53004|BIEA_HUMAN,15544012.236993758,18921846.300746158,0.18583011274854302,0.3272097110748291,0.46540586942741696
sp|P54108|CRIS3_HUMAN,4931822.454177165,7711436.177750977,0.25897339064804265,0.3272097110748291,0.46540586942741696
sp|Q05048|CSTF1_HUMAN,3012162.1920163445,2755441.4128866764,-0.14972681159685716,0.3272097110748291,0.46540586942741696
sp|P23470|PTPRG_HUMAN,4816212.322330055,5232428.6216025585,0.14552778442173928,0.3272097110748291,0.46540586942741696
sp|P09417|DHPR_HUMAN,604111491.5853517,552871369.6512364,-0.2337638426849892,0.3272097110748291,0.46540586942741696
sp|P02545|LMNA_HUMAN,1674172758.3815567,1730622307.0740955,0.13930106218153235,0.3272097110748291,0.46540586942741696
sp|Q6GMV2|SMYD5_HUMAN,7301954.123820369,6795138.980062316,-0.1685970930532856,0.3272097110748291,0.46540586942741696
sp|P18428|LBP_HUMAN,335600.70769634534,494576.3760939256,0.2596057576812035,0.33856552094221115,0.47773476477555754
sp|P04259|K2C6B_HUMAN,1307151944.1659672,876414797.1175067,-0.3312743032552854,0.33856552094221115,0.47773476477555754
sp|P14317|HCLS1_HUMAN,79254682.60366979,91412673.52130572,0.0925485957825037,0.33856552094221115,0.47773476477555754
sp|Q9UJC3|HOOK1_HUMAN,2774090.8867184343,2742000.7746523297,0.07352175296739957,0.33856552094221115,0.47773476477555754
sp|O75110|ATP9A_HUMAN,1181896.1923182157,998843.299866954,-0.27676777277873593,0.33856552094221115,0.47773476477555754
sp|O43760|SNG2_HUMAN,20548068.66942702,23267365.344626017,0.10847649427753965,0.33856552094221115,0.47773476477555754
sp|Q53H47|SETMR_HUMAN,406741.51053499355,439241.25096783054,0.12660595115438586,0.33856552094221115,0.47773476477555754
sp|P14207|FOLR2_HUMAN,8616152.287085405,12259940.650709938,0.14121701804043887,0.33856552094221115,0.47773476477555754
sp|Q9P2E9|RRBP1_HUMAN,185346431.7617094,209082626.70003524,0.1355132947816714,0.33856552094221115,0.47773476477555754
sp|Q05639|EF1A2_HUMAN,667547174.742133,621295557.8763937,-0.12970945062911063,0.33856552094221115,0.47773476477555754
sp|O60238|BNI3L_HUMAN,1024822.4701894929,898679.3877337504,0.039191627570043144,0.33856552094221115,0.47773476477555754
sp|Q8IZP0|ABI1_HUMAN,10502976.22656633,11436141.213806208,0.07821650429779656,0.33856552094221115,0.47773476477555754
sp|O94903|PLPHP_HUMAN,88045400.12220292,81655168.64524171,-0.1982889467815962,0.33856552094221115,0.47773476477555754
sp|P34810|CD68_HUMAN,584796.8885354786,1425124.079220723,-0.2987217751685219,0.33856552094221115,0.47773476477555754
sp|Q6WKZ4|RFIP1_HUMAN,8819209.9097455,7522951.052360763,-0.2206702915354252,0.33856552094221115,0.47773476477555754
sp|Q9NVT9|ARMC1_HUMAN,2020283.2030238498,3067357.9884256027,-0.681034862684764,0.33856552094221115,0.47773476477555754
sp|Q6ZV29|PLPL7_HUMAN,5523057.145667731,11738419.862902237,0.5540479462039787,0.33856552094221115,0.47773476477555754
sp|P05166|PCCB_HUMAN,322384110.00062275,295646747.66428065,-0.15672587007046054,0.33856552094221115,0.47773476477555754
sp|P46977|STT3A_HUMAN,1629695.0355772714,1744983.6488065857,-0.19092271051597112,0.33856552094221115,0.47773476477555754
sp|Q14165|MLEC_HUMAN,6946703.062851054,6625731.692792469,-0.1363689298834466,0.33856552094221115,0.47773476477555754
sp|Q6XE24|RBMS3_HUMAN,13507527.389845928,12735293.494324267,-0.11423801546872882,0.33856552094221115,0.47773476477555754
sp|P41732|TSN7_HUMAN,1723608.6442979344,1798535.0908169432,0.060871839293007594,0.33856552094221115,0.47773476477555754
sp|P09038|FGF2_HUMAN,3699391.565149362,3329587.412042676,-0.1426933486743713,0.33856552094221115,0.47773476477555754
sp|Q9BUF5|TBB6_HUMAN,495839119.02880865,567108602.6778085,0.11616361390221422,0.33856552094221115,0.47773476477555754
sp|Q2KHR2|RFX7_HUMAN,10591340.946129862,17355096.126495205,-0.284902215538514,0.33856552094221115,0.47773476477555754
sp|P63000|RAC1_HUMAN,183217136.40026575,217411851.31862125,0.17135116872223946,0.33856552094221115,0.47773476477555754
sp|P36955|PEDF_HUMAN,83443251.3173611,95024984.26126197,0.254614131222793,0.33856552094221115,0.47773476477555754
sp|P51692|STA5B_HUMAN,1977546.9582639902,2301839.391222618,0.1422228238030932,0.35016296058893204,0.48906637015898863
sp|O60749|SNX2_HUMAN,18600998.592762526,17606083.661549028,-0.10490630351185737,0.35016296058893204,0.48906637015898863
sp|Q92619|HMHA1_HUMAN,982301.3734288522,1186743.6900290644,0.1850164224906178,0.35016296058893204,0.48906637015898863
sp|Q9BXR6|FHR5_HUMAN,14895478.149352683,14422304.555752145,-0.2010403243456929,0.35016296058893204,0.48906637015898863
sp|O14786|NRP1_HUMAN,9903910.727732196,9299682.646354195,-0.13528098431265018,0.35016296058893204,0.48906637015898863
sp|Q86U44|MTA70_HUMAN,754466.9236085872,680431.6777899191,-0.06319125095277874,0.35016296058893204,0.48906637015898863
sp|P48740|MASP1_HUMAN,22030491.155523382,21408358.935476847,-0.12111686360858556,0.35016296058893204,0.48906637015898863
sp|Q07960|RHG01_HUMAN,13022308.503543178,14884841.148692623,0.0822945266693788,0.35016296058893204,0.48906637015898863
sp|Q5UCC4|EMC10_HUMAN,1946212.8838465835,2004778.0847324815,0.30805186791105693,0.35016296058893204,0.48906637015898863
sp|P04217|A1BG_HUMAN,1253557208.4417298,1146268168.0971072,-0.33123295066179587,0.35016296058893204,0.48906637015898863
sp|Q14554|PDIA5_HUMAN,2708725.8190831156,2453021.990772573,-0.1961669086934855,0.35016296058893204,0.48906637015898863
sp|Q96MG8|PCMD1_HUMAN,147131.1948331027,126580.67498092815,-0.44431665987317537,0.35016296058893204,0.48906637015898863
sp|Q9UQE7|SMC3_HUMAN,2491516.7695399825,2205752.531380241,-0.3500025156829142,0.35016296058893204,0.48906637015898863
sp|P04440|DPB1_HUMAN,4535023.215149813,4606588.026193322,0.15125234157206066,0.35016296058893204,0.48906637015898863
sp|P49406|RM19_HUMAN,12323973.268495437,12022262.135977311,-0.1503927899176179,0.35016296058893204,0.48906637015898863
sp|Q9Y5C1|ANGL3_HUMAN,4638814.131287843,3955042.6791406027,-0.19666906072912888,0.35016296058893204,0.48906637015898863
sp|Q93034|CUL5_HUMAN,712078.1037940644,578764.526923435,0.19052634026697898,0.35016296058893204,0.48906637015898863
sp|O75821|EIF3G_HUMAN,10155861.744899753,9373117.413951663,-0.21502881515785013,0.35016296058893204,0.48906637015898863
sp|Q16539|MK14_HUMAN,12142176.501122253,11344369.455318969,-0.1993869509377924,0.35016296058893204,0.48906637015898863
sp|Q96K76|UBP47_HUMAN,4472941.622484437,4200435.998019868,-0.0856019202736612,0.35016296058893204,0.48906637015898863
sp|Q16527|CSRP2_HUMAN,66898687.44325153,55862155.98493402,-0.2152093092102956,0.35016296058893204,0.48906637015898863
sp|Q8ND94|LRN4L_HUMAN,6468977.3517869245,6052832.450640685,-0.16187734893424605,0.35016296058893204,0.48906637015898863
sp|P22891|PROZ_HUMAN,3988854.575394042,4390107.365755363,-0.15542230152762887,0.35016296058893204,0.48906637015898863
sp|Q8NC56|LEMD2_HUMAN,754179.4261918466,646246.7262350591,-0.4702489190036251,0.35016296058893204,0.48906637015898863
sp|P01344|IGF2_HUMAN / sp|IGF2_HUMAN|P01344,8775060.161958078,10254050.132739108,0.07106776927299627,0.35016296058893204,0.48906637015898863
sp|Q96GD0|PLPP_HUMAN,133534891.30060191,153233955.41445437,0.14606923802113947,0.35016296058893204,0.48906637015898863
sp|Q8TAT6|NPL4_HUMAN,25988600.8422347,27800723.262469795,0.05198898995738562,0.35016296058893204,0.48906637015898863
sp|Q8N5M1|ATPF2_HUMAN,2025520.802739356,2168258.598041859,0.07650366032592146,0.35016296058893204,0.48906637015898863
sp|P62979|RS27A_HUMAN / sp|RS27A_HUMAN|P62979,713436360.7277261,682426537.317728,-0.11350786751999323,0.35016296058893204,0.48906637015898863
sp|Q9BQE3|TBA1C_HUMAN,501210005.53286755,556265537.7315508,0.07469840648432488,0.35016296058893204,0.48906637015898863
sp|P60510|PP4C_HUMAN,13367916.511107463,14733440.686480105,0.08510452497434665,0.35016296058893204,0.48906637015898863
sp|P17931|LEG3_HUMAN,348863066.41872275,332906672.39755565,-0.0902734525783823,0.35016296058893204,0.48906637015898863
sp|P53999|TCP4_HUMAN,32668004.205308624,28939502.890884694,-0.19185091637252114,0.35016296058893204,0.48906637015898863
sp|P26022|PTX3_HUMAN,3669091.867489108,4568365.283192459,0.039308583682446996,0.35016296058893204,0.48906637015898863
sp|Q96K17|BT3L4_HUMAN,23898235.034325726,25495777.339440547,0.08581088651274259,0.35016296058893204,0.48906637015898863
sp|Q8WWV3|RT4I1_HUMAN,630574.7257277068,558979.8822869298,-0.3243654759477718,0.3620011880993843,0.5016585913049221
sp|P01706|LV211_HUMAN,81503281.28639328,86720394.98356616,0.15657296754050384,0.3620011880993843,0.5016585913049221
sp|Q13885|TBB2A_HUMAN,726363459.013935,844709406.480519,0.1417393095073319,0.3620011880993843,0.5016585913049221
sp|O75937|DNJC8_HUMAN,148881759.9945208,142528466.68351606,-0.08756096259837509,0.3620011880993843,0.5016585913049221
sp|P01920|DQB1_HUMAN,588222.7531080882,769540.0999630563,0.3182100663164174,0.3620011880993843,0.5016585913049221
sp|Q9NUL5|SHFL_HUMAN,11327546.88966668,10704511.01964272,-0.15496482749673227,0.3620011880993843,0.5016585913049221
sp|Q8N8N7|PTGR2_HUMAN,56991583.88495434,64627253.367724136,0.045567117146785616,0.3620011880993843,0.5016585913049221
sp|Q14444|CAPR1_HUMAN,23710328.854642134,24797254.28019687,0.04443289374444984,0.3620011880993843,0.5016585913049221
sp|Q8TAE8|G45IP_HUMAN,4593686.663167133,4005999.8511239556,-0.27326762317423575,0.3620011880993843,0.5016585913049221
sp|Q9BQE9|BCL7B_HUMAN,937922.3139009291,1302001.4309904599,0.3452640792498144,0.3620011880993843,0.5016585913049221
sp|O75475|PSIP1_HUMAN,28211069.845676057,26328317.714063354,-0.11856397420601472,0.3620011880993843,0.5016585913049221
sp|P62826|RAN_HUMAN,690694433.1513202,760785863.504948,0.12126774836554675,0.3620011880993843,0.5016585913049221
sp|P31689|DNJA1_HUMAN,7499801.601069515,6922793.695975417,-0.13785069338052924,0.3620011880993843,0.5016585913049221
sp|O43312|MTSS1_HUMAN,472860.4300622466,625495.1538982032,0.6981496288164427,0.3620011880993843,0.5016585913049221
sp|P37198|NUP62_HUMAN,726717.3315718534,840657.6801093566,-0.46271902099350726,0.3620011880993843,0.5016585913049221
sp|Q13868|EXOS2_HUMAN,22823714.795707524,22065388.501025327,-0.11906978640800746,0.3620011880993843,0.5016585913049221
sp|O60760|HPGDS_HUMAN,12371142.74560492,11068100.84565164,-0.33958408899254283,0.3620011880993843,0.5016585913049221
sp|Q8TC27|ADA32_HUMAN,12067803.625372436,14789718.110061279,0.1914679325632893,0.3620011880993843,0.5016585913049221
sp|Q15459|SF3A1_HUMAN,35112192.33058076,37532006.939275764,0.06886410085695018,0.3620011880993843,0.5016585913049221
sp|P02511|CRYAB_HUMAN,3320624575.5097327,3733888301.9123507,0.3962129184944109,0.3620011880993843,0.5016585913049221
sp|Q86X55|CARM1_HUMAN,3771499.407304174,4553553.961147775,0.0676584184868754,0.3620011880993843,0.5016585913049221
sp|Q9NPH3|IL1AP_HUMAN,59443006.78401614,65715576.32569549,0.03215145892006461,0.3620011880993843,0.5016585913049221
sp|Q9UBY9|HSPB7_HUMAN,83393365.03805129,88395162.46034826,0.07197473735831464,0.3620011880993843,0.5016585913049221
sp|Q9Y2W2|WBP11_HUMAN,5190493.365427764,4732125.074759521,-0.21737521376956054,0.3620011880993843,0.5016585913049221
sp|O43866|CD5L_HUMAN,158352007.5722821,187221243.4356322,0.13577503910857835,0.3620011880993843,0.5016585913049221
sp|Q08J23|NSUN2_HUMAN,2436335.935405589,2179978.966735473,-0.2549128357700748,0.3620011880993843,0.5016585913049221
sp|P13727|PRG2_HUMAN,1562775.9330202471,1905670.8462292403,0.11142037596039638,0.3620011880993843,0.5016585913049221
sp|Q96SZ5|AEDO_HUMAN,8212672.734039332,7797032.755160644,-0.062073213849806866,0.3740789592266083,0.5127691874688641
sp|O15511|ARPC5_HUMAN,86367405.21376525,93496599.87625204,0.09720702719914241,0.3740789592266083,0.5127691874688641
sp|P84157|MXRA7_HUMAN,142760.02265787736,274409.51694277825,0.213182984836607,0.3740789592266083,0.5127691874688641
sp|O94776|MTA2_HUMAN,579770.5677451099,567675.4407829321,-0.21732947548520404,0.3740789592266083,0.5127691874688641
sp|Q9UL12|SARDH_HUMAN,47617075.297182254,52339396.7039441,0.1783008538288716,0.3740789592266083,0.5127691874688641
sp|P31751|AKT2_HUMAN,6327991.304924173,5663757.71554847,-0.3039966962879036,0.3740789592266083,0.5127691874688641
sp|P13929|ENOB_HUMAN,986338696.4450244,851862015.7852317,0.11396059209271862,0.3740789592266083,0.5127691874688641
sp|Q9UIJ7|KAD3_HUMAN,12607854.912167829,13205430.212948415,0.09150597832984311,0.3740789592266083,0.5127691874688641
sp|Q5VTE0|EF1A3_HUMAN / sp|P68104|EF1A1_HUMAN,1065763564.9172341,996179987.9767109,-0.1288553051089287,0.3740789592266083,0.5127691874688641
sp|P62310|LSM3_HUMAN,50475920.976627626,58752278.38651235,-0.02227756136524293,0.3740789592266083,0.5127691874688641
sp|Q96EQ0|SGTB_HUMAN,1165742.7127047381,1901043.6910771797,-0.6387452487762894,0.3740789592266083,0.5127691874688641
sp|Q9NVZ3|NECP2_HUMAN,834715.6648361072,722055.309824585,-0.4532847839773285,0.3740789592266083,0.5127691874688641
sp|P23634|AT2B4_HUMAN,60449459.13962915,57298432.25888658,-0.08176692685545002,0.3740789592266083,0.5127691874688641
sp|A0A0A0MS15|HV349_HUMAN,150249810.90948644,160749121.29432362,0.11545954773541076,0.3740789592266083,0.5127691874688641
sp|Q9UBX5|FBLN5_HUMAN,54710210.68659984,50989932.154834785,-0.10061329062758925,0.3740789592266083,0.5127691874688641
sp|Q9NX20|RM16_HUMAN,4244922.824021491,3739146.4588688365,-0.20109064611391067,0.3740789592266083,0.5127691874688641
sp|Q5HYI8|RABL3_HUMAN,21283716.433906995,22575287.350394867,0.06522812742287178,0.3740789592266083,0.5127691874688641
sp|P31153|METK2_HUMAN,153164583.43870765,176265947.89847133,0.05731739200512501,0.3740789592266083,0.5127691874688641
sp|P08185|CBG_HUMAN,101142299.33124526,92513896.77592273,-0.308770159137711,0.3740789592266083,0.5127691874688641
sp|Q14203|DCTN1_HUMAN,57574755.13444886,60069870.21170736,0.0483031730319932,0.3740789592266083,0.5127691874688641
sp|P07204|TRBM_HUMAN,798706.0830944058,923977.990771357,0.11716827079991418,0.3740789592266083,0.5127691874688641
sp|Q92504|S39A7_HUMAN,370232.0795069348,383911.72979332047,-0.2605272410369753,0.3740789592266083,0.5127691874688641
sp|Q9UBW8|CSN7A_HUMAN,5849230.274466687,6371309.424702751,0.10510422681188555,0.3740789592266083,0.5127691874688641
sp|Q9UEW3|MARCO_HUMAN,754407.948163472,1115333.1245569729,0.2554854529473608,0.3740789592266083,0.5127691874688641
sp|P82650|RT22_HUMAN,10458069.86991133,10229461.181717632,-0.05636850046928211,0.3740789592266083,0.5127691874688641
sp|P15151|PVR_HUMAN,258244.9441496159,215335.31448364916,0.36271719964386484,0.3740789592266083,0.5127691874688641
sp|Q7LBR1|CHM1B_HUMAN,2270764.2967215604,2405990.6363014397,-0.10945171996651125,0.3740789592266083,0.5127691874688641
sp|Q9Y2H0|DLGP4_HUMAN,9435919.693292895,8856643.148562262,-0.14595335947599683,0.3740789592266083,0.5127691874688641
sp|Q9P015|RM15_HUMAN,19188553.581791345,18044103.66567177,-0.1873541357922752,0.3740789592266083,0.5127691874688641
sp|P01714|LV319_HUMAN,96380041.67728986,101632751.1157511,0.1950368391590211,0.3740789592266083,0.5127691874688641
sp|Q14839|CHD4_HUMAN,6121709.606426195,6083215.280198683,-0.10860687990173926,0.3740789592266083,0.5127691874688641
sp|P48681|NEST_HUMAN,115147638.3340321,122647866.05147508,0.07959214448175013,0.3740789592266083,0.5127691874688641
sp|Q9NZP8|C1RL_HUMAN,63769296.18379725,59528774.558583856,-0.18233230773732842,0.3740789592266083,0.5127691874688641
sp|Q7L2J0|MEPCE_HUMAN,274803.67803048744,318579.19328215084,0.11299705554590704,0.3740789592266083,0.5127691874688641
sp|O43852|CALU_HUMAN,31872034.48501951,38016010.86090379,-0.11820915504735033,0.3740789592266083,0.5127691874688641
sp|Q9HB71|CYBP_HUMAN,119828270.01769297,113524782.8745762,-0.05857379511211789,0.3740789592266083,0.5127691874688641
sp|P19878|NCF2_HUMAN,60289664.36718472,72938030.98271741,0.17494890111756384,0.3740789592266083,0.5127691874688641
sp|O95208|EPN2_HUMAN,640450.0508348277,627939.4346451845,-0.07091207929002534,0.3740789592266083,0.5127691874688641
sp|Q14657|LAGE3_HUMAN,4912487.186743661,5847077.135681078,-0.038819440259939296,0.38639477640390396,0.5251510993946007
sp|O75949|F155B_HUMAN,2554364.818258874,2720974.290915171,0.1460122306585108,0.38639477640390396,0.5251510993946007
sp|Q15904|VAS1_HUMAN,983375.8794493523,1044808.9968865747,-0.023136308323489046,0.38639477640390396,0.5251510993946007
sp|Q9H6S3|ES8L2_HUMAN,660260.0435882908,1078559.58049816,0.3062255258669535,0.38639477640390396,0.5251510993946007
sp|Q9NS69|TOM22_HUMAN,580435.3205717297,666038.9307037924,0.05176236811959266,0.38639477640390396,0.5251510993946007
sp|Q9UNM6|PSD13_HUMAN,10997062.09663837,12197248.126296898,0.12140262455447866,0.38639477640390396,0.5251510993946007
sp|Q9HAT1|LMA1L_HUMAN,7588799.364476605,8164580.451360419,-0.06062511880518597,0.38639477640390396,0.5251510993946007
sp|O75915|PRAF3_HUMAN,18915507.223779,18093499.63973887,-0.14453961650311747,0.38639477640390396,0.5251510993946007
sp|Q5EB52|MEST_HUMAN,14040740.117236953,15723020.293142756,0.07831978336736424,0.38639477640390396,0.5251510993946007
sp|Q16890|TPD53_HUMAN,4793328.29295191,5248005.31794647,0.10391135040304275,0.38639477640390396,0.5251510993946007
sp|O76080|ZFAN5_HUMAN,408632.9430558591,392896.6093497475,0.006328767330599755,0.38639477640390396,0.5251510993946007
sp|Q93050|VPP1_HUMAN,88391934.07506704,93404561.9239825,0.08416756415175379,0.38639477640390396,0.5251510993946007
sp|A2RUB1|MEIOC_HUMAN,8429686.51669453,8012531.202879523,-0.12000447428097849,0.38639477640390396,0.5251510993946007
sp|O75935|DCTN3_HUMAN,8592365.09811795,8958409.114792546,-0.0047176195959283684,0.38639477640390396,0.5251510993946007
sp|Q5VZK9|CARL1_HUMAN,1047253.6568775165,863445.2015945868,-0.36253121709244995,0.38639477640390396,0.5251510993946007
sp|Q9Y5J7|TIM9_HUMAN,10821094.39848587,9753601.029463425,-0.23132175037852473,0.38639477640390396,0.5251510993946007
sp|Q9BUK0|CHCH7_HUMAN,291312.243016646,255332.36995453332,-0.2357556162010749,0.38639477640390396,0.5251510993946007
sp|Q9NY27|PP4R2_HUMAN,7238995.233202872,6867487.252168186,-0.17376995542443194,0.38639477640390396,0.5251510993946007
sp|P80108|PHLD_HUMAN,69050840.87176657,77262581.50879712,0.06171669997584279,0.38639477640390396,0.5251510993946007
sp|Q9Y646|CBPQ_HUMAN,54313168.83837835,63983305.58357193,0.004189269649856934,0.38639477640390396,0.5251510993946007
sp|Q03169|TNAP2_HUMAN,4839609.929326042,5576466.914083747,0.1961435821871038,0.38639477640390396,0.5251510993946007
sp|Q6QNY0|BL1S3_HUMAN,1189524.2091947536,1274806.8405698796,0.08725417993371412,0.38639477640390396,0.5251510993946007
sp|Q13620|CUL4B_HUMAN / sp|Q13619|CUL4A_HUMAN,794946.2248677631,991336.8658910078,0.25457602030571763,0.38639477640390396,0.5251510993946007
sp|P62256|UBE2H_HUMAN,2739137.167093242,2955203.008783138,0.07961207456072891,0.38639477640390396,0.5251510993946007
sp|Q92626|PXDN_HUMAN,129020099.20722474,149338266.25409108,0.16074606454625698,0.38639477640390396,0.5251510993946007
sp|Q9BTE3|MCMBP_HUMAN,540821.0369893812,514155.72243159416,-0.2882069897199431,0.38639477640390396,0.5251510993946007
sp|Q9BYD2|RM09_HUMAN,842015.0932692349,797711.4433369132,-0.20063557623387165,0.38639477640390396,0.5251510993946007
sp|Q9BUQ8|DDX23_HUMAN,8527655.991045585,10043643.775131991,0.10356455700536037,0.38639477640390396,0.5251510993946007
sp|O43306|ADCY6_HUMAN,287555.59931485617,516456.77742564026,0.463271003762939,0.38639477640390396,0.5251510993946007
sp|P01601|KVD16_HUMAN,8760656.69606847,9080780.792766279,0.154055671984279,0.38639477640390396,0.5251510993946007
sp|O95881|TXD12_HUMAN,33596536.020378105,37868511.89630352,0.05041107758111109,0.3989470452070236,0.5385504556817177
sp|Q9Y6B6|SAR1B_HUMAN,42473338.298693575,49600011.38991548,0.07413965235665008,0.3989470452070236,0.5385504556817177
sp|P05026|AT1B1_HUMAN,1074225.2617821188,941823.9956695143,-0.2649221680076749,0.3989470452070236,0.5385504556817177
sp|Q5R3I4|TTC38_HUMAN,53406388.994689085,60314518.70718802,-0.0012881822648751445,0.3989470452070236,0.5385504556817177
sp|P11166|GTR1_HUMAN,26907680.180783805,42947547.74859471,0.1779876544068215,0.3989470452070236,0.5385504556817177
sp|Q15084|PDIA6_HUMAN,94948984.54676424,87647935.63512942,-0.1652970384415569,0.3989470452070236,0.5385504556817177
sp|P18615|NELFE_HUMAN,1383211.7814303974,1810128.0196917653,0.24361991683909245,0.3989470452070236,0.5385504556817177
sp|P01772|HV333_HUMAN,804913340.7533729,850342397.9564841,0.10921845211291778,0.3989470452070236,0.5385504556817177
sp|Q9UGU5|HMGX4_HUMAN,63562238.00375576,70129642.57127912,0.1906470224752925,0.3989470452070236,0.5385504556817177
sp|P69891|HBG1_HUMAN,732321854.1074755,1221012423.3001754,-0.007959290117671452,0.3989470452070236,0.5385504556817177
sp|Q9UPN6|SCAF8_HUMAN,1080005.5308195448,939837.7145404444,0.4693893611338183,0.3989470452070236,0.5385504556817177
sp|Q15759|MK11_HUMAN,31943386.7318795,33599025.56600367,0.09737969797630681,0.3989470452070236,0.5385504556817177
sp|Q16831|UPP1_HUMAN,881780.3673806887,899812.0731653653,-0.28174035580380696,0.3989470452070236,0.5385504556817177
sp|P01024|CO3_HUMAN,9812822742.891695,9070912615.965929,-0.1995410253337182,0.3989470452070236,0.5385504556817177
sp|Q16134|ETFD_HUMAN,10619591.951595549,10082155.707392594,-0.0836325098009463,0.3989470452070236,0.5385504556817177
sp|Q8NFU3|TSTD1_HUMAN,37555878.976959005,39065094.22747547,0.21381062021846728,0.3989470452070236,0.5385504556817177
sp|Q96I15|SCLY_HUMAN,17035415.99883839,16518244.906810572,-0.08189907509169976,0.3989470452070236,0.5385504556817177
sp|Q9H1E5|TMX4_HUMAN,969413.7717394425,1130046.7376056798,-0.818585222017575,0.3989470452070236,0.5385504556817177
sp|P08311|CATG_HUMAN / sp|CATG_HUMAN|P08311,127692283.4891692,229078285.4043271,0.09372941200479303,0.3989470452070236,0.5385504556817177
sp|Q9Y262|EIF3L_HUMAN,4258841.473936768,4001829.5605493067,-0.13331522330509316,0.3989470452070236,0.5385504556817177
sp|Q9Y230|RUVB2_HUMAN,28927515.214271106,27573186.845885564,-0.08904495372666796,0.3989470452070236,0.5385504556817177
sp|P23434|GCSH_HUMAN,9563385.760892162,8911756.294269131,-0.050767148561264415,0.3989470452070236,0.5385504556817177
sp|P41240|CSK_HUMAN,3932001.5388262877,5847127.747788091,0.23196972819054298,0.3989470452070236,0.5385504556817177
sp|Q92882|OSTF1_HUMAN,39206734.664311394,38870938.12479366,-0.041699663006560625,0.3989470452070236,0.5385504556817177
sp|P55290|CAD13_HUMAN,40872797.53637129,43156195.87103485,0.12074907785321061,0.4117337390780449,0.5497802487021529
sp|Q01081|U2AF1_HUMAN / sp|P0DN76|U2AF5_HUMAN,11185391.758666148,8552734.273351792,-0.17853903523298228,0.4117337390780449,0.5497802487021529
sp|Q9BRA2|TXD17_HUMAN,128872243.64841504,148533962.48032942,0.06859237628524681,0.4117337390780449,0.5497802487021529
sp|Q9Y5K8|VATD_HUMAN,331506.8989210917,291142.6941711676,-1.4409431127405323,0.4117337390780449,0.5497802487021529
sp|Q676U5|A16L1_HUMAN,2663743.7782261604,3007464.2453988222,0.06093826064327884,0.4117337390780449,0.5497802487021529
sp|P52943|CRIP2_HUMAN,102225432.5496334,89697087.14934006,-0.1783172382486069,0.4117337390780449,0.5497802487021529
sp|Q5SQN1|SNP47_HUMAN,6108827.976665395,6450295.017241313,-0.4798742133149362,0.4117337390780449,0.5497802487021529
sp|Q5SW79|CE170_HUMAN,7532088.788862114,7940176.119061759,0.0647240161806606,0.4117337390780449,0.5497802487021529
sp|Q5SY16|NOL9_HUMAN,2639034.2585039525,3393728.8587847524,0.21303517075427486,0.4117337390780449,0.5497802487021529
sp|P52565|GDIR1_HUMAN,95354105.12025222,106077256.22325683,0.13978509830011085,0.4117337390780449,0.5497802487021529
sp|A0A0B4J1U3|LV136_HUMAN,7476094.338240952,7605794.973787984,0.2478640530614533,0.4117337390780449,0.5497802487021529
sp|Q01484|ANK2_HUMAN,68229039.79724567,74046084.41727577,0.07690945067349607,0.4117337390780449,0.5497802487021529
sp|O43598|DNPH1_HUMAN,117808272.81039308,110968959.08895978,-0.09256238149712481,0.4117337390780449,0.5497802487021529
sp|Q92870|APBB2_HUMAN,891808.1620260993,991738.0899274774,0.05328046876048205,0.4117337390780449,0.5497802487021529
sp|Q13643|FHL3_HUMAN,2108996.264144962,1958616.3667918914,-0.13785726121785696,0.4117337390780449,0.5497802487021529
sp|Q9NY65|TBA8_HUMAN,201253707.32012162,220444500.9402744,0.06598527106708572,0.4117337390780449,0.5497802487021529
sp|P19320|VCAM1_HUMAN,1536781.941067262,1769986.8560723157,0.09962362806334275,0.4117337390780449,0.5497802487021529
sp|Q8TB52|FBX30_HUMAN,1193470.6649471025,991503.7475580086,-0.5671708094811286,0.4117337390780449,0.5497802487021529
sp|P68366|TBA4A_HUMAN,356543300.66249645,387214182.0180169,0.04815337021639643,0.4117337390780449,0.5497802487021529
sp|Q92785|REQU_HUMAN,1679099.5257024814,1595126.9166812743,-0.1187705037498781,0.4117337390780449,0.5497802487021529
sp|P40197|GPV_HUMAN,2648480.314487154,3105437.6014288217,0.08670365676288198,0.4117337390780449,0.5497802487021529
sp|P01597|KV139_HUMAN / sp|P04432|KVD39_HUMAN,25399418.99652692,26652132.07676539,0.0927566572653785,0.4117337390780449,0.5497802487021529
sp|P07711|CATL1_HUMAN,19187466.064694107,17332089.847851593,-0.30336896870869323,0.4117337390780449,0.5497802487021529
sp|O94880|PHF14_HUMAN,3704981.194683787,4176050.830876881,0.029382893673163935,0.4117337390780449,0.5497802487021529
sp|P07949|RET_HUMAN,2110911.500802682,2414089.7771904273,0.21635699450524992,0.4117337390780449,0.5497802487021529
sp|P07148|FABPL_HUMAN,16105272.30891004,17467162.636866428,-0.15213565193776457,0.4117337390780449,0.5497802487021529
sp|O00461|GOLI4_HUMAN,3108638.9966067434,2895764.3623192525,-0.09448174712095751,0.4117337390780449,0.5497802487021529
sp|Q01844|EWS_HUMAN,34117024.32642753,37575488.35956236,0.03422282167696759,0.4117337390780449,0.5497802487021529
sp|Q9NR46|SHLB2_HUMAN,7501433.564929851,7265053.889609714,-0.16805826788405018,0.4117337390780449,0.5497802487021529
sp|P35580|MYH10_HUMAN,112908664.31864654,106944603.46045102,-0.062166456064820706,0.4117337390780449,0.5497802487021529
sp|Q9H1Z4|WDR13_HUMAN,21102670.436763197,20237842.23251488,-0.15123243070344308,0.4117337390780449,0.5497802487021529
sp|Q9Y2A7|NCKP1_HUMAN,2010707.138241638,2735559.89689276,0.19349476171046462,0.4117337390780449,0.5497802487021529
sp|Q99720|SGMR1_HUMAN,434151.26060362783,528234.2447518312,0.4423431802846466,0.4117337390780449,0.5497802487021529
sp|P13861|KAP2_HUMAN,316318255.6574668,298380750.00619584,-0.12676509471093628,0.4117337390780449,0.5497802487021529
sp|Q96LI6|HSFY1_HUMAN,21031007.82719199,14324632.111583823,-0.4121432771644539,0.4117337390780449,0.5497802487021529
sp|P31994|FCG2B_HUMAN / sp|P31995|FCG2C_HUMAN,5648064.323555256,6317951.767689624,0.03480042224743192,0.4117337390780449,0.5497802487021529
sp|P10606|COX5B_HUMAN,62928361.00280739,78029588.73125732,0.2521115731582535,0.4117337390780449,0.5497802487021529
sp|Q9Y266|NUDC_HUMAN,7913944.5153893465,7337100.130573812,-0.1359760421424609,0.4117337390780449,0.5497802487021529
sp|Q9Y3A3|PHOCN_HUMAN,4987780.978617617,4562038.0313654,-0.12550047015998933,0.4117337390780449,0.5497802487021529
sp|Q96N87|S6A18_HUMAN,9248897.61850669,11362829.711514747,-0.16730805374536395,0.4247525781393051,0.5634017751493988
sp|O60462|NRP2_HUMAN,20674723.585903082,22941323.975962695,0.12232728392980009,0.4247525781393051,0.5634017751493988
sp|P54578|UBP14_HUMAN,150079443.2016646,145551393.42271227,-0.2547693101179214,0.4247525781393051,0.5634017751493988
sp|Q9NTG7|SIR3_HUMAN,203752.04312626613,210550.2755512367,-0.4807628661026503,0.4247525781393051,0.5634017751493988
sp|Q3YBR2|TBRG1_HUMAN,2153305.7489435305,2247620.8449081792,0.5156374661836859,0.4247525781393051,0.5634017751493988
sp|Q9Y2Q3|GSTK1_HUMAN,121852637.00188364,156011217.22276974,0.24911830965200746,0.4247525781393051,0.5634017751493988
sp|Q9HAV0|GBB4_HUMAN,100190067.51703641,95653124.01561104,-0.058517772158918166,0.4247525781393051,0.5634017751493988
sp|O00339|MATN2_HUMAN,15503506.856721306,14282098.191018518,-0.07270809039980329,0.4247525781393051,0.5634017751493988
sp|Q6NUK4|REEP3_HUMAN,1470495.101130821,5938720.702866254,0.14332702478764325,0.4247525781393051,0.5634017751493988
sp|Q96IX5|ATPMK_HUMAN,2947915.4023785414,3205297.613047564,0.03886982912284268,0.4247525781393051,0.5634017751493988
sp|Q8TBZ3|WDR20_HUMAN,3504848.9545401256,3100219.688557223,-0.21174112384181434,0.4247525781393051,0.5634017751493988
sp|Q9BW91|NUDT9_HUMAN,21046495.454602085,23571507.86201289,0.09965587595841015,0.4247525781393051,0.5634017751493988
sp|Q8IX03|KIBRA_HUMAN,15811958.78431495,16205583.005928786,-0.18036533894001053,0.4247525781393051,0.5634017751493988
sp|P34897|GLYM_HUMAN,70913025.99338634,66216868.25104471,-0.15343045838297845,0.4247525781393051,0.5634017751493988
sp|Q96A57|TM230_HUMAN,2635962.476743666,3175749.407180309,0.8465896264366927,0.4247525781393051,0.5634017751493988
sp|Q14669|TRIPC_HUMAN,284096.9473541286,350973.9326009381,0.19126166640823242,0.4247525781393051,0.5634017751493988
sp|P22792|CPN2_HUMAN,127881409.5661396,122562505.13481666,-0.30945585300959316,0.4247525781393051,0.5634017751493988
sp|O43396|TXNL1_HUMAN,85589246.36362031,78133338.22718774,-0.2535592408946288,0.4247525781393051,0.5634017751493988
sp|P00450|CERU_HUMAN,823628321.024913,916213789.0903057,0.1780424277747861,0.4247525781393051,0.5634017751493988
sp|Q9UJZ1|STML2_HUMAN,9772685.24104946,8681324.472645292,-0.16051925428256442,0.4247525781393051,0.5634017751493988
sp|P36404|ARL2_HUMAN,12765352.33470815,15634452.08446564,0.37843376946948215,0.4247525781393051,0.5634017751493988
sp|Q6DKJ4|NXN_HUMAN,303909.8461609095,203927.88145838593,-0.03302998238819991,0.4247525781393051,0.5634017751493988
sp|L0R6Q1|S35U4_HUMAN,1520255.3077161387,1638119.1498618326,0.10868020412554978,0.4247525781393051,0.5634017751493988
sp|Q9H0Q0|CYRIA_HUMAN,1799171.177126304,2038664.9652746047,0.1578837699729032,0.4247525781393051,0.5634017751493988
sp|Q5XPI4|RN123_HUMAN,1819019.4625919648,2026282.6693524695,0.006896850310242627,0.43800119310617447,0.5758815686894606
sp|Q96EV8|DTBP1_HUMAN,2531188.885028735,3022859.315038311,1.3021396425471605,0.43800119310617447,0.5758815686894606
sp|P36871|PGM1_HUMAN,1238451953.8842905,1337814511.8854594,0.0521185476545429,0.43800119310617447,0.5758815686894606
sp|Q8N4P3|MESH1_HUMAN,6811540.637967934,7249736.430420225,0.09564549978201041,0.43800119310617447,0.5758815686894606
sp|Q9NZJ6|COQ3_HUMAN,1280542.896223426,1358675.468003971,0.06545669561139318,0.43800119310617447,0.5758815686894606
sp|Q16787|LAMA3_HUMAN,4320281.372287967,4392529.03052147,0.07840064799550005,0.43800119310617447,0.5758815686894606
sp|Q6JBY9|CPZIP_HUMAN,15728341.59355617,17704499.830374975,0.15152205708848207,0.43800119310617447,0.5758815686894606
sp|Q96FX7|TRM61_HUMAN,2742035.759043862,3020632.022306733,0.15365074168978196,0.43800119310617447,0.5758815686894606
sp|P19827|ITIH1_HUMAN,721620002.2334194,707250728.1214421,-0.24236336509674658,0.43800119310617447,0.5758815686894606
sp|O75636|FCN3_HUMAN,38101745.92015853,35749000.986303575,-0.20307576847207517,0.43800119310617447,0.5758815686894606
sp|P24386|RAE1_HUMAN,1091178.3730972132,995119.7615696968,-0.1921986494526356,0.43800119310617447,0.5758815686894606
sp|O94913|PCF11_HUMAN,1748612.2441564687,1962673.5914950517,0.013043215780399468,0.43800119310617447,0.5758815686894606
sp|Q9BV40|VAMP8_HUMAN,1638829.7716441415,1854436.4468382902,0.07423969544956092,0.43800119310617447,0.5758815686894606
sp|P51398|RT29_HUMAN,3896484.214092699,3778000.594107578,-0.15293509314993972,0.43800119310617447,0.5758815686894606
sp|P0DP04|HV43D_HUMAN,388629928.9577516,408437293.0964499,0.12329722571016737,0.43800119310617447,0.5758815686894606
sp|O95487|SC24B_HUMAN,5990308.838984902,5526274.958843892,-0.14545724757637848,0.43800119310617447,0.5758815686894606
sp|Q14257|RCN2_HUMAN,2078530.2655486804,2205919.0554435565,0.06620526963586786,0.43800119310617447,0.5758815686894606
sp|Q7Z4G1|COMD6_HUMAN,3669794.1729205926,4528883.371522128,0.769301441351472,0.43800119310617447,0.5758815686894606
sp|Q0VGL1|LTOR4_HUMAN,5057566.075016326,4794923.337931286,-0.11957906526624629,0.43800119310617447,0.5758815686894606
sp|Q5JSH3|WDR44_HUMAN,14384245.23958521,13842087.286617067,-0.07340000088927469,0.43800119310617447,0.5758815686894606
sp|P13726|TF_HUMAN,4368299.394640358,4521431.648906637,-0.029001114644896315,0.43800119310617447,0.5758815686894606
sp|P61923|COPZ1_HUMAN,1394396.328641767,1609551.2174101293,0.12497087555988538,0.43800119310617447,0.5758815686894606
sp|P01859|IGHG2_HUMAN,24530928684.964336,26822481956.87958,0.15913142047244505,0.43800119310617447,0.5758815686894606
sp|O60443|GSDME_HUMAN,1712894.8225163831,1647857.4572181667,-0.024358657856364263,0.43800119310617447,0.5758815686894606
sp|A0A0C4DH24|KV621_HUMAN,29519499.12685493,31867123.951421198,0.25952040329904297,0.43800119310617447,0.5758815686894606
sp|Q15147|PLCB4_HUMAN,574305.0717337801,535676.8831337803,-0.1788786185833499,0.43800119310617447,0.5758815686894606
sp|O75352|MPU1_HUMAN,2377620.2766300538,3134140.4967197147,0.046226828937960436,0.43800119310617447,0.5758815686894606
sp|Q9BVA1|TBB2B_HUMAN,727914419.2366694,833872451.0374508,0.1241129333960181,0.43800119310617447,0.5758815686894606
sp|Q96MH2|HEXI2_HUMAN,113732.3786066673,142770.17011533063,0.12664109220734993,0.43800119310617447,0.5758815686894606
sp|O95182|NDUA7_HUMAN,13114394.14035659,13261730.583968356,0.08509588193341444,0.43800119310617447,0.5758815686894606
sp|Q13613|MTMR1_HUMAN,4192155.3434202536,3595518.9469774035,-0.40191113581874227,0.43800119310617447,0.5758815686894606
sp|Q9H7N4|SFR19_HUMAN,2684654.881930529,3575236.167886089,0.26740465330212854,0.43800119310617447,0.5758815686894606
sp|Q9BTT0|AN32E_HUMAN,6963395.085074362,6660186.65233932,-0.2978337989284286,0.4514767527580261,0.5881207753761584
sp|Q96NC0|ZMAT2_HUMAN,360872.8516646442,475720.1709088641,0.2080431668010641,0.4514767527580261,0.5881207753761584
sp|Q9Y303|NAGA_HUMAN,46058177.84471189,53548843.049901746,0.09088723007567144,0.4514767527580261,0.5881207753761584
sp|O00442|RTCA_HUMAN,65165099.60956306,74600816.84352191,0.08255637374848177,0.4514767527580261,0.5881207753761584
sp|Q99719|SEPT5_HUMAN,10487613.549939826,9719712.662919777,-0.1447481212543502,0.4514767527580261,0.5881207753761584
sp|Q96M27|PRRC1_HUMAN,16973530.950850766,17800911.455276396,0.034448741013389496,0.4514767527580261,0.5881207753761584
sp|Q14767|LTBP2_HUMAN,25385989.421959396,24128803.051916726,-0.1287862619671428,0.4514767527580261,0.5881207753761584
sp|Q04941|PLP2_HUMAN,6237714.259400605,6051932.953207086,-0.10332872307151428,0.4514767527580261,0.5881207753761584
sp|Q12972|PP1R8_HUMAN,212524681.98994356,194359404.9302958,-0.17382167220916753,0.4514767527580261,0.5881207753761584
sp|Q9H2P9|DPH5_HUMAN,1009664.7640964227,1702604.9953466596,0.1246199599483536,0.4514767527580261,0.5881207753761584
sp|Q02952|AKA12_HUMAN,1100364872.7300525,1143016353.7757895,-0.019080061922482145,0.4514767527580261,0.5881207753761584
sp|O60711|LPXN_HUMAN,438645.1562068034,574568.7698348338,0.2930159578250428,0.4514767527580261,0.5881207753761584
sp|Q9UIC8|LCMT1_HUMAN,46944627.27144755,50563637.70763826,0.10561865853128911,0.4514767527580261,0.5881207753761584
sp|P23381|SYWC_HUMAN,192004259.23059782,176072562.2336616,-0.19846879627087852,0.4514767527580261,0.5881207753761584
sp|Q93091|RNAS6_HUMAN,427883.1040704202,369867.49651800387,-0.2993967081527898,0.4514767527580261,0.5881207753761584
sp|A0A0J9YXX1|HV5X1_HUMAN,107012670.52917282,113359948.5310272,0.2253771091293927,0.4514767527580261,0.5881207753761584
sp|A0A0C4DH38|HV551_HUMAN,86682211.06348205,90118934.48051998,0.09770280604141414,0.4514767527580261,0.5881207753761584
sp|O95394|AGM1_HUMAN,83712019.67843463,89078570.4915909,-0.034823273321939685,0.4514767527580261,0.5881207753761584
sp|Q8WWZ4|ABCAA_HUMAN,2274304.01336608,2353536.154896035,-0.008791515812843024,0.4514767527580261,0.5881207753761584
sp|Q9P278|FNIP2_HUMAN,1666552.6914024646,1648128.587978961,-0.04901255397404271,0.4514767527580261,0.5881207753761584
sp|Q86UX7|URP2_HUMAN,13721273.26180781,15253039.939779209,-0.07497934486236413,0.4514767527580261,0.5881207753761584
sp|Q4V9L6|TM119_HUMAN,5373272.359594939,4725932.882564271,-0.23210426794155023,0.4514767527580261,0.5881207753761584
sp|P02794|FRIH_HUMAN,33679365.43069349,19428998.85547554,-0.4833431663950571,0.4514767527580261,0.5881207753761584
sp|A0A0A0MT36|KVD21_HUMAN,19369971.651673913,24635259.6080632,0.20222931436449695,0.4514767527580261,0.5881207753761584
sp|Q8IY21|DDX60_HUMAN,4417421.211513706,3420206.5402401933,-0.21260629311666054,0.4514767527580261,0.5881207753761584
sp|P01782|HV309_HUMAN,387751660.9664555,410882550.3846594,0.1251472886696747,0.4514767527580261,0.5881207753761584
sp|Q5T7N3|KANK4_HUMAN,38768693.695035234,35033665.121352054,-0.14392877028341758,0.4514767527580261,0.5881207753761584
sp|P01780|HV307_HUMAN,980531497.5650692,1037497778.1016749,0.14387101130036456,0.4514767527580261,0.5881207753761584
sp|P01700|LV147_HUMAN,84240242.95271464,87474552.42098181,0.08709141212626458,0.4514767527580261,0.5881207753761584
sp|A0A075B6I0|LV861_HUMAN,68569126.30083582,74918917.09108248,0.17448162327615307,0.4514767527580261,0.5881207753761584
sp|Q8N3X1|FNBP4_HUMAN,3279596.313180584,3612642.8106686245,0.1689085065422822,0.4514767527580261,0.5881207753761584
sp|P01764|HV323_HUMAN,293518539.1107954,304969321.3861531,0.12394349347512525,0.4514767527580261,0.5881207753761584
sp|P01019|ANGT_HUMAN,225402480.58145842,210206820.0579698,-0.19463241414017843,0.4514767527580261,0.5881207753761584
sp|Q9Y4E8|UBP15_HUMAN,68679963.93442766,78346446.86381929,0.08997067564974616,0.4514767527580261,0.5881207753761584
sp|Q9H2C2|ARV1_HUMAN,12093670.579796808,16512103.757307122,0.44607504177612867,0.46517620980739594,0.6001023201251863
sp|Q7L2H7|EIF3M_HUMAN,1155753.3786643234,1083752.9493363425,-0.40689092654512443,0.46517620980739594,0.6001023201251863
sp|Q10589|BST2_HUMAN,23123490.45141072,23209996.675897744,0.06209349237946464,0.46517620980739594,0.6001023201251863
sp|Q7L5N1|CSN6_HUMAN,4158458.184650447,4101491.476933997,-0.01931884600366055,0.46517620980739594,0.6001023201251863
sp|O14520|AQP7_HUMAN,998961.7607877848,1135517.0514196511,-0.005081218558975158,0.46517620980739594,0.6001023201251863
sp|Q9UI08|EVL_HUMAN,5611772.825849011,5855122.2066275235,-0.09090124560672168,0.46517620980739594,0.6001023201251863
sp|Q9Y6Y8|S23IP_HUMAN,6291654.477383623,6892230.041847872,0.1338769902286215,0.46517620980739594,0.6001023201251863
sp|P01009|A1AT_HUMAN,10440405697.155134,11408278506.199875,0.10297554782914682,0.46517620980739594,0.6001023201251863
sp|Q7RTV0|PHF5A_HUMAN,22721138.28481808,21945845.475571573,-0.13847493198214636,0.46517620980739594,0.6001023201251863
sp|Q7Z3T8|ZFY16_HUMAN,4415647.474551386,4719472.99809579,0.10410962387835695,0.46517620980739594,0.6001023201251863
sp|Q71U36|TBA1A_HUMAN,485132159.0281586,519781900.6832356,0.031903581863474875,0.46517620980739594,0.6001023201251863
sp|Q9UK99|FBX3_HUMAN,576843.585331212,1449110.3132795657,-0.4413785126091316,0.46517620980739594,0.6001023201251863
sp|P50747|BPL1_HUMAN,1095059.7370631841,1224541.9117461387,0.15600337777940748,0.46517620980739594,0.6001023201251863
sp|P51397|DAP1_HUMAN,5734686.995439515,7768586.43795201,0.2202682559036182,0.46517620980739594,0.6001023201251863
sp|P51608|MECP2_HUMAN,19704584.11963462,16691577.638263674,-0.1871166928220896,0.46517620980739594,0.6001023201251863
sp|P01717|LV325_HUMAN,91400962.46341468,93885793.86329773,0.1844102205743534,0.46517620980739594,0.6001023201251863
sp|Q5VW32|BROX_HUMAN,33185214.602709945,32427616.57870047,-0.05772490050747854,0.46517620980739594,0.6001023201251863
sp|Q9BPX5|ARP5L_HUMAN,6672118.465426801,6249359.771951945,-0.10439801506778934,0.46517620980739594,0.6001023201251863
sp|O95573|ACSL3_HUMAN,17812884.492007997,16874111.436512418,-0.08367017211650053,0.46517620980739594,0.6001023201251863
sp|P53621|COPA_HUMAN,8812415.986985814,8448597.119357964,-0.1083681114994862,0.46517620980739594,0.6001023201251863
sp|Q02218|ODO1_HUMAN,453254351.6127701,475171480.4086884,-0.05908430709899306,0.46517620980739594,0.6001023201251863
sp|P01857|IGHG1_HUMAN,36321930354.92407,38878110703.272156,0.11557494868648661,0.46517620980739594,0.6001023201251863
sp|P98175|RBM10_HUMAN,5245126.926362554,4822283.417216601,-0.1333717043805284,0.46517620980739594,0.6001023201251863
sp|Q01415|GALK2_HUMAN,1056256.4036067787,1027098.9104407218,-0.471574641833954,0.46517620980739594,0.6001023201251863
sp|P55145|MANF_HUMAN,3037268.651188957,3428836.3425794467,0.17928449795339635,0.46517620980739594,0.6001023201251863
sp|Q86X76|NIT1_HUMAN,144176337.92908448,151781050.516182,-0.022106782506968098,0.46517620980739594,0.6001023201251863
sp|P18887|XRCC1_HUMAN,357816.0344256534,340927.3814779613,-0.3794392752731892,0.46517620980739594,0.6001023201251863
sp|P16333|NCK1_HUMAN,29516176.11591213,31336190.864032585,0.08119498688230284,0.46517620980739594,0.6001023201251863
sp|Q96IY4|CBPB2_HUMAN,64010697.30291824,71256529.82432157,0.09209466258749965,0.46517620980739594,0.6001023201251863
sp|Q3MHD2|LSM12_HUMAN,8518236.21224809,9369980.85006416,0.05407044526564673,0.46517620980739594,0.6001023201251863
sp|HBB_HUMAN|P68871,49485738980.74833,75269593299.34871,-0.059471598011090435,0.46517620980739594,0.6001023201251863
sp|Q96GX9|MTNB_HUMAN,39058055.03263045,40179263.816379614,-0.022387669830842886,0.46517620980739594,0.6001023201251863
sp|P21810|PGS1_HUMAN,71208151.31751774,104222519.6693748,0.10789531665688555,0.46517620980739594,0.6001023201251863
sp|Q5HYK3|COQ5_HUMAN,113555.99008140058,151256.55850015793,0.5134682887737534,0.46517620980739594,0.6001023201251863
sp|P21397|AOFA_HUMAN,172323995.0388744,183269111.89772525,0.06781088223623906,0.46517620980739594,0.6001023201251863
sp|Q53TN4|CYBR1_HUMAN,26430707.34386223,24648933.636907283,-0.09629633634392855,0.46517620980739594,0.6001023201251863
sp|Q7Z6Z7|HUWE1_HUMAN,6704212.943052086,6423865.724572117,-0.12581976755810684,0.479096382856369,0.6114849843956688
sp|P51665|PSMD7_HUMAN,21028793.970151845,22164911.207522877,0.08672691653724995,0.479096382856369,0.6114849843956688
sp|O43708|MAAI_HUMAN,18635538.27539472,20037963.246370856,-0.005851951465331755,0.479096382856369,0.6114849843956688
sp|Q86XP1|DGKH_HUMAN,2498647.93625819,2667229.246160022,-0.03307586872756768,0.479096382856369,0.6114849843956688
sp|Q9ULA0|DNPEP_HUMAN,277212893.7132267,257316016.38686135,-0.22982479985305368,0.479096382856369,0.6114849843956688
sp|P49459|UBE2A_HUMAN,571123.2658274306,534808.5792719242,-0.15703646860661077,0.479096382856369,0.6114849843956688
sp|Q02127|PYRD_HUMAN,505304.6694825937,552360.7415662288,0.03430962817849304,0.479096382856369,0.6114849843956688
sp|Q9Y315|DEOC_HUMAN,31933592.326741885,30067527.75868435,-0.08320530497306079,0.479096382856369,0.6114849843956688
sp|Q9BZF1|OSBL8_HUMAN,949970.8468261905,982654.7502939578,0.05851416101723939,0.479096382856369,0.6114849843956688
sp|Q9P225|DYH2_HUMAN,5126130.699424507,4774892.309827176,-0.1906684003739892,0.479096382856369,0.6114849843956688
sp|O00479|HMGN4_HUMAN,11821753.52409994,12189839.110871589,-0.18086000370244287,0.479096382856369,0.6114849843956688
sp|Q9NW15|ANO10_HUMAN,392634.20434223063,438653.8122822368,-1.502700327631525,0.479096382856369,0.6114849843956688
sp|O60229|KALRN_HUMAN / sp|O75962|TRIO_HUMAN,9805659.077971537,11348493.95494761,-0.033985553808570934,0.479096382856369,0.6114849843956688
sp|Q9P1F3|ABRAL_HUMAN,10062846.059610445,10867512.529638516,0.06655106022832132,0.479096382856369,0.6114849843956688
sp|Q10713|MPPA_HUMAN,38289476.95113092,34450970.420133755,-0.1960310354516896,0.479096382856369,0.6114849843956688
sp|Q12800|TFCP2_HUMAN,7046514.156564367,6344855.445308776,-0.09017446199309999,0.479096382856369,0.6114849843956688
sp|Q96BY7|ATG2B_HUMAN,3117690.0060662855,2808763.2456099293,-0.28608347715129995,0.479096382856369,0.6114849843956688
sp|P48506|GSH1_HUMAN,205913160.6778252,188644634.79708382,-0.29257390324722465,0.479096382856369,0.6114849843956688
sp|Q15121|PEA15_HUMAN,105504424.98359787,113143798.2652661,0.013314110068453714,0.479096382856369,0.6114849843956688
sp|Q12913|PTPRJ_HUMAN,1050294.0749392076,1049680.936430134,0.08009919542609674,0.479096382856369,0.6114849843956688
sp|Q12965|MYO1E_HUMAN,4564193.38749521,4081698.6757027344,0.26828208604845677,0.479096382856369,0.6114849843956688
sp|Q13610|PWP1_HUMAN,9027628.239505293,9917039.17172053,0.09675884561556773,0.479096382856369,0.6114849843956688
sp|A8MT70|ZBBX_HUMAN,31853038.997061245,28469610.824245624,-0.506887615483203,0.479096382856369,0.6114849843956688
sp|Q9H3N8|HRH4_HUMAN,260352.16188085728,173480.9172227561,-0.5772412478966036,0.479096382856369,0.6114849843956688
sp|Q9UDR5|AASS_HUMAN,6261568.896547959,5941215.259947031,-0.10082462955364982,0.479096382856369,0.6114849843956688
sp|Q8NDX5|PHC3_HUMAN,402267.0895375302,360170.24452089,-0.8189934386320143,0.479096382856369,0.6114849843956688
sp|P63261|ACTG_HUMAN / sp|P60709|ACTB_HUMAN,17192536728.442226,19958694990.14252,0.13301715709771372,0.479096382856369,0.6114849843956688
sp|Q5T5U3|RHG21_HUMAN,6640848.341091337,6921951.052328646,0.04232624605663571,0.479096382856369,0.6114849843956688
sp|Q9Y6W5|WASF2_HUMAN,22623034.439941425,21575029.568865363,-0.050937217002642754,0.479096382856369,0.6114849843956688
sp|P13671|CO6_HUMAN,235929199.81349596,224457213.6870807,-0.4062774153016536,0.479096382856369,0.6114849843956688
sp|Q8N201|INT1_HUMAN,6060848.191058008,6654652.098001263,0.1280448901283538,0.479096382856369,0.6114849843956688
sp|Q8TCA0|LRC20_HUMAN,5253986.020219609,5124328.737705828,-0.1407594443205856,0.479096382856369,0.6114849843956688
sp|P10916|MLRV_HUMAN,1163177.2476739231,2926610.9084035116,0.3175801248282358,0.479096382856369,0.6114849843956688
sp|Q63HN8|RN213_HUMAN,335195.41150740546,2577457.944317799,0.38040124566226413,0.479096382856369,0.6114849843956688
sp|Q687X5|STEA4_HUMAN,5771881.381529121,4950826.472242792,-0.17243686174553927,0.479096382856369,0.6114849843956688
sp|O14562|UBFD1_HUMAN,4266464.4014619915,4442514.267306579,0.050753458479064505,0.479096382856369,0.6114849843956688
sp|Q9Y4K3|TRAF6_HUMAN,1012438.8474194428,1257934.2312074786,0.1947321212494535,0.479096382856369,0.6114849843956688
sp|Q9Y5K5|UCHL5_HUMAN,187688.15794093543,177061.64819466457,-0.6839035894269637,0.479096382856369,0.6114849843956688
sp|O15344|TRI18_HUMAN,1263411.572104322,1397119.5303849522,0.0775286567149607,0.479096382856369,0.6114849843956688
sp|B9A064|IGLL5_HUMAN,7154118909.790129,7585792409.004592,0.10380105197394952,0.479096382856369,0.6114849843956688
sp|Q9UBQ7|GRHPR_HUMAN,253358511.20465687,269478553.75426614,0.06129480789763545,0.49323366582393646,0.6233943540397869
sp|P22830|HEMH_HUMAN,30126811.263700295,31472362.65915813,0.052304820036393196,0.49323366582393646,0.6233943540397869
sp|Q562R1|ACTBL_HUMAN,6065053258.501036,7367538740.074807,0.1863541414404027,0.49323366582393646,0.6233943540397869
sp|P63241|IF5A1_HUMAN,191896257.28595394,201961516.18855876,-0.003395021803017837,0.49323366582393646,0.6233943540397869
sp|Q9UBX3|DIC_HUMAN,3692795.1331060617,3425832.4055389473,-0.22576812873940355,0.49323366582393646,0.6233943540397869
sp|Q9GZM8|NDEL1_HUMAN / sp|Q9NXR1|NDE1_HUMAN,396996.2954871984,430504.9027420756,0.05643180100412872,0.49323366582393646,0.6233943540397869
sp|P21926|CD9_HUMAN,28706617.93569892,31983768.720056828,0.09834079743103218,0.49323366582393646,0.6233943540397869
sp|P49915|GUAA_HUMAN,8553817.960535599,9248744.111076446,0.04996295558570691,0.49323366582393646,0.6233943540397869
sp|Q9BV20|MTNA_HUMAN,759695.4290675301,827068.9610306527,-0.032343776515524794,0.49323366582393646,0.6233943540397869
sp|Q9UHD1|CHRD1_HUMAN,2152014.7591614975,2143176.7077789856,-0.19400245254415346,0.49323366582393646,0.6233943540397869
sp|P55212|CASP6_HUMAN,10136596.002049016,10850661.493532704,0.04122631100516407,0.49323366582393646,0.6233943540397869
sp|O43896|KIF1C_HUMAN,5693947.5633628005,5273338.586738783,-0.05493872814686413,0.49323366582393646,0.6233943540397869
sp|Q8IV36|HID1_HUMAN,1470677.5216975098,1312812.7842809067,-0.5036649853127572,0.49323366582393646,0.6233943540397869
sp|Q9BVG4|PBDC1_HUMAN,7905998.937967152,8229094.909553125,0.05998910012874614,0.49323366582393646,0.6233943540397869
sp|Q86TX2|ACOT1_HUMAN,679325412.6761473,724143468.251148,-0.007691248992668348,0.49323366582393646,0.6233943540397869
sp|Q9BZZ2|SN_HUMAN,12123926.308832198,12491476.980116397,0.028476950197667848,0.49323366582393646,0.6233943540397869
sp|Q8IYB3|SRRM1_HUMAN,4011469.3229578063,8320132.2721381495,0.030468189661113927,0.49323366582393646,0.6233943540397869
sp|Q8TCG1|CIP2A_HUMAN,7465131.097636367,7211782.245750344,-0.08129098530062842,0.49323366582393646,0.6233943540397869
sp|O14867|BACH1_HUMAN,3635972.7441541036,3123813.548627459,-0.10050548065136093,0.49323366582393646,0.6233943540397869
sp|Q9UNP9|PPIE_HUMAN,11734114.402337248,13124036.185990648,0.08096059228262094,0.49323366582393646,0.6233943540397869
sp|P17936|IBP3_HUMAN,18333621.934349146,20606343.537789065,0.08547213877084243,0.49323366582393646,0.6233943540397869
sp|O00232|PSD12_HUMAN,9509313.584100267,9824769.359111369,-0.17815952238100735,0.49323366582393646,0.6233943540397869
sp|Q8IUR5|TMTC1_HUMAN,100367416.66752219,122664027.11487469,0.42894091790101435,0.49323366582393646,0.6233943540397869
sp|Q8IZ21|PHAR4_HUMAN,735305.1173766897,988124.240903818,-0.3476353786892038,0.49323366582393646,0.6233943540397869
sp|P18754|RCC1_HUMAN,1884976.1504657848,1954767.628912658,0.07432205436107846,0.49323366582393646,0.6233943540397869
sp|Q9BZV1|UBXN6_HUMAN,7106783.232206174,7842246.047305288,0.1310181331065208,0.49323366582393646,0.6233943540397869
sp|P16220|CREB1_HUMAN,3527877.794659048,3741053.2822173876,-0.07516627325017858,0.49323366582393646,0.6233943540397869
sp|O14531|DPYL4_HUMAN,82719450.06706586,80186062.88750131,-0.0845145019825535,0.49323366582393646,0.6233943540397869
sp|Q9Y5P4|CERT_HUMAN,500874.21151841216,593000.9719850924,0.07918889015687548,0.49323366582393646,0.6233943540397869
sp|Q6ZNX1|SHLD3_HUMAN,7465131.097636367,7211782.245750344,-0.08129098530062842,0.49323366582393646,0.6233943540397869
sp|Q9NVA2|SEP11_HUMAN,235792323.49134773,215655747.9113769,-0.19045852763596782,0.49323366582393646,0.6233943540397869
sp|Q14558|KPRA_HUMAN,40041786.32300359,38282018.60096315,-0.12866575871356442,0.49323366582393646,0.6233943540397869
sp|O76054|S14L2_HUMAN,1860707.8857572135,2345932.024872168,-0.13021715748672907,0.49323366582393646,0.6233943540397869
sp|A0A0C4DH35|HV335_HUMAN,56262653.217454076,60048029.96329921,0.10062388668446118,0.49323366582393646,0.6233943540397869
sp|P15170|ERF3A_HUMAN,35321798.826401405,32790414.180226773,-0.1441427957388715,0.49323366582393646,0.6233943540397869
sp|O00401|WASL_HUMAN,5282972.991319304,5404754.2538423585,0.01808209473978223,0.49323366582393646,0.6233943540397869
sp|Q9P013|CWC15_HUMAN,16983717.366932407,15815964.90764338,-0.13606775187605344,0.49323366582393646,0.6233943540397869
sp|Q86W50|MET16_HUMAN,30501635.789243367,32841216.48054164,0.06495901573531018,0.5075842142105103,0.6355065598737905
sp|P18583|SON_HUMAN,4670036.610146286,4109919.581658922,-0.1715731171035113,0.5075842142105103,0.6355065598737905
sp|Q6UX71|PXDC2_HUMAN,27620495.61880427,25743357.682780765,-0.13142019066177468,0.5075842142105103,0.6355065598737905
sp|Q9BXW7|HDHD5_HUMAN,3291190.6194825866,3386816.7820989103,-0.034456928992896554,0.5075842142105103,0.6355065598737905
sp|P02008|HBAZ_HUMAN,6321269.661405786,5496458.156498554,0.2541393123338862,0.5075842142105103,0.6355065598737905
sp|Q96HJ9|FMC1_HUMAN,1813366.9765538909,1994360.7704671768,0.12101760740085357,0.5075842142105103,0.6355065598737905
sp|P08575|PTPRC_HUMAN,47562447.44287226,50108831.02189845,0.056858085064667774,0.5075842142105103,0.6355065598737905
sp|Q6IA69|NADE_HUMAN,29845448.094979517,28369129.603165153,-0.08738165311814985,0.5075842142105103,0.6355065598737905
sp|P0DP03|HVC05_HUMAN / sp|P01768|HV330_HUMAN,323999228.030499,333026583.96802473,0.09403530945102163,0.5075842142105103,0.6355065598737905
sp|Q16698|DECR_HUMAN,149396879.02423638,159568954.57455596,0.09341242677056767,0.5075842142105103,0.6355065598737905
sp|Q9BTE1|DCTN5_HUMAN,4202844.384178347,3920512.982232335,-0.14399107239979272,0.5075842142105103,0.6355065598737905
sp|Q8TD06|AGR3_HUMAN / sp|O95994|AGR2_HUMAN,2641137.4891574536,1937837.1560718624,-1.6120917517430216,0.5075842142105103,0.6355065598737905
sp|P02689|MYP2_HUMAN,436662935.7500852,477382370.80948573,0.07547374047376484,0.5075842142105103,0.6355065598737905
sp|P82912|RT11_HUMAN,1342476.1935049423,1605407.5793342795,-0.1391190714322068,0.5075842142105103,0.6355065598737905
sp|P60174|TPIS_HUMAN,5423295287.70713,6610663237.3779125,0.11353597348246426,0.5075842142105103,0.6355065598737905
sp|Q9UFE4|CCD39_HUMAN,3015966.2386639044,3042896.6078247144,-0.13492372425447913,0.5075842142105103,0.6355065598737905
sp|P60983|GMFB_HUMAN,40799124.72475249,39474332.73196516,-0.07595275619974624,0.5075842142105103,0.6355065598737905
sp|P62879|GBB2_HUMAN,150261018.88219506,143940249.72975165,-0.06889151360670695,0.5075842142105103,0.6355065598737905
sp|Q969K4|ABTB1_HUMAN,2558245.99123228,2119708.5098212236,-0.1932710808347499,0.5075842142105103,0.6355065598737905
sp|A2RUC4|TYW5_HUMAN,5019439.595821998,17202974.268143896,0.4843471008190963,0.5075842142105103,0.6355065598737905
sp|Q8N5L8|RP25L_HUMAN,606832.1074640894,569792.9555831559,-0.2368387844258286,0.5075842142105103,0.6355065598737905
sp|Q15819|UB2V2_HUMAN,80303428.31325564,77117430.9692671,-0.1549612429689575,0.5075842142105103,0.6355065598737905
sp|Q8IZL2|MAML2_HUMAN,875966.3484193907,1126227.5522027106,0.13939030328240407,0.5075842142105103,0.6355065598737905
sp|Q9Y4A5|TRRAP_HUMAN,8992403.087007683,8582338.077295337,-0.13682850414870346,0.5075842142105103,0.6355065598737905
sp|P07355|ANXA2_HUMAN,845154612.3010055,787996451.7644533,-0.12066843660516065,0.5075842142105103,0.6355065598737905
sp|A0A0B4J1V2|HV226_HUMAN,23937592.958718084,23242351.628433924,0.0906773995803605,0.5075842142105103,0.6355065598737905
sp|O95139|NDUB6_HUMAN,10824471.395800171,13635766.150040653,0.2011625232529962,0.5075842142105103,0.6355065598737905
sp|P05543|THBG_HUMAN,69888587.31982031,65986478.026695974,-0.11370361393612437,0.5075842142105103,0.6355065598737905
sp|Q96B54|ZN428_HUMAN,5174933.167060077,4552101.657370181,-0.3413117298890035,0.5075842142105103,0.6355065598737905
sp|O75746|CMC1_HUMAN / sp|Q9UJS0|CMC2_HUMAN,915656.5785343187,852081.6320236648,-0.21455939890433204,0.5075842142105103,0.6355065598737905
sp|P30153|2AAA_HUMAN,58692123.15262668,69093879.2768499,0.16535193511342502,0.5075842142105103,0.6355065598737905
sp|Q12955|ANK3_HUMAN,11210771.567809865,18483375.22254353,0.2042697180008324,0.5075842142105103,0.6355065598737905
sp|O00534|VMA5A_HUMAN,55207294.98175819,51298326.21214706,-0.16072774240958962,0.5075842142105103,0.6355065598737905
sp|Q9NYW2|TA2R8_HUMAN,11590098.924884537,9123284.078489153,-0.07425880878815404,0.5075842142105103,0.6355065598737905
sp|Q9H008|LHPP_HUMAN,88544447.71731582,88820455.810623,-0.08167791918942123,0.5075842142105103,0.6355065598737905
sp|Q7L5Y1|ENOF1_HUMAN,28508313.629400432,35015567.45041512,0.16038377584102848,0.5075842142105103,0.6355065598737905
sp|P31939|PUR9_HUMAN,758742516.4525516,800241441.2197226,0.11365802573750369,0.5221440717577934,0.6488268773603446
sp|Q9P0P8|MRES1_HUMAN,389931.6747065788,374863.5935614024,-0.4071011646736787,0.5221440717577934,0.6488268773603446
sp|Q14624|ITIH4_HUMAN,974724470.5936267,944463075.1367967,-0.2865562941807965,0.5221440717577934,0.6488268773603446
sp|Q99611|SPS2_HUMAN,825168.4190167487,810023.1751714334,-0.20825989983661006,0.5221440717577934,0.6488268773603446
sp|Q8IXI2|MIRO1_HUMAN,1265117.695033138,1437590.6270848266,0.13343680707414607,0.5221440717577934,0.6488268773603446
sp|O75144|ICOSL_HUMAN,1232177.4065018857,1096196.6502321565,1.2604752622340787,0.5221440717577934,0.6488268773603446
sp|Q92896|GSLG1_HUMAN,1233605.9133902746,1143027.2745931582,0.19571555272683952,0.5221440717577934,0.6488268773603446
sp|P04070|PROC_HUMAN,6337537.942124365,6737201.020667116,-0.12846280124871814,0.5221440717577934,0.6488268773603446
sp|Q2TAA2|IAH1_HUMAN,92167492.78987204,89591275.02685535,-0.04299889838187489,0.5221440717577934,0.6488268773603446
sp|Q9Y2L1|RRP44_HUMAN,357267.27730571985,387575.42550933716,0.12646612034933913,0.5221440717577934,0.6488268773603446
sp|P29692|EF1D_HUMAN,322249596.59826547,330099042.5451682,0.020141728579274598,0.5221440717577934,0.6488268773603446
sp|Q8WZ82|OVCA2_HUMAN,5158473.652663919,8110341.338358471,0.18883306382269982,0.5221440717577934,0.6488268773603446
sp|O94763|RMP_HUMAN,1092122.8652918772,1298009.9463476136,0.4387536899926143,0.5221440717577934,0.6488268773603446
sp|P0DJD7|PEPA4_HUMAN / sp|P0DJD8|PEPA3_HUMAN / sp|P0DJD9|PEPA5_HUMAN,3366412.6728006406,1564712.9629946924,0.23245830265122475,0.5221440717577934,0.6488268773603446
sp|Q9BT09|CNPY3_HUMAN,20205955.847511616,19548858.498211198,-0.11706166415188235,0.5221440717577934,0.6488268773603446
sp|P30043|BLVRB_HUMAN,2417222604.012192,2951245844.2593303,0.1011760331875252,0.5221440717577934,0.6488268773603446
sp|O75995|SASH3_HUMAN,3232499.2912856876,3689729.0262540993,0.07104900749556056,0.5221440717577934,0.6488268773603446
sp|Q9BZL4|PP12C_HUMAN,18601624.92130056,17848881.1262703,-0.08679996416609284,0.5221440717577934,0.6488268773603446
sp|Q9UKY7|CDV3_HUMAN,1883235.4688309808,2193699.8920435454,0.17280046868481783,0.5221440717577934,0.6488268773603446
sp|Q9UPQ0|LIMC1_HUMAN,36525002.98792414,35218908.04289483,-0.04600751533665711,0.5221440717577934,0.6488268773603446
sp|Q86VQ1|GLCI1_HUMAN,4191962.089809101,4919778.316057765,0.12269909891958568,0.5221440717577934,0.6488268773603446
sp|Q9Y3M2|CBY1_HUMAN,555895.9781073664,492314.0653751075,-0.20679822533193196,0.5221440717577934,0.6488268773603446
sp|P31948|STIP1_HUMAN,242993220.5473391,260923733.16446906,0.08822913500866404,0.5221440717577934,0.6488268773603446
sp|P06312|KV401_HUMAN,446738300.6314251,473352933.6223812,0.20049318258619292,0.5221440717577934,0.6488268773603446
sp|P01614|KVD40_HUMAN / sp|A0A087WW87|KV240_HUMAN,384960259.63976413,425408800.81639564,0.11879081507039968,0.5221440717577934,0.6488268773603446
sp|P68871|HBB_HUMAN,49589170738.01487,74933126971.51448,-0.06463594765393185,0.5221440717577934,0.6488268773603446
sp|P02042|HBD_HUMAN,42177710098.18346,63841510873.19718,-0.06392546609871809,0.5221440717577934,0.6488268773603446
sp|Q6YHK3|CD109_HUMAN,36170737.456390485,39627459.62107655,0.048522019575739074,0.5221440717577934,0.6488268773603446
sp|Q9UQ80|PA2G4_HUMAN,86786935.28653313,85785062.10231327,-0.02365489933452129,0.5221440717577934,0.6488268773603446
sp|Q9UNF0|PACN2_HUMAN,3485424.0004224377,5729499.869042741,0.28015805484977907,0.5369088649749756,0.6622013988730167
sp|Q9BTV5|FSD1_HUMAN,7033158.964632081,6848973.181078264,-0.011007433750564686,0.5369088649749756,0.6622013988730167
sp|P01599|KV117_HUMAN,30785843.73453062,32877779.57729924,0.11839419623200241,0.5369088649749756,0.6622013988730167
sp|P23786|CPT2_HUMAN,12960831.720546331,13807001.580998575,0.02097009024303214,0.5369088649749756,0.6622013988730167
sp|Q96IZ0|PAWR_HUMAN,11269193.346426787,10039862.169762027,-0.20366649819832108,0.5369088649749756,0.6622013988730167
sp|P01709|LV208_HUMAN,94696444.86575301,99914735.62760648,0.1406891286581748,0.5369088649749756,0.6622013988730167
sp|Q96A00|PP14A_HUMAN,26621947.84897798,29364700.641307317,0.09362126510332873,0.5369088649749756,0.6622013988730167
sp|Q9BSJ8|ESYT1_HUMAN,50879641.58395929,48959962.41322417,-0.1583487745573213,0.5369088649749756,0.6622013988730167
sp|P49902|5NTC_HUMAN,11469265.10509403,11794166.618453281,0.031023555656711246,0.5369088649749756,0.6622013988730167
sp|P51153|RAB13_HUMAN,56972839.40135894,57450179.600306414,-0.02031254330399296,0.5369088649749756,0.6622013988730167
sp|Q9NY15|STAB1_HUMAN,44893971.85315458,44712092.563790806,-0.04880807206973566,0.5369088649749756,0.6622013988730167
sp|Q99933|BAG1_HUMAN,3308280.900811336,3613040.990999116,0.11442727510697102,0.5369088649749756,0.6622013988730167
sp|P02730|B3AT_HUMAN,198175179.76883,390562334.5016201,0.22435431289647173,0.5369088649749756,0.6622013988730167
sp|O43924|PDE6D_HUMAN,10516212.267025309,10227636.395210803,-0.06104445266350324,0.5369088649749756,0.6622013988730167
sp|Q03154|ACY1_HUMAN,295863603.3406864,264182472.6903846,-0.13181092496020358,0.5369088649749756,0.6622013988730167
sp|Q9Y5X1|SNX9_HUMAN,2632204.1810862855,2629891.2007084815,-0.18451666966752864,0.5369088649749756,0.6622013988730167
sp|P07311|ACYP1_HUMAN,20852062.84751769,20174719.930920877,-0.07520474097518914,0.5369088649749756,0.6622013988730167
sp|Q15019|SEPT2_HUMAN,321388911.9002344,286888035.33066946,-0.19705791664926803,0.5369088649749756,0.6622013988730167
sp|Q9BYK8|HELZ2_HUMAN,5946170.941056523,5666782.811339681,-0.670207275203225,0.5369088649749756,0.6622013988730167
sp|Q8TDS4|HCAR2_HUMAN,1498906.0463550177,1594292.465833549,0.21482944889313238,0.5369088649749756,0.6622013988730167
sp|P04181|OAT_HUMAN,56973218.87006168,56821301.08976941,-0.12116421477825705,0.5369088649749756,0.6622013988730167
sp|Q92561|PHYIP_HUMAN,6385461.182573499,6701863.168090775,0.05589448850791391,0.5369088649749756,0.6622013988730167
sp|Q96PD5|PGRP2_HUMAN,118072885.1277434,115586351.30190948,-0.5238783156816323,0.5369088649749756,0.6622013988730167
sp|O75674|TM1L1_HUMAN,3866358.3798910365,4657671.776076639,0.10386105125466094,0.5369088649749756,0.6622013988730167
sp|Q9UDY2|ZO2_HUMAN,51575855.09987521,49245534.15420989,-0.12346889425487499,0.5369088649749756,0.6622013988730167
sp|P98170|XIAP_HUMAN,3143068.6084346287,2678489.094254916,-0.4312397309269569,0.5369088649749756,0.6622013988730167
sp|P16452|EPB42_HUMAN,37716939.01000681,67934654.22599043,0.20819284321853246,0.5369088649749756,0.6622013988730167
sp|Q14126|DSG2_HUMAN,55475319.147497654,58651559.24923009,0.0511946726946496,0.5369088649749756,0.6622013988730167
sp|Q86U28|ISCA2_HUMAN,29795013.485615212,31166346.095267896,0.03377229947657891,0.5369088649749756,0.6622013988730167
sp|P30613|KPYR_HUMAN,297394820.2244588,425543180.3469297,0.241151102705,0.551873967051506,0.6744189375808957
sp|P30837|AL1B1_HUMAN,953125791.7510135,910103338.061826,-0.06560047672386449,0.551873967051506,0.6744189375808957
sp|P15291|B4GT1_HUMAN,304872.8565254369,374725.80753238325,-0.1768560930158036,0.551873967051506,0.6744189375808957
sp|P16402|H13_HUMAN,301868663.4109877,291397202.1974191,-0.0893207278312893,0.551873967051506,0.6744189375808957
sp|P11021|BIP_HUMAN,2008702520.8276694,1950006331.5128038,-0.05041805759852508,0.551873967051506,0.6744189375808957
sp|Q9NPA0|EMC7_HUMAN,1392492.5662681602,1492027.6556182555,-0.052767737420239304,0.551873967051506,0.6744189375808957
sp|P52803|EFNA5_HUMAN,2174485.9647367136,1864632.44075346,-0.36267460310618976,0.551873967051506,0.6744189375808957
sp|P07327|ADH1A_HUMAN,8266122206.866575,8540406241.616088,-0.2342663255015037,0.551873967051506,0.6744189375808957
sp|P49448|DHE4_HUMAN,421681183.365677,422936515.2729141,-0.024822584933196355,0.551873967051506,0.6744189375808957
sp|O60832|DKC1_HUMAN,11701144.922960848,13328917.284385491,0.146253553601414,0.551873967051506,0.6744189375808957
sp|P53675|CLH2_HUMAN,20729884.775950547,20880923.88118747,-0.06387237621200016,0.551873967051506,0.6744189375808957
sp|P0DP02|HVC33_HUMAN,817170003.7664667,836361892.0278931,0.08222842463995009,0.551873967051506,0.6744189375808957
sp|O95168|NDUB4_HUMAN,14234941.484460173,13257566.424374582,-0.1768151326053927,0.551873967051506,0.6744189375808957
sp|P21281|VATB2_HUMAN,74987380.1545556,74382333.27164495,-0.10419736034721068,0.551873967051506,0.6744189375808957
sp|P50238|CRIP1_HUMAN,482824528.6567725,478484358.3236723,-0.3385049360240213,0.551873967051506,0.6744189375808957
sp|P10301|RRAS_HUMAN,155321510.46561497,159384216.66983733,0.003482989678717604,0.551873967051506,0.6744189375808957
sp|Q9UHW5|GPN3_HUMAN,1830108.4921503037,1883372.7199409686,0.01924426650275041,0.551873967051506,0.6744189375808957
sp|P35658|NU214_HUMAN,7932293.263448624,8105871.406343521,0.020570214235064423,0.551873967051506,0.6744189375808957
sp|P61964|WDR5_HUMAN,2749372.1789045106,2913069.4487339254,0.033364772172171105,0.551873967051506,0.6744189375808957
sp|Q04917|1433F_HUMAN,1314545129.5954304,1269517296.118945,-0.05783114467224287,0.551873967051506,0.6744189375808957
sp|Q92917|GPKOW_HUMAN,2576663.350928041,2371415.6052923757,-0.1907538630921568,0.551873967051506,0.6744189375808957
sp|Q96EY5|MB12A_HUMAN,1784234.6172897464,1886086.6870339685,0.04141710867476816,0.551873967051506,0.6744189375808957
sp|Q8IXM2|BAP18_HUMAN,4919195.769536552,4875668.253651996,-0.026571608223682302,0.551873967051506,0.6744189375808957
sp|Q15431|SYCP1_HUMAN,4153524.0879319804,4122514.424249161,-0.16774022704387118,0.551873967051506,0.6744189375808957
sp|Q06033|ITIH3_HUMAN,58567160.0645478,68093465.08456247,0.07307599934990387,0.551873967051506,0.6744189375808957
sp|Q02161|RHD_HUMAN / sp|P18577|RHCE_HUMAN,751118.0058165023,932195.261297161,0.02668035282792869,0.551873967051506,0.6744189375808957
sp|A0A075B6K5|LV39_HUMAN,162384113.63441232,173524180.6034738,0.15082488232866045,0.551873967051506,0.6744189375808957
sp|Q8IW45|NNRD_HUMAN,70194707.01475486,61866861.1615616,-0.128804584745393,0.551873967051506,0.6744189375808957
sp|Q8NBQ5|DHB11_HUMAN,94533725.64191835,101638269.34306467,0.060759176888392434,0.551873967051506,0.6744189375808957
sp|O43286|B4GT5_HUMAN,304872.8565254369,374725.80753238325,-0.1768560930158036,0.551873967051506,0.6744189375808957
sp|Q7Z2W9|RM21_HUMAN,4807315.960949875,4557634.649588455,-0.2622292789637782,0.551873967051506,0.6744189375808957
sp|Q8WUP2|FBLI1_HUMAN,20169177.65119945,18499777.506388336,-0.10252125722492154,0.551873967051506,0.6744189375808957
sp|Q9Y6I3|EPN1_HUMAN,7512452.736171723,8212101.560515321,0.10871757945721809,0.551873967051506,0.6744189375808957
sp|Q13404|UB2V1_HUMAN,84508674.66270025,92978263.52865522,-0.03406968396255729,0.551873967051506,0.6744189375808957
sp|Q12931|TRAP1_HUMAN,41921082.86177642,39654934.7822942,-0.11323362281845754,0.551873967051506,0.6744189375808957
sp|Q5VTE6|ANGE2_HUMAN,3462238.8836258864,3753628.9533633008,-0.0021698358069462084,0.551873967051506,0.6744189375808957
sp|P56545|CTBP2_HUMAN,9178453.162648717,8872226.005889287,-0.07707753486193196,0.5670346617698669,0.6866513605434245
sp|P0CG29|GST2_HUMAN / sp|P0CG30|GSTT2_HUMAN,12907014.138018379,11788844.532800106,-0.07586070586844987,0.5670346617698669,0.6866513605434245
sp|P46013|KI67_HUMAN,38298987.58041851,42360604.36451708,-0.006551016412282332,0.5670346617698669,0.6866513605434245
sp|Q96EC8|YIPF6_HUMAN,2741015.4125010674,3198724.596438407,0.2541511487355393,0.5670346617698669,0.6866513605434245
sp|Q99460|PSMD1_HUMAN,197410763.58261567,203551652.5534338,-0.010477487570075236,0.5670346617698669,0.6866513605434245
sp|P46108|CRK_HUMAN,110864492.84408881,122285720.72249377,0.07338169488700665,0.5670346617698669,0.6866513605434245
sp|P04003|C4BPA_HUMAN,406833103.16043395,446036731.5160182,-0.5182094982309288,0.5670346617698669,0.6866513605434245
sp|P53602|MVD1_HUMAN,26775451.82906043,25708830.346347976,-0.10505816816653571,0.5670346617698669,0.6866513605434245
sp|Q7Z3B1|NEGR1_HUMAN,7248622.98803115,7092344.484204821,-0.1294347662446211,0.5670346617698669,0.6866513605434245
sp|A0A0B4J1V0|HV315_HUMAN,101865506.09874165,101851147.56509638,0.08889630944526077,0.5670346617698669,0.6866513605434245
sp|P20742|PZP_HUMAN,2186519476.271795,2076924731.188718,-0.09842538986904639,0.5670346617698669,0.6866513605434245
sp|P04196|HRG_HUMAN,618741086.1390895,647358817.0399075,-0.06305585733485017,0.5670346617698669,0.6866513605434245
sp|P49841|GSK3B_HUMAN,535299.2525092309,499934.58220954565,-0.12786986049090365,0.5670346617698669,0.6866513605434245
sp|Q9Y5M8|SRPRB_HUMAN,3726229.295207894,3618402.407234183,-0.07311374360043552,0.5670346617698669,0.6866513605434245
sp|Q9UHY1|NRBP_HUMAN,1511280.7538870492,1458571.441559776,-0.18789712600355668,0.5670346617698669,0.6866513605434245
sp|Q07352|TISB_HUMAN / sp|P47974|TISD_HUMAN,696149.8840637003,849446.1608323493,0.2435184641731499,0.5670346617698669,0.6866513605434245
sp|Q9Y605|MOFA1_HUMAN,1429900.332740076,1410499.4711802092,-0.03136017248448227,0.5670346617698669,0.6866513605434245
sp|Q9Y2S7|PDIP2_HUMAN,9387087.225566735,8392979.04603699,-0.11299463613771467,0.5670346617698669,0.6866513605434245
sp|P30038|AL4A1_HUMAN,650415536.5250705,585834606.5654165,-0.24321685069097512,0.5670346617698669,0.6866513605434245
sp|Q9H7Z7|PGES2_HUMAN,3632257.2636511424,4027990.9296688153,0.11746766450495728,0.5670346617698669,0.6866513605434245
sp|Q9H853|TBA4B_HUMAN,47188312.72683521,55281540.237812884,0.08995338184997845,0.5670346617698669,0.6866513605434245
sp|P00747|PLMN_HUMAN,540394128.8782232,561325447.6743518,-0.22793295271575711,0.5670346617698669,0.6866513605434245
sp|Q9Y6Q2|STON1_HUMAN,959211.3350400637,969993.3376521597,-0.03781429526797503,0.5670346617698669,0.6866513605434245
sp|P23508|CRCM_HUMAN,482359.8570448784,533266.1805480679,0.10458487489913258,0.5670346617698669,0.6866513605434245
sp|O00273|DFFA_HUMAN,21622433.954196077,21140397.069425285,-0.06994866134621806,0.5670346617698669,0.6866513605434245
sp|P61764|STXB1_HUMAN,27440341.675321665,28278022.92750586,-0.002748104692949764,0.5670346617698669,0.6866513605434245
sp|Q9BV86|NTM1A_HUMAN,2306066.177025582,2384556.7763580964,-0.009441964771953701,0.5670346617698669,0.6866513605434245
sp|Q8N3D4|EH1L1_HUMAN,7884537.997411026,8165207.1722640935,0.030690016408278686,0.5670346617698669,0.6866513605434245
sp|Q6S8J3|POTEE_HUMAN,8800033401.787374,9995286013.613218,0.12142236403134252,0.5670346617698669,0.6866513605434245
sp|Q9BYZ2|LDH6B_HUMAN,19330530.703860216,15397122.506659167,-0.30825243729794644,0.5670346617698669,0.6866513605434245
sp|Q8IZF2|AGRF5_HUMAN,826032.0297039349,942872.0318119606,0.10656924057401085,0.5670346617698669,0.6866513605434245
sp|Q9BVS4|RIOK2_HUMAN,1521213.262634771,1445184.9415220316,-0.0856810853856679,0.5670346617698669,0.6866513605434245
sp|Q96FN4|CPNE2_HUMAN,3480097.8818035936,3288533.8505047117,-0.16582184576369996,0.5670346617698669,0.6866513605434245
sp|P01721|LV657_HUMAN,584607.5870136662,562639.3924547762,-0.06301536782188216,0.5670346617698669,0.6866513605434245
sp|Q9UL26|RB22A_HUMAN,3333812.9393496835,3316980.122977172,-0.007298565199632249,0.5670346617698669,0.6866513605434245
sp|Q9Y5V0|ZN706_HUMAN,20304825.796743605,21791062.056517314,-0.14132444734631391,0.5670346617698669,0.6866513605434245
sp|A1L0T0|HACL2_HUMAN,37646672.63379466,36750275.11580759,-0.10204448797786066,0.5823858305811882,0.6976708938989321
sp|P09488|GSTM1_HUMAN,255955130.624106,320027304.8099,-0.12490672365063937,0.5823858305811882,0.6976708938989321
sp|Q6DN14|MCTP1_HUMAN,215463.50277980746,198670.27924975796,-0.15931778958038895,0.5823858305811882,0.6976708938989321
sp|P49356|FNTB_HUMAN,22178036.464348625,23684906.391099174,0.02503501326650398,0.5823858305811882,0.6976708938989321
sp|O94826|TOM70_HUMAN,7047018.578860129,7758044.827969939,0.06983729423927866,0.5823858305811882,0.6976708938989321
sp|P12270|TPR_HUMAN,106321341.23392211,102959162.49492027,-0.04446015470152504,0.5823858305811882,0.6976708938989321
sp|Q6UUV7|CRTC3_HUMAN,3288982.5243013604,4780841.239891623,0.8267351935643182,0.5823858305811882,0.6976708938989321
sp|Q92696|PGTA_HUMAN,1719493874.330704,1821301032.2679749,0.031182348842868135,0.5823858305811882,0.6976708938989321
sp|P40306|PSB10_HUMAN,29071322.13561761,27819724.100948337,-0.20677629737410705,0.5823858305811882,0.6976708938989321
sp|P48444|COPD_HUMAN,83112680.0031192,80090774.77988456,-0.07501259845498938,0.5823858305811882,0.6976708938989321
sp|P30519|HMOX2_HUMAN,1268744.378200812,1217900.3218754933,-0.17357394894820757,0.5823858305811882,0.6976708938989321
sp|Q96JB5|CK5P3_HUMAN,2219388.746968742,1723512.0168193404,-0.4216787613264967,0.5823858305811882,0.6976708938989321
sp|Q14651|PLSI_HUMAN,26593518.411492147,28105987.37169823,-0.26051462446957835,0.5823858305811882,0.6976708938989321
sp|Q9H4B7|TBB1_HUMAN,301930737.0182335,328140308.013301,0.08411948806744997,0.5823858305811882,0.6976708938989321
sp|Q9UQL6|HDAC5_HUMAN,275882.34072505566,284450.8878036935,0.34498308699055713,0.5823858305811882,0.6976708938989321
sp|Q9UQR1|ZN148_HUMAN,20525680.171615057,18348482.808294456,-0.6236619195094463,0.5823858305811882,0.6976708938989321
sp|Q9H9J2|RM44_HUMAN,23255361.33423287,25687412.744448215,0.06672263100625729,0.5823858305811882,0.6976708938989321
sp|P25189|MYP0_HUMAN,527309.910187844,1403239.8827126825,0.1609800989145786,0.5823858305811882,0.6976708938989321
sp|P24821|TENA_HUMAN,2250743.9014423313,1762685.0991528984,-0.2759941140645924,0.5823858305811882,0.6976708938989321
sp|Q96GG9|DCNL1_HUMAN,9667088.460280094,11760843.51290335,0.19598516490390314,0.5823858305811882,0.6976708938989321
sp|P23368|MAOM_HUMAN,93064022.2696184,89058534.7895848,-0.1314384776327782,0.5823858305811882,0.6976708938989321
sp|O00116|ADAS_HUMAN,525480.8867907159,585958.1537289926,0.1625235623136281,0.5823858305811882,0.6976708938989321
sp|P21291|CSRP1_HUMAN,499979725.7531565,477593621.118806,-0.0930843840226252,0.5823858305811882,0.6976708938989321
sp|Q96EI5|TCAL4_HUMAN,5408047.367201859,5253122.206106954,-0.09260076240256801,0.5823858305811882,0.6976708938989321
sp|Q9Y5Y7|LYVE1_HUMAN,65975243.00348221,77044952.7088637,-0.19918335583909247,0.5823858305811882,0.6976708938989321
sp|P15090|FABP4_HUMAN,10895080195.293184,11464441769.399227,-0.003563769685599381,0.5823858305811882,0.6976708938989321
sp|Q9NRF8|PYRG2_HUMAN,36076278.09758313,34124335.87651484,-0.08020747294228212,0.5823858305811882,0.6976708938989321
sp|P46531|NOTC1_HUMAN,1222937.1001231135,1269474.6668166276,0.02069334874034609,0.5823858305811882,0.6976708938989321
sp|Q9NS37|ZHANG_HUMAN,13203513.798543802,12635468.967639893,-0.07049418759102835,0.5823858305811882,0.6976708938989321
sp|P13284|GILT_HUMAN,5045085.539573485,6618554.202097192,0.14674862128119998,0.5823858305811882,0.6976708938989321
sp|Q969M7|UBE2F_HUMAN,4244368.785484157,4252344.622189251,-0.04249382268921061,0.5823858305811882,0.6976708938989321
sp|P12724|ECP_HUMAN,26012322.041556817,44530723.632020466,-0.2590626347436106,0.5823858305811882,0.6976708938989321
sp|P07225|PROS_HUMAN,75711473.70650314,90742836.91707803,0.1033594026196573,0.5823858305811882,0.6976708938989321
sp|Q2TAY7|SMU1_HUMAN,58565564.45045502,61253929.500608265,-0.015544074661396396,0.5823858305811882,0.6976708938989321
sp|O15116|LSM1_HUMAN,6253635.923103927,5606912.808727192,-0.055397867866253545,0.5823858305811882,0.6976708938989321
sp|Q86UU1|PHLB1_HUMAN,101061867.5462775,104755507.75904022,0.04474187452600347,0.5823858305811882,0.6976708938989321
sp|Q6YN16|HSDL2_HUMAN,96682763.7425805,102545429.79026547,0.016862704383314078,0.5823858305811882,0.6976708938989321
sp|Q8WXF1|PSPC1_HUMAN,27767220.921658732,27855123.09779484,-0.007086137107706911,0.5823858305811882,0.6976708938989321
sp|Q9BW30|TPPP3_HUMAN,210992427.19249293,215852258.87374642,-0.17531602873746724,0.5823858305811882,0.6976708938989321
sp|O95477|ABCA1_HUMAN,4979207.545133653,5234909.355490412,0.14453288497326455,0.5823858305811882,0.6976708938989321
sp|Q8NI60|COQ8A_HUMAN,1001561.8546625489,930888.852021313,-0.14562375597656452,0.5823858305811882,0.6976708938989321
sp|P04439|HLAA_HUMAN,79233996.0424162,81827308.40511212,0.07073285405211407,0.5823858305811882,0.6976708938989321
sp|Q00610|CLH1_HUMAN,87146603.8316387,95458224.72033474,0.10976494138253552,0.5823858305811882,0.6976708938989321
sp|O95749|GGPPS_HUMAN,10192782.375293562,12939559.18680631,0.15875034007347555,0.5979221016168594,0.7125473468237666
sp|O15488|GLYG2_HUMAN,12289573.0180222,12127431.470261352,0.007159445598260848,0.5979221016168594,0.7125473468237666
sp|Q4LDE5|SVEP1_HUMAN,5179449.234299397,5166069.105898926,-0.04832283984933917,0.5979221016168594,0.7125473468237666
sp|Q96JJ7|TMX3_HUMAN,680807.665770987,705708.081356306,0.004027143025442449,0.5979221016168594,0.7125473468237666
sp|Q5VVQ6|OTU1_HUMAN,20300913.598945353,28526096.831707258,0.05477770688976032,0.5979221016168594,0.7125473468237666
sp|P16066|ANPRA_HUMAN,1730370.0081134434,1716473.730140637,-0.057705676386542934,0.5979221016168594,0.7125473468237666
sp|Q9H270|VPS11_HUMAN,2211285.077540708,2247620.8449081792,-0.22116992014900344,0.5979221016168594,0.7125473468237666
sp|Q96AC1|FERM2_HUMAN,138929338.22561353,130576413.51909015,-0.05364058118460046,0.5979221016168594,0.7125473468237666
sp|P14555|PA2GA_HUMAN,168542.587881884,137709.01247687594,-0.7671639556978144,0.5979221016168594,0.7125473468237666
sp|P11047|LAMC1_HUMAN,942938922.5861275,905562739.9124154,-0.09331629513915006,0.5979221016168594,0.7125473468237666
sp|Q5VYS8|TUT7_HUMAN,54969893.73029516,59579431.463034675,-0.14620929378990713,0.5979221016168594,0.7125473468237666
sp|O15151|MDM4_HUMAN,12548108.273076696,11813777.979438202,-0.10872070551615297,0.5979221016168594,0.7125473468237666
sp|P60842|IF4A1_HUMAN,27121906.41106279,26049423.92365898,-0.08756346165734298,0.5979221016168594,0.7125473468237666
sp|O75112|LDB3_HUMAN,12067407.120587131,10924646.386725862,-0.18648425279777175,0.5979221016168594,0.7125473468237666
sp|Q12889|OVGP1_HUMAN,1068147.1447557341,652545.5866708227,0.03969013292320688,0.5979221016168594,0.7125473468237666
sp|Q9C0E8|LNP_HUMAN,5212284.159965544,5106330.842097729,-0.07348003635977841,0.5979221016168594,0.7125473468237666
sp|P01042|KNG1_HUMAN,1442867151.8382375,1560264700.127296,-0.02394392768929266,0.5979221016168594,0.7125473468237666
sp|Q8N4Q0|PTGR3_HUMAN,9038837.622417146,8509692.628167203,-0.04416934761401076,0.5979221016168594,0.7125473468237666
sp|Q96GQ5|RUSF1_HUMAN,1171374.3232126923,1056415.5414918212,-0.3412197149005823,0.5979221016168594,0.7125473468237666
sp|P68371|TBB4B_HUMAN,898421671.9389044,974398804.2198104,0.05412207116879299,0.5979221016168594,0.7125473468237666
sp|P05106|ITB3_HUMAN,9803713.601593489,16890576.34056114,0.3181080692906927,0.5979221016168594,0.7125473468237666
sp|Q16270|IBP7_HUMAN,28588007.6036517,28352676.644926213,-0.05849453598169687,0.6136380508542061,0.7267643154119781
sp|Q96KP4|CNDP2_HUMAN,679140768.2068965,664535074.0911196,-0.13203236098059637,0.6136380508542061,0.7267643154119781
sp|A5A3E0|POTEF_HUMAN,8293664750.957937,9462647982.96384,0.11120270860394961,0.6136380508542061,0.7267643154119781
sp|Q86YJ6|THNS2_HUMAN,94437.99256703327,120749.44508449876,0.2677130483925107,0.6136380508542061,0.7267643154119781
sp|Q9Y508|RN114_HUMAN,14237743.63938342,14074416.247740583,-0.06417373135361774,0.6136380508542061,0.7267643154119781
sp|Q8TF40|FNIP1_HUMAN,1012334.7396682593,18502740.326423664,0.6495690337126107,0.6136380508542061,0.7267643154119781
sp|P69892|HBG2_HUMAN,683797183.4548233,1160698514.2397125,0.0809188044766208,0.6136380508542061,0.7267643154119781
sp|Q5EBM0|CMPK2_HUMAN,14028703.901772292,13968525.956517411,-0.21636805590399266,0.6136380508542061,0.7267643154119781
sp|P00367|DHE3_HUMAN,610884617.3381017,613033273.9161452,-0.011917169231110516,0.6136380508542061,0.7267643154119781
sp|Q9H8W4|PKHF2_HUMAN,1721867.084304366,1744255.812105784,-0.03447717401299662,0.6136380508542061,0.7267643154119781
sp|O43402|EMC8_HUMAN,34033055.6268797,33168537.606173936,-0.8970985764461572,0.6136380508542061,0.7267643154119781
sp|O95825|QORL1_HUMAN,25103953.745025124,25607367.985289514,-0.014313898623832188,0.6136380508542061,0.7267643154119781
sp|P24666|PPAC_HUMAN,70138676.06995307,76959798.97069773,-0.33539406730542837,0.6136380508542061,0.7267643154119781
sp|P13647|K2C5_HUMAN,1429999672.9572413,976226783.7080142,-0.32639470553553945,0.6136380508542061,0.7267643154119781
sp|P82979|SARNP_HUMAN,31736142.416005068,31138949.36659721,-0.10668504183032176,0.6136380508542061,0.7267643154119781
sp|Q15369|ELOC_HUMAN,28963645.182329714,30248574.54502865,0.02633245317006391,0.6136380508542061,0.7267643154119781
sp|A0A0A0MS14|HV145_HUMAN,4167747.2867021705,3901698.6013742313,-0.11149446706740362,0.6136380508542061,0.7267643154119781
sp|Q6Y7W6|GGYF2_HUMAN,992829.4308292618,1029535.7446366689,0.028843669329132127,0.6136380508542061,0.7267643154119781
sp|Q9ULD0|OGDHL_HUMAN,109827418.33053638,114193787.76653089,-0.08617858337826119,0.6136380508542061,0.7267643154119781
sp|Q9BY89|K1671_HUMAN,3682893.1395120625,3562407.653157206,-0.05449475764521811,0.6136380508542061,0.7267643154119781
sp|Q9UKG1|DP13A_HUMAN,5628944.898256429,6064118.622333633,0.10246867790903191,0.6136380508542061,0.7267643154119781
sp|P09105|HBAT_HUMAN,9402073.913234819,17082236.23207354,0.3031372053715819,0.6136380508542061,0.7267643154119781
sp|O60313|OPA1_HUMAN,579939.2135126388,561687.7978903548,-0.25032852235243236,0.6136380508542061,0.7267643154119781
sp|Q99442|SEC62_HUMAN,392719.12995913986,358169.32071767986,-0.3427227281839893,0.6136380508542061,0.7267643154119781
sp|P05091|ALDH2_HUMAN,5460903110.925412,5906924614.520292,0.03581270438937546,0.6136380508542061,0.7267643154119781
sp|Q9C005|DPY30_HUMAN,4341277.507463019,3919846.7579104295,-0.11784466478319354,0.6295278295874596,0.7401038839270501
sp|Q4G0N4|NAKD2_HUMAN,66198912.93167783,67682065.9864338,0.04448507126803602,0.6295278295874596,0.7401038839270501
sp|Q8NHV1|GIMA7_HUMAN,1049340.908473675,1520891.2336817428,0.6587209494031676,0.6295278295874596,0.7401038839270501
sp|Q16881|TRXR1_HUMAN,167761976.81310374,166182217.5780833,-0.06774941598383245,0.6295278295874596,0.7401038839270501
sp|P04278|SHBG_HUMAN,45336731.81841354,42245522.50826079,-0.2078906282547251,0.6295278295874596,0.7401038839270501
sp|Q6IAN0|DRS7B_HUMAN,2487756.2977696275,2574607.5466328315,-0.019886395643096487,0.6295278295874596,0.7401038839270501
sp|P80404|GABT_HUMAN,20795453.236433614,19642710.511941604,-0.030435763963432633,0.6295278295874596,0.7401038839270501
sp|Q9UHN6|CEIP2_HUMAN,4262055.65818097,7541969.488182708,0.3458462719702147,0.6295278295874596,0.7401038839270501
sp|A6NMZ7|CO6A6_HUMAN,2393412.7569609145,2497362.5492743826,0.013005515805125054,0.6295278295874596,0.7401038839270501
sp|Q96PE1|AGRA2_HUMAN,681575.3749484255,754267.2198769428,0.24233842956939272,0.6295278295874596,0.7401038839270501
sp|O75390|CISY_HUMAN,255889517.67405748,278648052.6381425,0.09659415298828922,0.6295278295874596,0.7401038839270501
sp|Q99584|S10AD_HUMAN,22474461.292811047,24852553.96792575,0.06330021166256421,0.6295278295874596,0.7401038839270501
sp|Q99590|SCAFB_HUMAN,177326.88116201787,176297.96844141377,-0.3178620806254643,0.6295278295874596,0.7401038839270501
sp|Q0JRZ9|FCHO2_HUMAN,42584788.65130828,40734019.96870737,-0.12289575810390045,0.6295278295874596,0.7401038839270501
sp|Q8WZ64|ARAP2_HUMAN,380661.52259995096,403632.0600138581,0.18908402695031443,0.6295278295874596,0.7401038839270501
sp|A0A087WSZ0|KVD08_HUMAN,9924157.257702729,10942859.981858967,0.17025673356302476,0.6295278295874596,0.7401038839270501
sp|P15121|ALDR_HUMAN,483587014.5214254,477842185.7017046,-0.12928452300084967,0.6295278295874596,0.7401038839270501
sp|Q9P2A4|ABI3_HUMAN,12043745.537669772,12897843.61647368,0.9853819112093644,0.6295278295874596,0.7401038839270501
sp|Q86W25|NAL13_HUMAN,2221989.8941098624,2605000.967055708,-0.09560363399228221,0.6295278295874596,0.7401038839270501
sp|Q9Y4Y9|LSM5_HUMAN,6169111.804816977,6435116.198418194,0.0372225677533284,0.6295278295874596,0.7401038839270501
sp|P04062|GLCM_HUMAN,11904115.831648802,11744523.330359327,-0.09957620562324289,0.6295278295874596,0.7401038839270501
sp|Q9NQ88|TIGAR_HUMAN,5121781.407059563,5524888.523749418,-0.0023330527485893693,0.6295278295874596,0.7401038839270501
sp|Q13356|PPIL2_HUMAN,5246953.601717636,5494164.359947785,0.1419239755393324,0.6295278295874596,0.7401038839270501
sp|Q9UBC2|EP15R_HUMAN,61559375.923744455,61824564.32208612,-0.0020517922874215217,0.6295278295874596,0.7401038839270501
sp|O00712|NFIB_HUMAN,1956071.2126543897,2151774.5949660954,0.1615788216925179,0.6295278295874596,0.7401038839270501
sp|P46060|RAGP1_HUMAN,4054190.18640459,3850118.6481502727,-0.10434470483061402,0.6295278295874596,0.7401038839270501
sp|Q9NYU1|UGGG2_HUMAN,7950530.58766915,7798476.275002801,-0.06050732460217185,0.6295278295874596,0.7401038839270501
sp|Q5QJ74|TBCEL_HUMAN,2031367.5879682899,2837441.049602035,0.20055328682103887,0.6295278295874596,0.7401038839270501
sp|Q9NQX3|GEPH_HUMAN,25127186.75880822,24158900.355728038,-0.05364158446576795,0.6295278295874596,0.7401038839270501
sp|Q9BR61|ACBD6_HUMAN,93275.45736377047,117037.72659837415,0.34325880280466115,0.6295278295874596,0.7401038839270501
sp|O43567|RNF13_HUMAN,3653445.4840090265,3570674.109038265,-0.06534770678628574,0.6455853804945946,0.7550973046535607
sp|Q14966|ZN638_HUMAN,311202.73881910887,316202.4056203211,-0.11490523232426404,0.6455853804945946,0.7550973046535607
sp|O60496|DOK2_HUMAN,199923.02435286916,196659.9948384996,-0.5982841531983251,0.6455853804945946,0.7550973046535607
sp|Q96C03|MID49_HUMAN,8804273.912551066,9428184.780001704,-0.052170943872289204,0.6455853804945946,0.7550973046535607
sp|O95340|PAPS2_HUMAN / sp|O43252|PAPS1_HUMAN,527921.7623014139,483689.2630479382,-0.3632660400206503,0.6455853804945946,0.7550973046535607
sp|Q9BZE1|RM37_HUMAN,14923383.568207538,15311626.853550147,-0.014896535078193319,0.6455853804945946,0.7550973046535607
sp|P30084|ECHM_HUMAN,431390501.72936803,399794502.1786734,-0.12427167925882188,0.6455853804945946,0.7550973046535607
sp|O94919|ENDD1_HUMAN,2338959.675866383,2645533.7250251444,0.04490229421215374,0.6455853804945946,0.7550973046535607
sp|P01008|ANT3_HUMAN / sp|ANT3_HUMAN|P01008,1466880602.560211,1424264593.5849702,-0.12683868848562502,0.6455853804945946,0.7550973046535607
sp|Q6NUM9|RETST_HUMAN,45270062.561227344,46379212.49948718,-0.05477436782761417,0.6455853804945946,0.7550973046535607
sp|Q5T653|RM02_HUMAN,5499848.965270919,5525368.571571896,-0.06310859616181057,0.6455853804945946,0.7550973046535607
sp|Q03591|FHR1_HUMAN,167810137.76862842,167110658.69985104,-0.12033232116946088,0.6455853804945946,0.7550973046535607
sp|Q8WVJ2|NUDC2_HUMAN,25000049.51614781,25280083.65542391,-0.03383462640081081,0.6455853804945946,0.7550973046535607
sp|P49756|RBM25_HUMAN,5590780.122881481,5478233.945781326,-0.021975853145214348,0.6455853804945946,0.7550973046535607
sp|P38646|GRP75_HUMAN,914665028.8482484,901272276.3968718,-0.02509942703026787,0.6455853804945946,0.7550973046535607
sp|P11413|G6PD_HUMAN,416314585.6298086,414162632.0994143,0.0011581538171286099,0.6455853804945946,0.7550973046535607
sp|O15078|CE290_HUMAN,1570193.9579122372,1762782.0190718467,0.058067799051874765,0.6455853804945946,0.7550973046535607
sp|Q5KU26|COL12_HUMAN,1354413.8351142616,1355619.1412259245,-0.13627016790990737,0.6455853804945946,0.7550973046535607
sp|P01893|HLAH_HUMAN,45704519.729308106,46073047.39834039,0.077915461979161,0.6455853804945946,0.7550973046535607
sp|A1X283|SPD2B_HUMAN,2024213.2403265808,2018930.7908456821,-0.045428055854718055,0.6455853804945946,0.7550973046535607
sp|P04211|LV743_HUMAN,122301288.77731612,136794953.29516533,0.0999033585159536,0.6455853804945946,0.7550973046535607
sp|O75695|XRP2_HUMAN,857915.0678279585,1089132.0019976865,0.19915818375339647,0.6618045940995216,0.7678917425250494
sp|Q92539|LPIN2_HUMAN,516846.84448546736,525179.920676432,-0.16961278001899296,0.6618045940995216,0.7678917425250494
sp|A6ZKI3|RTL8C_HUMAN,2956403.087719147,2873515.261588686,-0.1231271330488004,0.6618045940995216,0.7678917425250494
sp|Q7Z2K6|ERMP1_HUMAN,2615560.0597126083,1689900.0324302416,0.016345579882528806,0.6618045940995216,0.7678917425250494
sp|Q15417|CNN3_HUMAN,86148140.46417038,80705907.75194608,-0.08560916418068934,0.6618045940995216,0.7678917425250494
sp|P17096|HMGA1_HUMAN,5936046.980593492,6301076.737908344,0.04969187135851472,0.6618045940995216,0.7678917425250494
sp|P22612|KAPCG_HUMAN,15929203.261798311,18446778.992284376,0.055532159061749915,0.6618045940995216,0.7678917425250494
sp|O75506|HSBP1_HUMAN,1728221.4079546176,2100927.9260385833,0.06242902882137851,0.6618045940995216,0.7678917425250494
sp|P14406|CX7A2_HUMAN,8415492.630406937,8592978.796835361,-0.20107592551804604,0.6618045940995216,0.7678917425250494
sp|P00325|ADH1B_HUMAN,19863868116.797127,20620557746.73394,-0.23867681181937098,0.6618045940995216,0.7678917425250494
sp|P01817|HV205_HUMAN,9586297.699939875,10171228.566225188,0.07271143877401062,0.6618045940995216,0.7678917425250494
sp|Q8WWQ0|PHIP_HUMAN / sp|Q6RI45|BRWD3_HUMAN,1300269.5922202556,1210290.5035792645,-0.20740516629017844,0.6618045940995216,0.7678917425250494
sp|P25685|DNJB1_HUMAN,15545636.799181966,15153385.72297424,-0.09841648911203178,0.6618045940995216,0.7678917425250494
sp|Q8IU80|TMPS6_HUMAN,2430988.60182906,2400284.2634828435,-0.17101615730593217,0.6618045940995216,0.7678917425250494
sp|Q9HB07|MYG1_HUMAN,31324583.110346172,32136303.695322275,-0.13151859513711386,0.6618045940995216,0.7678917425250494
sp|P63302|SELW_HUMAN,91132.86317861387,126034.28976954755,0.004859274406514382,0.6618045940995216,0.7678917425250494
sp|Q13303|KCAB2_HUMAN,6429032.8348861355,6269139.885311422,-0.07365748451995684,0.6618045940995216,0.7678917425250494
sp|Q14520|HABP2_HUMAN,37386524.55522755,40281711.24913297,-0.15561057478375354,0.6618045940995216,0.7678917425250494
sp|P36543|VATE1_HUMAN,14022083.398203852,13005748.822716985,-0.19409951753969243,0.6618045940995216,0.7678917425250494
sp|P61956|SUMO2_HUMAN,174711852.468769,183355468.99838325,0.005397603352903201,0.6618045940995216,0.7678917425250494
sp|P32929|CGL_HUMAN,18699161.14045911,15531204.964227377,-0.15189429041431102,0.6618045940995216,0.7678917425250494
sp|P32519|ELF1_HUMAN,2524920.8128568507,3059762.151895837,0.119368758035182,0.6618045940995216,0.7678917425250494
sp|O14880|MGST3_HUMAN,17927835.797003843,16758569.459571285,-0.09125019625854248,0.6618045940995216,0.7678917425250494
sp|Q14353|GAMT_HUMAN,16859048.96552727,18705537.90467834,-0.05194881440906484,0.6618045940995216,0.7678917425250494
sp|P36269|GGT5_HUMAN,21031207.71456332,19949394.31873942,-0.13817302207346066,0.6618045940995216,0.7678917425250494
sp|Q9H1C4|UN93B_HUMAN,95549.21400113891,86040.83020965665,-0.1783750766540782,0.6618045940995216,0.7678917425250494
sp|Q96QG7|MTMR9_HUMAN,1353341.3603402113,1305503.2646807954,-0.2029870184987181,0.6618045940995216,0.7678917425250494
sp|P52799|EFNB2_HUMAN,785469.8108785249,845094.0868362238,-0.12774233031639257,0.6618045940995216,0.7678917425250494
sp|P53618|COPB_HUMAN,3190989.159264338,3074303.1180814686,-0.10840947606530357,0.6618045940995216,0.7678917425250494
sp|Q9C0B0|UNK_HUMAN,3593105.2921003615,3577713.2837136216,-0.02859424250050024,0.6618045940995216,0.7678917425250494
sp|P54826|GAS1_HUMAN,276132.3385908453,284650.1897510755,-0.23921076225589616,0.6618045940995216,0.7678917425250494
sp|P61626|LYSC_HUMAN / sp|LYSC_HUMAN|P61626,11920582.819943579,41546766.19682834,0.1299255227824645,0.6618045940995216,0.7678917425250494
sp|Q14155|ARHG7_HUMAN,145459.77973007463,120912.29615341338,-0.7088456519331539,0.6618045940995216,0.7678917425250494
sp|O00567|NOP56_HUMAN,5567480.437140105,5686984.381552574,-0.010191547810889061,0.6781789660453796,0.7801008768101095
sp|A0A0B4J1Y9|HV372_HUMAN,143424863.45499006,149061005.06384665,0.12489537313083916,0.6781789660453796,0.7801008768101095
sp|Q9Y3D3|RT16_HUMAN,1815616.0005851595,1667087.2037230276,-0.38970727204020716,0.6781789660453796,0.7801008768101095
sp|Q9UH99|SUN2_HUMAN,442659.3098192128,523535.1665655241,0.12487809355230375,0.6781789660453796,0.7801008768101095
sp|Q9BYN0|SRXN1_HUMAN,78586231.09438667,84448684.47725625,0.10661134353441819,0.6781789660453796,0.7801008768101095
sp|Q13724|MOGS_HUMAN,2330125.746276489,2353426.697596949,-0.13007292883044994,0.6781789660453796,0.7801008768101095
sp|Q8N126|CADM3_HUMAN,3703023.6594854235,4242842.927707228,-0.037883190547171174,0.6781789660453796,0.7801008768101095
sp|P46926|GNPI1_HUMAN,199679004.26048753,201696833.4914546,-0.11241772741902903,0.6781789660453796,0.7801008768101095
sp|O00154|BACH_HUMAN,4222906.034483618,4208488.209137661,-0.11242531326809328,0.6781789660453796,0.7801008768101095
sp|O15126|SCAM1_HUMAN,129630.77009685161,138230.23376633652,-0.9746027201069966,0.6781789660453796,0.7801008768101095
sp|Q14112|NID2_HUMAN,110444107.33874364,103779678.73338437,-0.06284688312565745,0.6781789660453796,0.7801008768101095
sp|P43652|AFAM_HUMAN,481113343.81705236,471173888.0765268,-0.11817378937477163,0.6781789660453796,0.7801008768101095
sp|Q96AB6|NTAN1_HUMAN,24849870.01940627,27545075.303552754,0.0004817255679968443,0.6781789660453796,0.7801008768101095
sp|Q92781|RDH5_HUMAN,13289151.087408442,14267394.519216046,0.05280109882689642,0.6781789660453796,0.7801008768101095
sp|Q9Y6C9|MTCH2_HUMAN,12847019.014588047,13349252.029875949,0.0665846275172037,0.6781789660453796,0.7801008768101095
sp|Q96CX2|KCD12_HUMAN,167682700.65376383,159295113.68813938,-0.059402225595914536,0.6781789660453796,0.7801008768101095
sp|P13645|K1C10_HUMAN,309984993.4441572,246493091.6512649,-0.21047507567678217,0.6781789660453796,0.7801008768101095
sp|Q8IZQ5|SELH_HUMAN,13726127.388761297,6783300.882585442,-0.13006193022069606,0.6781789660453796,0.7801008768101095
sp|P35908|K22E_HUMAN,285359068.0325484,230318239.65035734,-0.1817921824367074,0.6781789660453796,0.7801008768101095
sp|Q8TAQ9|SUN3_HUMAN,56867041.41605921,56517230.70718209,-0.14799890440259628,0.6781789660453796,0.7801008768101095
sp|P29972|AQP1_HUMAN,1762137.8541845533,1648487.4792304111,-0.404848611678407,0.6781789660453796,0.7801008768101095
sp|Q9ULC4|MCTS1_HUMAN,25659010.94918302,24795377.50199125,-0.03213689997333577,0.6781789660453796,0.7801008768101095
sp|P00505|AATM_HUMAN,277647572.97288996,305822515.32379854,-0.05625951884693544,0.6781789660453796,0.7801008768101095
sp|Q6Y1H2|HACD2_HUMAN,410416.2021365817,391125.51341329614,-0.22262845101473613,0.6781789660453796,0.7801008768101095
sp|Q68D91|MBLC2_HUMAN,431531.88328003185,424514.6692160921,0.09046313160596776,0.6781789660453796,0.7801008768101095
sp|Q9ULN7|PNM8B_HUMAN,311018.3815684702,319833.9810177451,-0.22412182478814285,0.6781789660453796,0.7801008768101095
sp|P49662|CASP4_HUMAN,25834732.224983126,24903941.378208287,-0.08948725538691384,0.6781789660453796,0.7801008768101095
sp|Q9Y6V7|DDX49_HUMAN,1110532.2220512952,1258283.4925792676,0.07279616549518916,0.6781789660453796,0.7801008768101095
sp|Q9H993|ARMT1_HUMAN,26119819.58106137,25747694.46977421,-0.03654851498839663,0.6781789660453796,0.7801008768101095
sp|Q9BTW9|TBCD_HUMAN,516877.05875267385,529092.2525752212,-0.23567503831993925,0.6781789660453796,0.7801008768101095
sp|Q93009|UBP7_HUMAN,21391707.959275447,20634117.884711254,-0.15038923279629593,0.6781789660453796,0.7801008768101095
sp|Q8WXH0|SYNE2_HUMAN,7980169.62579462,7787821.235576354,0.190044007945386,0.6781789660453796,0.7801008768101095
sp|P08648|ITA5_HUMAN,30390028.10366608,30465841.567787204,-0.009742412187710615,0.6781789660453796,0.7801008768101095
sp|Q13177|PAK2_HUMAN,16208680.424204366,17275978.788898658,0.0819600759785787,0.6781789660453796,0.7801008768101095
sp|P62195|PRS8_HUMAN,18898462.596563164,20607048.841684345,-0.005105324759914304,0.6781789660453796,0.7801008768101095
sp|P26885|FKBP2_HUMAN,94730062.3175225,92747085.49849008,-0.04232946874172185,0.6781789660453796,0.7801008768101095
sp|P38606|VATA_HUMAN,138393263.00978503,138861733.0847486,-0.10328190663417532,0.6947018131613731,0.7922704375858911
sp|P04150|GCR_HUMAN,7800418.971256085,7606716.857414192,-0.02123732681006411,0.6947018131613731,0.7922704375858911
sp|Q9Y6A4|CFA20_HUMAN,367469.9441121263,369731.84532662906,-0.06049171823246421,0.6947018131613731,0.7922704375858911
sp|Q04756|HGFA_HUMAN,24302795.985961266,23763364.46059714,-0.11906598908083181,0.6947018131613731,0.7922704375858911
sp|O14657|TOR1B_HUMAN,825543.5431943896,16247179.115942389,-0.22560379317364632,0.6947018131613731,0.7922704375858911
sp|Q08431|MFGM_HUMAN,1962772.9835886066,2195600.5303846314,0.03880069087346717,0.6947018131613731,0.7922704375858911
sp|Q9NX63|MIC19_HUMAN,8033776.667610121,9152807.041197402,0.1532076625065466,0.6947018131613731,0.7922704375858911
sp|P16403|H12_HUMAN,295063755.3996266,317355420.71336895,0.05267247084552806,0.6947018131613731,0.7922704375858911
sp|A0A0B4J1U7|HV601_HUMAN,8150562.726094746,7184453.048673389,-0.11103123696751054,0.6947018131613731,0.7922704375858911
sp|Q01658|NC2B_HUMAN,1373275.3661640903,1399330.227213464,-0.2054979040025711,0.6947018131613731,0.7922704375858911
sp|Q53SF7|COBL1_HUMAN,29968348.825754315,30533870.453267116,-0.054510436271599676,0.6947018131613731,0.7922704375858911
sp|Q07021|C1QBP_HUMAN,5258051.547677171,5302016.663151364,-0.24367548390657165,0.6947018131613731,0.7922704375858911
sp|Q9Y2I8|WDR37_HUMAN,12867570.375078527,22428668.599319898,0.24132599628292503,0.6947018131613731,0.7922704375858911
sp|Q6UW68|TM205_HUMAN,2565716.2681361223,2444605.4077668837,-0.16933975436850024,0.6947018131613731,0.7922704375858911
sp|O95456|PSMG1_HUMAN,1653768.9127057367,1418518.072227541,-0.8046508791166785,0.6947018131613731,0.7922704375858911
sp|A1Z1Q3|MACD2_HUMAN,4216483.7488604225,4321630.080501757,-0.02922783509381764,0.6947018131613731,0.7922704375858911
sp|Q9NZ43|USE1_HUMAN,759825.3220307927,826110.8565531274,0.09032881105232134,0.6947018131613731,0.7922704375858911
sp|A0M8Q6|IGLC7_HUMAN,7099944494.2198305,7123036070.9815235,0.023150499210028968,0.6947018131613731,0.7922704375858911
sp|Q05655|KPCD_HUMAN,27078765.281107772,50777164.31034659,0.11171571987752506,0.6947018131613731,0.7922704375858911
sp|P46976|GLYG_HUMAN,64168084.90058651,71123705.57618557,0.11496038670474587,0.6947018131613731,0.7922704375858911
sp|P48556|PSMD8_HUMAN,3514083.5798056168,3983307.073834386,0.09115215381063223,0.6947018131613731,0.7922704375858911
sp|P51452|DUS3_HUMAN,61313903.54010237,56598399.33681298,-0.11171193326042166,0.6947018131613731,0.7922704375858911
sp|Q969G3|SMCE1_HUMAN,2001241.7238144185,2258849.544135646,-0.09169766108808956,0.6947018131613731,0.7922704375858911
sp|Q13123|RED_HUMAN,57030492.12163859,40575605.63568645,0.06667347464689678,0.6947018131613731,0.7922704375858911
sp|Q13825|AUHM_HUMAN,11875339.749137476,11770661.2286315,-0.08628956168399655,0.6947018131613731,0.7922704375858911
sp|Q6NUN0|ACSM5_HUMAN,15845598.36014588,15915040.458912598,-0.010048776273328385,0.6947018131613731,0.7922704375858911
sp|P78563|RED1_HUMAN,21258332.80885249,20459153.84230724,0.01810912908715672,0.6947018131613731,0.7922704375858911
sp|Q8N1F7|NUP93_HUMAN,318913.83711164823,324547.2337602685,-0.2818005596669139,0.6947018131613731,0.7922704375858911
sp|P61604|CH10_HUMAN,1100647265.488444,1067915925.0445334,-0.0027447543724681152,0.6947018131613731,0.7922704375858911
sp|O75116|ROCK2_HUMAN,1367472.1715802092,1355413.071789194,-0.07533100210827863,0.6947018131613731,0.7922704375858911
sp|Q9Y2L6|FRM4B_HUMAN,7622296.630306757,7700259.023950623,0.022687701888289575,0.6947018131613731,0.7922704375858911
sp|A0A075B6S2|KVD29_HUMAN / sp|A2NJV5|KV229_HUMAN,85227619.35312782,98389628.87025268,0.03204551512988555,0.6947018131613731,0.7922704375858911
sp|Q9UJW0|DCTN4_HUMAN,37017640.17097238,37434999.810029715,-0.013524239943629059,0.6947018131613731,0.7922704375858911
sp|Q15018|ABRX2_HUMAN,12933648.705080494,13841587.170604097,0.04173089651601418,0.6947018131613731,0.7922704375858911
sp|Q9Y2W7|CSEN_HUMAN,3476009.8415454975,5608817.383157297,0.09787047806301404,0.6947018131613731,0.7922704375858911
sp|P00374|DYR_HUMAN,4006283.346802644,5080656.20783666,0.16890401983744288,0.6947018131613731,0.7922704375858911
sp|Q9Y6M1|IF2B2_HUMAN,15424514.500263948,16656564.937180502,0.051963081893875204,0.7113664001226425,0.805532646103955
sp|P45973|CBX5_HUMAN,22852305.216151517,22706634.701546866,-0.08495147406567838,0.7113664001226425,0.805532646103955
sp|Q5VU97|CAHD1_HUMAN,205485.37863036658,198609.389125548,-0.08463144351329643,0.7071006493742998,0.805532646103955
sp|Q99983|OMD_HUMAN,3352629.131989271,2935542.752255712,-0.005631051083221658,0.7113664001226425,0.805532646103955
sp|Q13976|KGP1_HUMAN,400159.94950804714,375166.15443309007,-0.5944835940307678,0.7113664001226425,0.805532646103955
sp|Q9Y484|WIPI4_HUMAN,8596196.238515517,10264546.765516499,-0.321239951210914,0.7113664001226425,0.805532646103955
sp|Q9NZU5|LMCD1_HUMAN,202463047.6006784,202521321.83880666,-0.17876778393727846,0.7113664001226425,0.805532646103955
sp|P20292|AL5AP_HUMAN,872826.5654738861,1365788.5023299586,-2.077461344592179,0.7113664001226425,0.805532646103955
sp|Q7L2E3|DHX30_HUMAN,1345704.225114973,1440054.4159809384,-0.1275242864499178,0.7113664001226425,0.805532646103955
sp|Q709C8|VP13C_HUMAN,30423425.214962564,30509562.28793868,-0.09017679083899625,0.7113664001226425,0.805532646103955
sp|Q06124|PTN11_HUMAN,138578864.82197893,129106136.01252739,-0.19588032012672482,0.7113664001226425,0.805532646103955
sp|Q69YN2|C19L1_HUMAN,2777722.443056225,2721558.6807812066,0.05944320546053571,0.7113664001226425,0.805532646103955
sp|P51114|FXR1_HUMAN,7444933.143439868,8087675.558549123,-0.04213224795496439,0.7113664001226425,0.805532646103955
sp|Q9BTV6|DPH7_HUMAN,4181187.1647448274,4160950.025574945,0.1309138329559357,0.7113664001226425,0.805532646103955
sp|Q15223|NECT1_HUMAN,1653480.455555895,1583529.2628836285,-0.06986591686904269,0.7113664001226425,0.805532646103955
sp|Q99729|ROAA_HUMAN,81567008.03999425,82660934.01072109,-0.048344217390503215,0.7113664001226425,0.805532646103955
sp|Q8NFH3|NUP43_HUMAN,9563831.248682322,10137807.546535043,0.07444776644660005,0.7113664001226425,0.805532646103955
sp|A0A0C4DH68|KV224_HUMAN / sp|A0A075B6R9|KVD24_HUMAN,52407931.75782381,53120427.78398764,0.14179588639820337,0.7113664001226425,0.805532646103955
sp|P08603|CFAH_HUMAN,1859180792.0334432,1858101152.1466832,-0.16353808305277134,0.7113664001226425,0.805532646103955
sp|P48668|K2C6C_HUMAN,1341486958.6053853,820311923.2246338,-0.26044439912652145,0.7113664001226425,0.805532646103955
sp|Q9NQT8|KI13B_HUMAN,6649136.030439298,6570122.504462504,-0.02807177597983603,0.7113664001226425,0.805532646103955
sp|Q16570|ACKR1_HUMAN,1282792.6069546167,1487072.8323656619,-0.03628773749933908,0.7113664001226425,0.805532646103955
sp|O75083|WDR1_HUMAN,732637610.8058897,757028565.2897772,0.009077754739311007,0.7113664001226425,0.805532646103955
sp|Q13641|TPBG_HUMAN,5209416.179869131,5261294.091960021,-0.04877788074783549,0.7113664001226425,0.805532646103955
sp|Q9NQ48|LZTL1_HUMAN,14148867.643805739,14011805.582643798,-0.04702309106484307,0.7113664001226425,0.805532646103955
sp|A8MQB3|CQ051_HUMAN,463207.92435787746,434661.9583061355,-0.3210399140922142,0.7113664001226425,0.805532646103955
sp|Q00059|TFAM_HUMAN,971000.1860145448,1002506.7676830834,0.1284649575903216,0.7113664001226425,0.805532646103955
sp|Q96AY3|FKB10_HUMAN,39926954.15290405,38942827.20954459,-0.17639641488217167,0.7113664001226425,0.805532646103955
sp|O95777|LSM8_HUMAN,13130831.152306315,14638709.81004181,0.09263281554571841,0.7113664001226425,0.805532646103955
sp|Q86TI2|DPP9_HUMAN,128185752.4052762,125164559.25390884,-0.09747631054197879,0.7113664001226425,0.805532646103955
sp|A0A0C4DH55|KVD07_HUMAN,10681088.249731166,10729597.639352977,0.04659019162050699,0.7281656339764595,0.8189516938019755
sp|P36980|FHR2_HUMAN,78426859.85411732,83035686.69852899,-0.0020455070209605846,0.7281656339764595,0.8189516938019755
sp|O00161|SNP23_HUMAN,3518181.3600491933,3626603.5975530283,-0.03502878386682883,0.7281656339764595,0.8189516938019755
sp|Q14204|DYHC1_HUMAN,59014490.01753888,64025464.81465306,0.06853621653403216,0.7281656339764595,0.8189516938019755
sp|Q9H098|F107B_HUMAN,6180814.163720767,6711633.326909666,-0.010673939416696256,0.7281656339764595,0.8189516938019755
sp|Q9NPJ3|ACO13_HUMAN,56432557.03940142,55361430.95264196,-0.0029054792196746442,0.7281656339764595,0.8189516938019755
sp|P62993|GRB2_HUMAN,68628857.40452187,67349266.511822,-0.08559544038902138,0.7281656339764595,0.8189516938019755
sp|Q9UGP8|SEC63_HUMAN,1213321.369924664,1253952.8129828034,-0.05755971533471758,0.7281656339764595,0.8189516938019755
sp|Q9Y5F6|PCDGM_HUMAN,572836.5873185951,558340.9830798756,0.0028462088240140022,0.7281656339764595,0.8189516938019755
sp|Q9HD26|GOPC_HUMAN,4799448.060737046,5348758.864683763,0.2249388534135355,0.7281656339764595,0.8189516938019755
sp|Q9UHQ9|NB5R1_HUMAN,17844564.478051238,18225282.511113483,-0.001550213961692411,0.7281656339764595,0.8189516938019755
sp|Q9UM00|TMCO1_HUMAN,4671384.220543372,4530103.974359324,-0.10110286117328257,0.7281656339764595,0.8189516938019755
sp|Q9Y3P9|RBGP1_HUMAN,4828574.544828177,1270622.3079495071,-0.6404334575275394,0.7281656339764595,0.8189516938019755
sp|P35527|K1C9_HUMAN,216042157.40618,145188370.32993025,0.052788520463732135,0.7281656339764595,0.8189516938019755
sp|Q08752|PPID_HUMAN,35925031.648151346,36517821.19295319,0.023762128513085488,0.7281656339764595,0.8189516938019755
sp|P0CAP2|GRL1A_HUMAN,769179.9972801168,803069.1157381668,-0.1067187767370896,0.7281656339764595,0.8189516938019755
sp|Q14573|ITPR3_HUMAN,7459575.881237837,7697371.164524873,0.013004472748067814,0.7281656339764595,0.8189516938019755
sp|O43301|HS12A_HUMAN,44730086.494177625,46022828.2859802,-0.07357108519246457,0.7281656339764595,0.8189516938019755
sp|O15305|PMM2_HUMAN,37785673.1838017,38525390.10389309,0.015220315252275074,0.7281656339764595,0.8189516938019755
sp|Q92820|GGH_HUMAN,12366775.645442914,12920753.317153392,-0.0034255370853426797,0.7281656339764595,0.8189516938019755
sp|Q9NWH9|SLTM_HUMAN,120259.29911336103,141377.3015759288,0.012171616024307117,0.7281656339764595,0.8189516938019755
sp|P20160|CAP7_HUMAN,49480391.567700036,156545813.73633543,-0.06619648905867882,0.7281656339764595,0.8189516938019755
sp|Q13541|4EBP1_HUMAN,5275620.898023565,4567390.227437358,-0.06181974616382517,0.7281656339764595,0.8189516938019755
sp|Q9BYN8|RT26_HUMAN,2340375.9770826628,2318076.2750576125,0.05368691316866109,0.7281656339764595,0.8189516938019755
sp|Q13428|TCOF_HUMAN,41894979.96141617,41640059.33279449,-0.06753021487542518,0.7281656339764595,0.8189516938019755
sp|Q96SM3|CPXM1_HUMAN,7563863.57015694,7582836.419985385,-0.02023035900536762,0.7281656339764595,0.8189516938019755
sp|P52790|HXK3_HUMAN,40627892.70806145,53287430.99878473,0.1477732258769817,0.7281656339764595,0.8189516938019755
sp|Q8WV41|SNX33_HUMAN,3277176.321928896,3783911.6522962004,0.05992378085745691,0.7281656339764595,0.8189516938019755
sp|Q8IYM1|SEP12_HUMAN,1804266.8380496663,1809509.7632773542,0.03296237649898207,0.7281656339764595,0.8189516938019755
sp|Q96P48|ARAP1_HUMAN,175174.13491366035,214177.01738322125,1.2633540791184643,0.7450922578573227,0.8300134042379971
sp|O75351|VPS4B_HUMAN,2645130.0468973415,2780190.063442598,0.03214703592623851,0.7450922578573227,0.8300134042379971
sp|Q9H4M9|EHD1_HUMAN,31804673.38166209,31017533.62816421,-0.03479985152926117,0.7450922578573227,0.8300134042379971
sp|Q9Y2B0|CNPY2_HUMAN,79665387.73009174,78300130.08625777,-0.09728638787393569,0.7450922578573227,0.8300134042379971
sp|GSTP1_HUMAN|P09211,1854903301.4576523,2034066707.7158105,0.012054392956149806,0.7450922578573227,0.8300134042379971
sp|P62333|PRS10_HUMAN,32985052.08539998,37219048.498758316,0.09152532398229986,0.7450922578573227,0.8300134042379971
sp|O75521|ECI2_HUMAN,11731146.32759597,11276729.59369252,-0.04636891114835391,0.7450922578573227,0.8300134042379971
sp|Q15024|EXOS7_HUMAN,1948847.0771214503,1882585.032509547,-0.08827775881666053,0.7450922578573227,0.8300134042379971
sp|Q96M83|CCDC7_HUMAN,2101217.0527751246,2302493.6789341033,-0.24191781315016417,0.7450922578573227,0.8300134042379971
sp|P20851|C4BPB_HUMAN,16789746.5679075,21242790.175367754,-0.08428619952267512,0.7450922578573227,0.8300134042379971
sp|Q9Y2J8|PADI2_HUMAN,596141.3575984064,1296550.4598376246,-0.05389059033915019,0.7450922578573227,0.8300134042379971
sp|Q8NEL9|DDHD1_HUMAN,27570700.32668217,31652170.559545614,0.054822464947768115,0.7450922578573227,0.8300134042379971
sp|Q9NR19|ACSA_HUMAN,87061066.32541463,101601860.5524476,-0.12717130729859985,0.7450922578573227,0.8300134042379971
sp|P42768|WASP_HUMAN,571990.347543409,910799.1056103065,0.04113136470928908,0.7450922578573227,0.8300134042379971
sp|Q9BZV2|S19A3_HUMAN,1364751.3345588432,1356613.874742141,-0.05110802807224667,0.7450922578573227,0.8300134042379971
sp|Q13459|MYO9B_HUMAN,512246.7696930008,645697.7212266327,0.15136415025213967,0.7450922578573227,0.8300134042379971
sp|P19256|LFA3_HUMAN,5487974.427664138,5801257.811657777,0.0548867215861888,0.7450922578573227,0.8300134042379971
sp|Q32P28|P3H1_HUMAN,4931450.480195002,5052673.58338329,-0.14985239594687477,0.7450922578573227,0.8300134042379971
sp|Q96JM3|CHAP1_HUMAN,826835.7387634888,581483.1844467261,-0.15651936932567106,0.7450922578573227,0.8300134042379971
sp|Q8IWB7|WDFY1_HUMAN,29412295.823761713,29241130.80060802,-0.005107399015382401,0.7450922578573227,0.8300134042379971
sp|P14927|QCR7_HUMAN,16373545.719509896,13958516.370979095,-0.016385426896046922,0.7450922578573227,0.8300134042379971
sp|Q5JNZ3|ZN311_HUMAN,182745.62483634058,174389.56458561588,-0.4040605293545316,0.7450922578573227,0.8300134042379971
sp|Q7L9B9|EEPD1_HUMAN,800030.5040576768,563745.1899926201,0.3126884725091359,0.7450922578573227,0.8300134042379971
sp|Q8N2S1|LTBP4_HUMAN,49410999.70811819,46866936.40731981,-0.16945606053631032,0.7450922578573227,0.8300134042379971
sp|Q8TCJ2|STT3B_HUMAN,2418129.6598413535,2500219.8356369925,-0.015564962515264078,0.7450922578573227,0.8300134042379971
sp|Q9HBL8|NMRL1_HUMAN,9581996.323572936,8789596.322166804,-0.2747635616107675,0.7450922578573227,0.8300134042379971
sp|Q9NQ29|LUC7L_HUMAN,20157666.427958008,20978714.599790487,0.037857941641860925,0.7450922578573227,0.8300134042379971
sp|Q9Y693|LHPL6_HUMAN,4177394.0558311334,4205081.299624687,0.04885161405879642,0.7450922578573227,0.8300134042379971
sp|O60516|4EBP3_HUMAN,858974.0168558259,844889.138008423,-0.07502248715582129,0.7450922578573227,0.8300134042379971
sp|Q9BYD1|RM13_HUMAN,4895290.171096629,5128162.343312238,-0.060661298127928344,0.7450922578573227,0.8300134042379971
sp|Q5T6F2|UBAP2_HUMAN,2100179.670577861,2275159.23759582,0.003409489829828523,0.7450922578573227,0.8300134042379971
sp|Q92995|UBP13_HUMAN,16939841.733660374,17433473.560781695,0.023796451374739576,0.7450922578573227,0.8300134042379971
sp|Q9NRL3|STRN4_HUMAN,4746463.260639319,4768044.657065099,0.030834040695953528,0.7450922578573227,0.8300134042379971
sp|P27338|AOFB_HUMAN,88227118.12973662,85713869.36378077,-0.12120937046572197,0.7450922578573227,0.8300134042379971
sp|Q9BT78|CSN4_HUMAN,37733355.78565211,40118650.4979528,0.04005079412970046,0.7450922578573227,0.8300134042379971
sp|P38571|LICH_HUMAN,2252803.1791204093,2612814.846320798,0.0731262337600714,0.7450922578573227,0.8300134042379971
sp|Q13158|FADD_HUMAN,459685.28638716135,446116.85505663446,-0.21340065823652118,0.7450922578573227,0.8300134042379971
sp|P52948|NUP98_HUMAN,15705959.40276013,15883034.997105312,-0.03879716585813905,0.7450922578573227,0.8300134042379971
sp|P56524|HDAC4_HUMAN,2316653.731701796,2216209.1911139726,-0.21378665943501435,0.7450922578573227,0.8300134042379971
sp|P14324|FPPS_HUMAN,14502790.910005884,15151318.484493624,-0.007002972129467893,0.7450922578573227,0.8300134042379971
sp|Q5VZ66|JKIP3_HUMAN,27570700.32668217,31652170.559545614,0.054822464947768115,0.7450922578573227,0.8300134042379971
sp|Q99963|SH3G3_HUMAN,12829041.702296903,14682445.47977814,-0.06726087924770359,0.7621389999985695,0.8415796274719594
sp|P01860|IGHG3_HUMAN,31496725629.01661,32492665895.012856,0.06402716829309947,0.7621389999985695,0.8415796274719594
sp|Q8TEB1|DCA11_HUMAN,768602.2011822943,771189.5631929219,0.04965963748660356,0.7621389999985695,0.8415796274719594
sp|Q9Y6W3|CAN7_HUMAN,1965178.563427758,1798128.231301924,-0.15222007538365392,0.7621389999985695,0.8415796274719594
sp|Q9UBN7|HDAC6_HUMAN,6301576.813053193,6289599.56956963,0.04190740713279264,0.7621389999985695,0.8415796274719594
sp|O95399|UTS2_HUMAN,187681214.58274838,181521428.6115196,-0.05242283221257117,0.7621389999985695,0.8415796274719594
sp|P02792|FRIL_HUMAN,145913102.5550422,116030804.86165822,-0.26834505065122854,0.7621389999985695,0.8415796274719594
sp|P01861|IGHG4_HUMAN,19519357320.322483,19940458095.396717,0.048807165877035534,0.7621389999985695,0.8415796274719594
sp|Q02224|CENPE_HUMAN,1152879.8752039033,1181800.4089576467,0.10016903832209627,0.7621389999985695,0.8415796274719594
sp|P02776|PLF4_HUMAN,6506858.177379993,12945622.202242006,-0.3852618636433964,0.7621389999985695,0.8415796274719594
sp|Q9NZL9|MAT2B_HUMAN,73428675.11737359,77174921.2257625,-0.07656790431281776,0.7621389999985695,0.8415796274719594
sp|O94979|SC31A_HUMAN,22764683.898692258,23496571.916230235,0.056252720979614056,0.7621389999985695,0.8415796274719594
sp|P02760|AMBP_HUMAN,936489836.9450179,971472140.3119725,0.00038886205216810487,0.7621389999985695,0.8415796274719594
sp|P04433|KV311_HUMAN / sp|A0A0A0MRZ8|KVD11_HUMAN,511374694.68705976,502102618.76348734,0.06484073013968569,0.7621389999985695,0.8415796274719594
sp|Q9BZE9|ASPC1_HUMAN,40708273.28219263,41215868.334995694,-0.002631120906489554,0.7621389999985695,0.8415796274719594
sp|A0A1B0GUA7|TEX51_HUMAN,2014506.9652194232,1947949.2751888302,-0.8176487205473248,0.7621389999985695,0.8415796274719594
sp|Q9UNE7|CHIP_HUMAN,7704947.332617755,7448340.719638435,-0.06294594910975325,0.7621389999985695,0.8415796274719594
sp|Q9NTX5|ECHD1_HUMAN,53783759.17020259,59749230.11466657,-0.009317167254425574,0.7621389999985695,0.8415796274719594
sp|P24557|THAS_HUMAN,450338.11488671316,552334.1884307902,0.042082097975682235,0.7621389999985695,0.8415796274719594
sp|Q96C23|GALM_HUMAN,54956073.30123206,64915917.88849983,0.025098552578864414,0.7621389999985695,0.8415796274719594
sp|P0CF74|IGLC6_HUMAN,8693027128.290344,9018661657.954632,0.08848188688931165,0.7621389999985695,0.8415796274719594
sp|Q9GZY8|MFF_HUMAN,2881939.5876422045,2887601.3223367496,-0.04109096807123225,0.7621389999985695,0.8415796274719594
sp|Q15800|MSMO1_HUMAN,649032.4853839015,724873.4893365408,0.07947882199308966,0.7621389999985695,0.8415796274719594
sp|P47914|RL29_HUMAN,40917274.86170388,38923606.71986143,-0.0818797755228535,0.7621389999985695,0.8415796274719594
sp|Q9Y3B7|RM11_HUMAN,25360721.063169874,24819343.709712658,-0.04215258093466101,0.7621389999985695,0.8415796274719594
sp|P09211|GSTP1_HUMAN,1505070865.8679748,1633026236.684215,-0.01632201776823983,0.7621389999985695,0.8415796274719594
sp|P10768|ESTD_HUMAN,615282491.4256457,713216164.948241,0.10088352221376369,0.7621389999985695,0.8415796274719594
sp|P10646|TFPI1_HUMAN,1543378.6889428396,1489688.6052361142,-0.0747107472442431,0.7621389999985695,0.8415796274719594
sp|P22061|PIMT_HUMAN,141157805.35254046,137505671.643949,-0.27953456464973214,0.7621389999985695,0.8415796274719594
sp|Q5RKV6|EXOS6_HUMAN,941883.812501537,1178255.2563217625,0.0966872750939108,0.7621389999985695,0.8415796274719594
sp|P49757|NUMB_HUMAN,970702.5958471738,1123867.7925216292,0.06851446991693196,0.7621389999985695,0.8415796274719594
sp|P28289|TMOD1_HUMAN,28736148.10620643,27967976.188219257,-0.21120695025899586,0.7621389999985695,0.8415796274719594
sp|Q9UNW9|NOVA2_HUMAN,6606768.949798681,6994280.701707224,0.0011764631160893818,0.7621389999985695,0.8415796274719594
sp|P29536|LMOD1_HUMAN,32655341.080711268,31739551.38560855,-0.07131296805763222,0.7621389999985695,0.8415796274719594
sp|Q96A73|P33MX_HUMAN,3299757.848363551,2759205.0030304873,-0.1467906806191073,0.7621389999985695,0.8415796274719594
sp|Q15365|PCBP1_HUMAN,107228355.96334815,112324508.63252668,0.015790212815828656,0.7621389999985695,0.8415796274719594
sp|Q14914|PTGR1_HUMAN,169148079.2611763,187508779.4005724,-0.02278159878052515,0.7621389999985695,0.8415796274719594
sp|Q9Y281|COF2_HUMAN,443190607.80956995,451915825.224026,0.04645787069837528,0.7621389999985695,0.8415796274719594
sp|A0A0C4DH25|KVD20_HUMAN,321682642.2675913,334486029.89351374,0.11030975560973869,0.7792982533574104,0.8552143420677367
sp|P20339|RAB5A_HUMAN,29835026.327510767,29626879.703519028,-0.025942478800017592,0.7792982533574104,0.8552143420677367
sp|Q6ZMQ8|LMTK1_HUMAN,5062025.293627204,5784297.701274654,0.605412631965911,0.7792982533574104,0.8552143420677367
sp|Q86V81|THOC4_HUMAN,52836929.935008,55498857.4690451,-0.04690860143132155,0.7792982533574104,0.8552143420677367
sp|Q9NZM1|MYOF_HUMAN,64835414.76387509,63611057.324138105,-0.02327263350130703,0.7792982533574104,0.8552143420677367
sp|Q9H2S9|IKZF4_HUMAN,302094.68076332967,311837.7984901504,-0.08185223274629642,0.7792982533574104,0.8552143420677367
sp|Q8TF27|AGA11_HUMAN / sp|A6NIR3|AGAP5_HUMAN / sp|Q9UPQ3|AGAP1_HUMAN,2204909.720577501,10891449.479461163,0.3624844205645819,0.7792982533574104,0.8552143420677367
sp|Q9NS71|GKN1_HUMAN,22190910.56171233,3211012.0220771567,-0.34595545994035026,0.7792982533574104,0.8552143420677367
sp|P04180|LCAT_HUMAN,9394679.786825838,9949714.076400334,-0.07500646719390693,0.7792982533574104,0.8552143420677367
sp|P04350|TBB4A_HUMAN,795681500.9707235,862446163.2471882,0.03889356088270722,0.7792982533574104,0.8552143420677367
sp|P43003|EAA1_HUMAN,392777.7790103576,423658.41238541424,-0.062222610487049516,0.7792982533574104,0.8552143420677367
sp|Q8NFI3|ENASE_HUMAN,16413989.73935078,16475253.187648246,0.008440936700221505,0.7792982533574104,0.8552143420677367
sp|P20340|RAB6A_HUMAN,75542115.9288942,79305891.17451695,0.04766310935080772,0.7792982533574104,0.8552143420677367
sp|P14672|GLUT4_HUMAN,4262114.25609658,4628857.845889338,0.04342374242239634,0.7792982533574104,0.8552143420677367
sp|Q8N7H5|PAF1_HUMAN,856954.7981798375,1094497.9431368667,0.21189487831762138,0.7792982533574104,0.8552143420677367
sp|O60637|TSN3_HUMAN,4728883.466957395,3778501.885851038,-0.07085668120102181,0.7792982533574104,0.8552143420677367
sp|P07437|TBB5_HUMAN,864996054.9374751,905841286.6061753,-0.0060221552777860315,0.7792982533574104,0.8552143420677367
sp|Q9Y3A5|SBDS_HUMAN,14947121.2663493,14878588.77234489,-0.04223460394942475,0.7792982533574104,0.8552143420677367
sp|P06753|TPM3_HUMAN,1637771944.9424863,1564734305.8142838,-0.021478035041561105,0.7792982533574104,0.8552143420677367
sp|Q8IZ73|RUSD2_HUMAN,854931.1369132611,858892.0432592732,0.040503751726303446,0.7792982533574104,0.8552143420677367
sp|Q16658|FSCN1_HUMAN,537268152.9662703,544830087.8748767,-0.0363603781635679,0.7792982533574104,0.8552143420677367
sp|Q9Y2S6|TMA7_HUMAN,6036047.5341334585,6907325.238079135,-0.0012540833841819215,0.7792982533574104,0.8552143420677367
sp|P01704|LV214_HUMAN,32870464.358563785,32269289.74730993,0.10400270155326781,0.7792982533574104,0.8552143420677367
sp|P36406|TRI23_HUMAN,45319512.46574066,48962095.35154633,-0.008146927776246416,0.7792982533574104,0.8552143420677367
sp|Q9BTU6|P4K2A_HUMAN,6348783.053891885,6690146.302922835,0.07179418638322524,0.7792982533574104,0.8552143420677367
sp|P28062|PSB8_HUMAN,86597908.91073132,88913768.68148236,-0.17958732115395368,0.7792982533574104,0.8552143420677367
sp|Q9HAV7|GRPE1_HUMAN,2068752.1079884912,2059556.5356895314,-0.04299201193048573,0.7792982533574104,0.8552143420677367
sp|Q8NBF2|NHLC2_HUMAN,45036950.989701465,46643783.65862067,0.03315533639200029,0.7965622618794441,0.867219213874649
sp|Q13951|PEBB_HUMAN,966719.087151257,1125034.6164730622,0.156110347709636,0.7965622618794441,0.867219213874649
sp|Q7Z406|MYH14_HUMAN,58435160.69692329,60600686.609616585,0.04460906509105706,0.7965622618794441,0.867219213874649
sp|P32121|ARRB2_HUMAN,6473124.0837804135,6896632.180942057,0.05246510051154283,0.7965622618794441,0.867219213874649
sp|Q9BPY8|HOP_HUMAN,7019889.841143609,7365757.237161891,-0.057002228698099976,0.7965622618794441,0.867219213874649
sp|Q96SU4|OSBL9_HUMAN,1671535.7794239058,1689419.581761109,0.02342607165662789,0.7965622618794441,0.867219213874649
sp|Q13685|AAMP_HUMAN,8653080.307059528,8843053.546979984,-0.18477702348450048,0.7965622618794441,0.867219213874649
sp|Q9BQ39|DDX50_HUMAN,777637.4964235679,847307.8330997863,-0.04264513844576838,0.7965622618794441,0.867219213874649
sp|Q9Y5N5|N6MT1_HUMAN,1000378.2682911445,1064990.0692226752,-0.130683012323525,0.7965622618794441,0.867219213874649
sp|P56385|ATP5I_HUMAN,13373361.925991854,11839111.729593476,-0.2594180494391356,0.7965622618794441,0.867219213874649
sp|P35998|PRS7_HUMAN,35683227.58839629,37966783.06808818,-0.011810592091114324,0.7965622618794441,0.867219213874649
sp|Q9UGM5|FETUB_HUMAN,3104634.287370792,3334748.8742849426,-0.07531986607210696,0.7965622618794441,0.867219213874649
sp|Q13813|SPTN1_HUMAN,757086638.1079682,788382366.1855451,0.04570885349874613,0.7965622618794441,0.867219213874649
sp|A6NNZ2|TBB8B_HUMAN,398270427.9914872,423672914.0604444,0.04234114741964259,0.7965622618794441,0.867219213874649
sp|Q38SD2|LRRK1_HUMAN,3752882.542413913,3927258.0327569046,-0.4790244738473537,0.7965622618794441,0.867219213874649
sp|Q9BS92|NPS3B_HUMAN,90646662.8281047,89242419.9709375,-0.06522633143750323,0.7965622618794441,0.867219213874649
sp|Q9H3K2|GHITM_HUMAN,380150.8977494592,354412.3254306242,-0.19405967118211093,0.7965622618794441,0.867219213874649
sp|O00231|PSD11_HUMAN,22024415.70442391,23921655.662563384,0.06439201893421094,0.7965622618794441,0.867219213874649
sp|P08697|A2AP_HUMAN,277240839.09612507,280364797.7737279,-0.1773911180853284,0.7965622618794441,0.867219213874649
sp|P53582|MAP11_HUMAN,6750334.069847203,6723735.587331235,0.07805974462798927,0.7965622618794441,0.867219213874649
sp|P37802|TAGL2_HUMAN,1163801991.4291704,1148771467.7340293,-0.0755040230237467,0.7965622618794441,0.867219213874649
sp|P09210|GSTA2_HUMAN / sp|P08263|GSTA1_HUMAN / sp|GSTA1_HUMAN|P08263,15200890.684328778,15207993.965611774,-0.08760215283228225,0.7965622618794441,0.867219213874649
sp|P06280|AGAL_HUMAN,8496771.562053697,8842265.348906508,-0.12145892062616781,0.7965622618794441,0.867219213874649
sp|Q6TDP4|KLH17_HUMAN,18857806.143943835,16482531.904237894,-0.0343269076519963,0.7965622618794441,0.867219213874649
sp|P11217|PYGM_HUMAN,1022379186.8855164,1044260761.997927,-0.022806950905228697,0.7965622618794441,0.867219213874649
sp|O94804|STK10_HUMAN,5645917.870822993,6115785.408038421,0.07579557392690695,0.7965622618794441,0.867219213874649
sp|Q92859|NEO1_HUMAN,3088563.346467586,3108787.1755259456,-0.051950916005282365,0.7965622618794441,0.867219213874649
sp|Q9NYL9|TMOD3_HUMAN,60475249.62310767,61971759.541687146,0.007036858791317978,0.7965622618794441,0.867219213874649
sp|P11310|ACADM_HUMAN,615394024.9040035,752877579.8317556,-0.06956280177216793,0.7965622618794441,0.867219213874649
sp|P05362|ICAM1_HUMAN,18437860.511310045,18564078.87213117,-0.024670462237553308,0.7965622618794441,0.867219213874649
sp|Q9Y333|LSM2_HUMAN,36046182.91498158,37335955.8414098,0.00043888779346082276,0.7965622618794441,0.867219213874649
sp|P08493|MGP_HUMAN,2002498.9165341572,2322393.0761944153,-0.3325301791684107,0.7965622618794441,0.867219213874649
sp|Q9BYD3|RM04_HUMAN,11487966.176725982,11812215.740139004,0.013007010481246245,0.7965622618794441,0.867219213874649
sp|Q5TEU4|NDUF5_HUMAN,22096713.931529813,20912704.725070886,-0.3701113859178143,0.7965622618794441,0.867219213874649
sp|P13796|PLSL_HUMAN,249514670.89869505,278847152.8739876,-0.195769521186072,0.7965622618794441,0.867219213874649
sp|Q68CZ2|TENS3_HUMAN,16890096.689855006,17129479.327432144,-0.02350075660118949,0.813923291862011,0.8779541194978175
sp|P35606|COPB2_HUMAN,45310104.673872836,45457884.635773085,-0.01716479114023247,0.813923291862011,0.8779541194978175
sp|P36957|ODO2_HUMAN,272316246.3116023,241807189.9914823,-0.06277237837267462,0.813923291862011,0.8779541194978175
sp|Q96EK6|GNA1_HUMAN,20069999.47894753,20470204.57367328,0.025040308456867767,0.813923291862011,0.8779541194978175
sp|MYG_HUMAN|P02144,96614668.266858,92500920.11550435,-0.4116830544486139,0.813923291862011,0.8779541194978175
sp|O43681|GET3_HUMAN,11201319.570161968,13027097.263624353,0.04196456609672523,0.813923291862011,0.8779541194978175
sp|O75531|BAF_HUMAN,64404538.38364397,66538471.40106472,-0.06290330338901792,0.813923291862011,0.8779541194978175
sp|P01602|KV105_HUMAN,143646908.6335027,138042577.24376062,0.04243397711094284,0.813923291862011,0.8779541194978175
sp|Q8TBE9|NANP_HUMAN,901800.9379713513,939595.0756592912,0.0908098595328609,0.813923291862011,0.8779541194978175
sp|P14151|LYAM1_HUMAN,11883394.032335447,11725644.656514283,0.022086981383213872,0.813923291862011,0.8779541194978175
sp|Q9BW83|IFT27_HUMAN,7685945.264236859,7918895.192455043,0.038010166350214224,0.813923291862011,0.8779541194978175
sp|P80217|IN35_HUMAN,10612388.796304595,10482072.530874398,0.007925412228807046,0.813923291862011,0.8779541194978175
sp|Q9Y217|MTMR6_HUMAN,990001.3316007985,1039706.868952876,0.11193969717465346,0.813923291862011,0.8779541194978175
sp|P36954|RPB9_HUMAN,1369799.3378736016,1364561.7497125783,-0.050298132306554146,0.813923291862011,0.8779541194978175
sp|Q16719|KYNU_HUMAN,24060361.54955041,24624889.243874095,-0.06279921876159289,0.813923291862011,0.8779541194978175
sp|O00214|LEG8_HUMAN,17908801.791571707,14755271.980911745,-0.14145630442971427,0.813923291862011,0.8779541194978175
sp|O43432|IF4G3_HUMAN,4253043.965865546,2007550.266005576,-0.015738572548939306,0.813923291862011,0.8779541194978175
sp|Q92604|LGAT1_HUMAN,540704.6160202894,472835.66493166366,0.40936401741707484,0.813923291862011,0.8779541194978175
sp|Q6UW78|UQCC3_HUMAN,466301.8214903333,474658.7969534628,0.11950476273961019,0.813923291862011,0.8779541194978175
sp|P07359|GP1BA_HUMAN,5969676.324616053,7520858.946560986,-0.05733945009496087,0.813923291862011,0.8779541194978175
sp|Q9UK45|LSM7_HUMAN,31093362.781581037,32064025.142068543,-0.07673583940679661,0.813923291862011,0.8779541194978175
sp|Q9Y3S2|ZN330_HUMAN,156400.25193200045,170322.87963433316,0.5978951680342899,0.813923291862011,0.8779541194978175
sp|Q5JUK3|KCNT1_HUMAN,1083148.4333804972,1061713.6765856566,-0.2483641622874358,0.813923291862011,0.8779541194978175
sp|P13598|ICAM2_HUMAN,2308468.999401099,2414878.9029397448,-0.03233303121570726,0.813923291862011,0.8779541194978175
sp|O60885|BRD4_HUMAN,559825.9276962208,588447.6332110843,-1.5690409010769726,0.813923291862011,0.8779541194978175
sp|Q13630|FCL_HUMAN,115559241.52994482,123721502.71683101,0.026147974453210012,0.813923291862011,0.8779541194978175
sp|O00767|SCD_HUMAN,140344.9703722482,149246.41759956742,0.8597617179596175,0.813923291862011,0.8779541194978175
sp|Q8NCA5|FA98A_HUMAN,3939006.6680980586,3798932.454660174,-0.2034028839495249,0.813923291862011,0.8779541194978175
sp|P08319|ADH4_HUMAN,1915428249.7388537,1749000751.476806,-0.05778246964352464,0.813923291862011,0.8779541194978175
sp|Q92508|PIEZ1_HUMAN,1698207.4575808013,1915307.3221814581,-0.33099328914414994,0.813923291862011,0.8779541194978175
sp|Q86VH2|KIF27_HUMAN,665839.5578480662,680841.8436151923,-0.05348741716612486,0.813923291862011,0.8779541194978175
sp|Q99653|CHP1_HUMAN,21233234.250711817,19876229.43049437,-0.09891003056115719,0.813923291862011,0.8779541194978175
sp|A0A0C4DH36|HV338_HUMAN,63549340.57301172,64402815.82353197,0.059375481492281924,0.813923291862011,0.8779541194978175
sp|Q6UN15|FIP1_HUMAN,1184247.4748022603,1376236.8485173439,0.08110059892602536,0.813923291862011,0.8779541194978175
sp|Q9UBF2|COPG2_HUMAN,1195809.2689527196,1269167.903577904,-0.018171131633821242,0.813923291862011,0.8779541194978175
sp|Q66GS9|CP135_HUMAN,66570941.73894139,68774249.57461172,-0.0692551053109713,0.813923291862011,0.8779541194978175
sp|Q3ZCM7|TBB8_HUMAN,474731818.2072753,512410479.6021125,0.04690317968568904,0.813923291862011,0.8779541194978175
sp|Q15637|SF01_HUMAN,27600792.830183156,28050602.988081876,0.029498228269582143,0.813923291862011,0.8779541194978175
sp|P09104|ENOG_HUMAN,649189890.6771756,644366784.5933323,-0.0210258536561577,0.813923291862011,0.8779541194978175
sp|Q9ULV4|COR1C_HUMAN,157251757.3502217,165987218.6643125,0.019235086009357447,0.813923291862011,0.8779541194978175
sp|Q00587|BORG5_HUMAN,9401812.338443194,8736378.07934597,-0.13653258215834643,0.813923291862011,0.8779541194978175
sp|Q14242|SELPL_HUMAN,4389391.09230833,4612820.924757885,-0.15412205976711402,0.831373319029808,0.8895787197378036
sp|Q9UI30|TR112_HUMAN,13807393.558060901,13848718.004694339,0.008562144739935872,0.831373319029808,0.8895787197378036
sp|Q06587|RING1_HUMAN,1782952.056485184,1816468.8098539698,-0.0014991118067959788,0.831373319029808,0.8895787197378036
sp|P09234|RU1C_HUMAN,887301.0123578997,1028681.2303626228,-0.026992343876335072,0.831373319029808,0.8895787197378036
sp|Q96LJ7|DHRS1_HUMAN,3816932.639918638,3944622.171260256,-0.10178938796359227,0.831373319029808,0.8895787197378036
sp|Q08257|QOR_HUMAN,339464363.86051404,416258379.47038305,0.04921332468844979,0.831373319029808,0.8895787197378036
sp|Q96L93|KI16B_HUMAN,3806636.899554664,4168203.4850616395,-0.022187003179949753,0.831373319029808,0.8895787197378036
sp|Q8NCW5|NNRE_HUMAN,220414910.8470231,227917161.75533006,-0.05196254888393944,0.831373319029808,0.8895787197378036
sp|A6NES4|MRO2A_HUMAN,1217682.790560834,1217019.2849072241,-0.6328356141197072,0.831373319029808,0.8895787197378036
sp|P07099|HYEP_HUMAN,407463802.3444564,415089084.55343777,-0.0243553581748319,0.831373319029808,0.8895787197378036
sp|Q9UKA9|PTBP2_HUMAN,8144061.3498556,7513375.637407557,0.26544785679395005,0.831373319029808,0.8895787197378036
sp|Q13509|TBB3_HUMAN,623650171.6528213,659206269.2731417,0.01085476124836035,0.831373319029808,0.8895787197378036
sp|Q7L5N7|PCAT2_HUMAN,294134.0019440363,334634.0739672599,-0.032640021660193044,0.831373319029808,0.8895787197378036
sp|Q5JRA6|TGO1_HUMAN,1746353.0828404508,1735472.36373386,-0.022725723770518385,0.831373319029808,0.8895787197378036
sp|P04920|B3A2_HUMAN,532584.4198071875,642027.4397708941,0.07561880331947125,0.831373319029808,0.8895787197378036
sp|Q8WXD9|CSKI1_HUMAN,1135457.8087747335,1184416.8267968346,0.037180240508203656,0.831373319029808,0.8895787197378036
sp|O94760|DDAH1_HUMAN,59926756.802875556,59998562.00610552,-0.07516296923330354,0.831373319029808,0.8895787197378036
sp|Q86VB7|C163A_HUMAN,295382940.3597485,292331409.0543702,-0.09989678279836083,0.831373319029808,0.8895787197378036
sp|P02686|MBP_HUMAN,1779944.2837901,1740256.714433044,-0.32043633770531826,0.831373319029808,0.8895787197378036
sp|P37837|TALDO_HUMAN,1306243723.7171178,1330456880.9356248,0.0038046399397717195,0.831373319029808,0.8895787197378036
sp|Q05682|CALD1_HUMAN,504976152.25371104,508364169.7399116,-0.022304416765824866,0.831373319029808,0.8895787197378036
sp|Q4G0F5|VP26B_HUMAN,22593125.482966445,22706232.07250708,0.007323319540864272,0.831373319029808,0.8895787197378036
sp|Q8TF65|GIPC2_HUMAN,2061519.6937940891,2265045.4161059717,-0.0510846597567179,0.831373319029808,0.8895787197378036
sp|Q9GZX9|TWSG1_HUMAN,311931.8944948093,311653.09364322055,0.012726019897539353,0.831373319029808,0.8895787197378036
sp|Q9NUV9|GIMA4_HUMAN,4937933.542729029,4898290.07848178,-0.06891985519473869,0.831373319029808,0.8895787197378036
sp|P20962|PTMS_HUMAN,110429032.64415643,111671841.41754924,-0.04407320743869608,0.831373319029808,0.8895787197378036
sp|Q8TDQ7|GNPI2_HUMAN,103088024.16678798,113615866.76246409,-0.01933773809810014,0.831373319029808,0.8895787197378036
sp|P50995|ANX11_HUMAN,115273926.18166171,111896534.35358818,-0.09416457200121073,0.831373319029808,0.8895787197378036
sp|P22234|PUR6_HUMAN,73937477.1657044,82693852.31292643,0.001268799249913854,0.831373319029808,0.8895787197378036
sp|Q06203|PUR1_HUMAN,12810987.193395233,13084901.781766484,-0.03106878143365676,0.831373319029808,0.8895787197378036
sp|O95989|NUDT3_HUMAN,20827923.93295544,20458431.751895398,-0.11314056094827905,0.831373319029808,0.8895787197378036
sp|Q96PZ0|PUS7_HUMAN,274701.18180931325,383742.2113216156,-1.1045335236528073,0.831373319029808,0.8895787197378036
sp|O00159|MYO1C_HUMAN,153126176.59348884,159347233.31856847,-0.09246290880091453,0.831373319029808,0.8895787197378036
sp|Q9BSJ2|GCP2_HUMAN,143705.81766797203,144299.89921727392,0.37367894731769596,0.831373319029808,0.8895787197378036
sp|Q9NYL2|M3K20_HUMAN,216459.40098832134,204063.20137859392,-0.02793668174372153,0.831373319029808,0.8895787197378036
sp|P23497|SP100_HUMAN,33344216.66896201,34952296.13666048,0.032378302543335874,0.831373319029808,0.8895787197378036
sp|O94819|KBTBB_HUMAN,11975031.220459389,11544670.351132885,-0.10590152389179286,0.8489041775465012,0.903502139730685
sp|O75886|STAM2_HUMAN,989240.7974932779,996202.6976307653,-0.05625441634220012,0.8489041775465012,0.903502139730685
sp|A0A075B6R2|HV404_HUMAN,70745958.68760224,66824503.8654133,0.08825486462320724,0.8489041775465012,0.903502139730685
sp|Q9UKZ9|PCOC2_HUMAN,1165547.5497629575,1206655.2012548207,-0.1639091734052392,0.8489041775465012,0.903502139730685
sp|O43181|NDUS4_HUMAN,927848.9581589159,836392.0196954232,0.041703870041335536,0.8489041775465012,0.903502139730685
sp|Q8NFH4|NUP37_HUMAN,12759091.486459807,13102774.506985608,0.04695527618621427,0.8489041775465012,0.903502139730685
sp|Q15651|HMGN3_HUMAN,604537.2369956464,752705.0659840057,-0.058269865644385695,0.8489041775465012,0.903502139730685
sp|Q96KR1|ZFR_HUMAN,9034916.106411727,8853681.122562956,-0.02853621852815686,0.8489041775465012,0.903502139730685
sp|Q01432|AMPD3_HUMAN,7627470.285047417,8107320.2174120825,-0.011272531207738945,0.8489041775465012,0.903502139730685
sp|Q00534|CDK6_HUMAN,59076644.82973356,112071776.39920281,-0.09212765887860323,0.8489041775465012,0.903502139730685
sp|P04632|CPNS1_HUMAN,89494311.16587393,91407691.40691347,-0.028108102173450198,0.8489041775465012,0.903502139730685
sp|Q5T1M5|FKB15_HUMAN,2045505.647763099,2041823.3258607457,0.06968074778378976,0.8489041775465012,0.903502139730685
sp|Q13232|NDK3_HUMAN,47734469.28005658,46510734.18055285,-0.08004245495355722,0.8489041775465012,0.903502139730685
sp|Q03468|ERCC6_HUMAN,14413799.215482548,14961146.196084768,-0.23570677088060346,0.8489041775465012,0.903502139730685
sp|P27694|RFA1_HUMAN,29944214.10463836,31563462.586854972,0.016547082701961206,0.8489041775465012,0.903502139730685
sp|Q8IWE4|DCNL3_HUMAN,549545.6881959386,495309.99540642166,-0.05970814123929623,0.8489041775465012,0.903502139730685
sp|Q969L2|MAL2_HUMAN,2960032.7255270323,3137563.0327195404,-0.022381643228186414,0.8489041775465012,0.903502139730685
sp|Q13325|IFIT5_HUMAN,854824.5246432576,904279.1000522602,0.008911255715056772,0.8489041775465012,0.903502139730685
sp|Q96EM0|T3HPD_HUMAN,66564565.13750471,66012200.10663863,-0.08222903699693226,0.8489041775465012,0.903502139730685
sp|P08195|4F2_HUMAN,14399675.130378233,14367131.601250088,0.013206319975160957,0.8489041775465012,0.903502139730685
sp|P37173|TGFR2_HUMAN,1006208.3058686357,1090565.7794661387,-0.6581183044749073,0.8489041775465012,0.903502139730685
sp|Q8NHH9|ATLA2_HUMAN,911140.8172106853,988282.6822256919,-0.06267269119602517,0.8489041775465012,0.903502139730685
sp|P01743|HV146_HUMAN,150575834.739677,150900501.97549516,0.01446634697511721,0.8489041775465012,0.903502139730685
sp|Q6P2E9|EDC4_HUMAN,836972.6695426049,1252806.2420984285,0.215106780549068,0.8489041775465012,0.903502139730685
sp|Q14331|FRG1_HUMAN,2967455.9365663556,3032929.325340851,-0.11390986354118966,0.8665077835321426,0.9153358690668616
sp|O00178|GTPB1_HUMAN,10102186.663849646,11452561.787145,0.09739562772411378,0.8665077835321426,0.9153358690668616
sp|P31930|QCR1_HUMAN,105997814.1076784,105453931.8291736,0.017507137775149825,0.8665077835321426,0.9153358690668616
sp|P09467|F16P1_HUMAN,163776583.78538033,160629284.12810808,-0.2921804430349319,0.8665077835321426,0.9153358690668616
sp|O94832|MYO1D_HUMAN / sp|B0I1T2|MYO1G_HUMAN,2270346.0155698443,2712156.011864403,-0.021080161361896724,0.8665077835321426,0.9153358690668616
sp|Q16401|PSMD5_HUMAN,8294359.207255146,8967052.364946207,-0.003259984803803242,0.8665077835321426,0.9153358690668616
sp|Q15631|TSN_HUMAN,68556088.8889335,70996436.65950061,0.004419875803485744,0.8665077835321426,0.9153358690668616
sp|P12931|SRC_HUMAN,9219557.521728085,9566056.916147845,-0.012124410472953562,0.8665077835321426,0.9153358690668616
sp|Q13107|UBP4_HUMAN,5985138.89153116,6485441.672363668,-0.1546039185188854,0.8665077835321426,0.9153358690668616
sp|P14314|GLU2B_HUMAN,363059695.9105019,357327294.23723584,-0.052206320378446434,0.8665077835321426,0.9153358690668616
sp|O00757|F16P2_HUMAN,23938593.36454219,23876369.14676883,-0.2172352348183994,0.8665077835321426,0.9153358690668616
sp|Q9Y399|RT02_HUMAN,1299504.9994714248,1405043.4299502962,0.02450960569950095,0.8665077835321426,0.9153358690668616
sp|Q99961|SH3G1_HUMAN,29735026.831855725,29991445.181528695,0.02189334674082499,0.8665077835321426,0.9153358690668616
sp|P16383|GCFC2_HUMAN,1479058.2126600535,1551007.2189370536,0.002362954481928196,0.8665077835321426,0.9153358690668616
sp|O15235|RT12_HUMAN,14275136.31731851,14411880.587332262,-0.02734564362895323,0.8665077835321426,0.9153358690668616
sp|Q9HD34|LYRM4_HUMAN,1220465.93367014,1438943.9186050703,-0.005493533098614564,0.8665077835321426,0.9153358690668616
sp|P21741|MK_HUMAN,4411442.191264064,4338957.940365492,-0.004822261809954066,0.8665077835321426,0.9153358690668616
sp|Q9BW61|DDA1_HUMAN,305024.2949457603,360098.71013585344,-0.05538617903161049,0.8665077835321426,0.9153358690668616
sp|P51809|VAMP7_HUMAN,90337.44976442399,82090.58740160204,-0.17515978270321078,0.8665077835321426,0.9153358690668616
sp|O43805|SSNA1_HUMAN,150033.00179433552,157251.1797825586,-2.0687250407509503,0.8643835874638635,0.9153358690668616
sp|O75367|H2AY_HUMAN,9887198.188265475,12869012.657672549,0.1187988461819037,0.8665077835321426,0.9153358690668616
sp|O60684|IMA7_HUMAN / sp|P52294|IMA5_HUMAN / sp|O15131|IMA6_HUMAN,1533403.6327470557,1910426.660574667,0.08208892118500685,0.8665077835321426,0.9153358690668616
sp|P29558|RBMS1_HUMAN,15093201.42727615,15218053.734539015,-0.049862753202471785,0.8665077835321426,0.9153358690668616
sp|O00584|RNT2_HUMAN,9598750.573275967,10014696.630556408,0.009646435984264318,0.8665077835321426,0.9153358690668616
sp|Q53HC9|EIPR1_HUMAN,5919613.192732244,5867313.334933296,0.019246065903967557,0.8665077835321426,0.9153358690668616
sp|Q12929|EPS8_HUMAN,36259799.269649684,35188748.931863494,-0.09793423718543577,0.8665077835321426,0.9153358690668616
sp|Q7L576|CYFP1_HUMAN,32919350.8521606,32153283.578127854,-0.06363579652138225,0.8665077835321426,0.9153358690668616
sp|Q9NXH9|TRM1_HUMAN,19238995.70910744,19119316.971654017,-0.07937014388184631,0.8665077835321426,0.9153358690668616
sp|Q969E8|TSR2_HUMAN,1596546.162996771,1547040.8817020466,-0.06866906673749275,0.8665077835321426,0.9153358690668616
sp|Q92956|TNR14_HUMAN,735832.7513091495,765270.9204784081,-0.1470786251654999,0.8665077835321426,0.9153358690668616
sp|Q9UBS5|GABR1_HUMAN,827969.0171096968,884276.9520092754,0.0408996478006357,0.8665077835321426,0.9153358690668616
sp|Q9UGP4|LIMD1_HUMAN,972074.0329007935,1090526.2008019418,-0.033383316873753774,0.8665077835321426,0.9153358690668616
sp|Q8TDN6|BRX1_HUMAN,1721619.9559896158,1665621.6840035846,-0.22078021534504985,0.8665077835321426,0.9153358690668616
sp|O95400|CD2B2_HUMAN,1668083.8805254486,1548463.3074688406,-0.14442018056945738,0.8665077835321426,0.9153358690668616
sp|Q5T6V5|QSPP_HUMAN,10560748.436708536,11110723.337682871,0.02796354720742869,0.8841757625341415,0.9254437261507842
sp|Q99797|MIPEP_HUMAN,45521847.52088597,51312672.45355195,-0.1122073647402427,0.8841757625341415,0.9254437261507842
sp|Q9Y678|COPG1_HUMAN,35393719.53492442,36134248.45301319,0.0196940156079432,0.8841757625341415,0.9254437261507842
sp|O75665|OFD1_HUMAN,39834583.59239066,40058784.99440018,-0.004803074800300159,0.8841757625341415,0.9254437261507842
sp|Q7Z7H5|TMED4_HUMAN,3113719.301224858,3116049.140580715,-0.11953722560439971,0.8841757625341415,0.9254437261507842
sp|P82914|RT15_HUMAN,4052771.1656662594,5265855.542002186,-0.019388762675925115,0.8841757625341415,0.9254437261507842
sp|Q9UBS8|RNF14_HUMAN,672979.1042171887,665412.4879141039,-0.06734402483625004,0.8841757625341415,0.9254437261507842
sp|Q86YW5|TRML1_HUMAN,3186952.5556120323,3190182.7412984385,-0.055049903576267996,0.8841757625341415,0.9254437261507842
sp|O75391|SPAG7_HUMAN,980890.2160692174,912451.6923181611,-0.051869061989214114,0.8841757625341415,0.9254437261507842
sp|O75822|EIF3J_HUMAN,2964608.8724175445,2842669.336814489,-0.06379526341603958,0.8841757625341415,0.9254437261507842
sp|Q9Y295|DRG1_HUMAN,832400.573885555,789153.9184607815,-0.11151072866274649,0.8841757625341415,0.9254437261507842
sp|P48039|MTR1A_HUMAN,1835777.2682254997,1787817.4851908279,-0.12358278778662915,0.8841757625341415,0.9254437261507842
sp|Q8N2G8|GHDC_HUMAN,2311353.1903146678,3178181.969396527,0.20139618459255054,0.8841757625341415,0.9254437261507842
sp|P00480|OTC_HUMAN,1004428.5629706837,1313442.5974009603,0.08723494726571028,0.8841757625341415,0.9254437261507842
sp|P40763|STAT3_HUMAN,293503.4927027788,314887.4596352805,0.5288882303664353,0.8841757625341415,0.9254437261507842
sp|Q9H788|SH24A_HUMAN,205293.4939943224,217483.2017924057,-0.07631517132986751,0.8841757625341415,0.9254437261507842
sp|A0A075B6I4|LVX54_HUMAN,3985411.4882520367,3383810.1215264546,0.0554010746522684,0.8841757625341415,0.9254437261507842
sp|Q9H3N1|TMX1_HUMAN,4645176.900423898,4464067.57544441,-0.1248413871416177,0.8841757625341415,0.9254437261507842
sp|O75396|SC22B_HUMAN,14435218.208712244,14677021.737790072,-0.08457612233583967,0.8841757625341415,0.9254437261507842
sp|Q8WZA9|IRGQ_HUMAN,230991.93097694794,249593.2216719745,0.012796623717881973,0.8841757625341415,0.9254437261507842
sp|O95671|ASML_HUMAN,3901576.644380828,3667820.7415487356,-0.06910407147440674,0.8841757625341415,0.9254437261507842
sp|Q9P2E2|KIF17_HUMAN,3534326.524295904,3548915.4794969494,0.0028848646122997374,0.8841757625341415,0.9254437261507842
sp|P10153|RNAS2_HUMAN,5372599.674324126,8058238.198215353,-0.04681760023689258,0.8841757625341415,0.9254437261507842
sp|P10412|H14_HUMAN,304932877.93335426,311788895.58339065,-0.03477959909279628,0.8841757625341415,0.9254437261507842
sp|A0A0C4DH73|KV112_HUMAN / sp|P01611|KVD12_HUMAN,18261583.2324618,18175856.076836087,0.08532231532868882,0.8841757625341415,0.9254437261507842
sp|Q13153|PAK1_HUMAN,6598170.621820373,7156215.9310516,0.08133102550809657,0.8841757625341415,0.9254437261507842
sp|Q13439|GOGA4_HUMAN,7728418.807172691,7381938.763184376,-0.06487903425198178,0.8841757625341415,0.9254437261507842
sp|Q6BCY4|NB5R2_HUMAN,29721331.273578048,30199018.441877965,-0.07001167182962151,0.8841757625341415,0.9254437261507842
sp|O00194|RB27B_HUMAN,6465901.366202907,8231500.442215973,-0.061214672061221435,0.8841757625341415,0.9254437261507842
sp|Q9NVF9|EKI2_HUMAN,6142297.604100586,5455827.324046249,-0.11158492691503964,0.8841757625341415,0.9254437261507842
sp|Q6NY19|KANK3_HUMAN,775418.4696147217,645998.4536389306,-0.1284652606023818,0.8841757625341415,0.9254437261507842
sp|Q69YN4|VIR_HUMAN,15745293.304647582,17001655.176141467,0.019655073390625475,0.8841757625341415,0.9254437261507842
sp|Q6V1X1|DPP8_HUMAN,5515729.918107105,5471333.405109073,-0.021036363632517617,0.8841757625341415,0.9254437261507842
sp|Q6Y288|B3GLT_HUMAN,2648290.847469809,2671175.6360873724,-0.03654424347263909,0.8841757625341415,0.9254437261507842
sp|P08571|CD14_HUMAN,39581005.60696547,40846156.43769562,-0.16572759228226117,0.8841757625341415,0.9254437261507842
sp|P05387|RLA2_HUMAN,158454654.53582737,157357099.16157156,-0.041040719615600164,0.8841757625341415,0.9254437261507842
sp|Q5U651|RAIN_HUMAN,736205.4206902997,761857.6261239593,0.003680646170746516,0.8841757625341415,0.9254437261507842
sp|P15814|IGLL1_HUMAN,6133085.865581761,6617352.401306112,-0.025443108929535694,0.8841757625341415,0.9254437261507842
sp|Q6ZVK8|NUD18_HUMAN,14624512.5657541,14957557.242154103,0.0294364421669492,0.8841757625341415,0.9254437261507842
sp|Q9Y639|NPTN_HUMAN,4951561.259139213,4813276.666023509,-0.11383034218181745,0.8841757625341415,0.9254437261507842
sp|Q16186|ADRM1_HUMAN,6381462.941515682,6345227.967055969,-0.0513739383714004,0.8841757625341415,0.9254437261507842
sp|Q96HD1|CREL1_HUMAN,5036870.035607627,5465648.571012816,-0.07452267975394289,0.8841757625341415,0.9254437261507842
sp|P49750|YLPM1_HUMAN,685207.497531086,772818.8141861826,0.07050494043077117,0.9018996506929398,0.9382649953772854
sp|Q9H3S7|PTN23_HUMAN,118342234.35545765,129662070.99886994,0.9853734348093429,0.9018996506929398,0.9382649953772854
sp|Q9Y3E5|PTH2_HUMAN,553086.6936514697,563738.4440400298,-0.025575518576835616,0.9018996506929398,0.9382649953772854
sp|Q9Y2R0|COA3_HUMAN,5762060.138230247,13799973.972960262,-0.2526220561741965,0.9018996506929398,0.9382649953772854
sp|Q9BU02|THTPA_HUMAN,5460431.328290497,5464668.093792996,-0.010243262728178526,0.9018996506929398,0.9382649953772854
sp|P68032|ACTC_HUMAN,14706767501.654718,16266058539.408693,0.04993494000713979,0.9018996506929398,0.9382649953772854
sp|Q86WQ0|NR2CA_HUMAN,59811613.74901424,64434659.60546685,-0.01461964532529258,0.9018996506929398,0.9382649953772854
sp|Q9Y3D9|RT23_HUMAN,3045498.8845780552,3039805.125333957,-0.20576168287297492,0.9018996506929398,0.9382649953772854
sp|Q8WUA7|TB22A_HUMAN,3336436.96233339,3382365.9977058587,0.0170009583540291,0.9018996506929398,0.9382649953772854
sp|Q7Z6B0|CCD91_HUMAN,563552.9894305442,508585.55849992624,-0.059720385819524956,0.9018996506929398,0.9382649953772854
sp|Q7Z460|CLAP1_HUMAN,1268509.7785602866,1693262.2568504526,0.14229059409220682,0.9018996506929398,0.9382649953772854
sp|Q7L622|G2E3_HUMAN,3360883.055725521,3563996.6281719,-0.043146271360006996,0.9018996506929398,0.9382649953772854
sp|A0A0C4DH33|HV124_HUMAN,3893490.9309068555,3424031.3533777436,-0.08593887901894247,0.9018996506929398,0.9382649953772854
sp|P50542|PEX5_HUMAN,1395684.3280839263,1392820.5717756175,-0.04001953214717525,0.9018996506929398,0.9382649953772854
sp|P35219|CAH8_HUMAN,1915293.6414097105,1976925.4550636758,-0.0497095771088392,0.9018996506929398,0.9382649953772854
sp|P01591|IGJ_HUMAN,155300433.87820074,149890991.08450097,-0.07182828431406778,0.9018996506929398,0.9382649953772854
sp|Q9UBM7|DHCR7_HUMAN,2302875.7712606485,2357489.978185761,-0.004537615694535878,0.9018996506929398,0.9382649953772854
sp|O75923|DYSF_HUMAN,3922098.631142034,4207032.205262725,0.04661003939015677,0.9018996506929398,0.9382649953772854
sp|Q9ULI3|HEG1_HUMAN,243678.75005502207,249256.42341160504,-0.042010991589442985,0.9018996506929398,0.9382649953772854
sp|Q9ULH1|ASAP1_HUMAN,10256361.809440132,14507045.622630069,0.03056463507343919,0.9018996506929398,0.9382649953772854
sp|P16152|CBR1_HUMAN,1055641856.5431408,1128271500.2987168,0.07336820135964271,0.9018996506929398,0.9382649953772854
sp|P29353|SHC1_HUMAN,1463743.668937171,1470455.1082301051,-0.044685075347025316,0.9018996506929398,0.9382649953772854
sp|P01877|IGHA2_HUMAN,6463479265.130485,5952496352.520837,-0.0037990563419748524,0.9018996506929398,0.9382649953772854
sp|Q9NZ08|ERAP1_HUMAN,271164385.26345307,261397316.42417955,-0.1646720770660144,0.9018996506929398,0.9382649953772854
sp|Q9UBQ5|EIF3K_HUMAN,895145.3309814463,892502.3976141425,-0.05759986961954982,0.9018996506929398,0.9382649953772854
sp|P30711|GSTT1_HUMAN,110092282.53795198,112381354.79585905,-0.017848633543600275,0.9018996506929398,0.9382649953772854
sp|Q9UPT8|ZC3H4_HUMAN,7687439.458682398,7800724.238917617,-0.046462776158232175,0.9018996506929398,0.9382649953772854
sp|P05062|ALDOB_HUMAN,26470710.620702375,25278284.867167857,-0.08943477961482833,0.9018996506929398,0.9382649953772854
sp|P58335|ANTR2_HUMAN,493871.5893235744,470649.1522256192,-0.04671155482537096,0.9196710959076881,0.9493442867844688
sp|Q96FS4|SIPA1_HUMAN,4896287.637586669,5218372.160782154,0.036707229690043024,0.9196710959076881,0.9493442867844688
sp|P61244|MAX_HUMAN,3144341.9800209617,1202140.2153481427,-0.2045815511110892,0.9196710959076881,0.9493442867844688
sp|Q96CV9|OPTN_HUMAN,55357988.109164275,55455581.117772385,0.0068994456442500185,0.9196710959076881,0.9493442867844688
sp|Q9P265|DIP2B_HUMAN,5265726.228664523,5443525.691086157,0.009114935342821682,0.9196710959076881,0.9493442867844688
sp|Q6P4I2|WDR73_HUMAN,553149.8028370399,549524.4550494107,-0.10924996760916805,0.9196710959076881,0.9493442867844688
sp|Q92636|FAN_HUMAN,365592.04820085596,405586.15346266463,-0.06579796888688572,0.9196710959076881,0.9493442867844688
sp|P11308|ERG_HUMAN,145936.25023761907,157178.40167579358,-0.5056748770705322,0.9196710959076881,0.9493442867844688
sp|Q9NZM3|ITSN2_HUMAN,1129933.2997114605,1109877.9021548785,0.5075851664253068,0.9196710959076881,0.9493442867844688
sp|Q9Y3C1|NOP16_HUMAN,3490927.511569038,3033965.547338928,-0.02788412681151441,0.9196710959076881,0.9493442867844688
sp|Q66K74|MAP1S_HUMAN,16657630.849984597,16550066.47244766,-0.004351567478914123,0.9196710959076881,0.9493442867844688
sp|P05198|IF2A_HUMAN,29851990.859733075,29386083.154874507,-0.022863129441903857,0.9196710959076881,0.9493442867844688
sp|Q96A35|RM24_HUMAN,3946072.477696757,3945212.076751808,-0.07421331058031441,0.9196710959076881,0.9493442867844688
sp|P16298|PP2BB_HUMAN,54057761.618194416,54608367.44238935,0.021470459547065047,0.9196710959076881,0.9493442867844688
sp|Q16626|MEA1_HUMAN,10922832.321981858,11201789.565890836,0.04515480542144636,0.9196710959076881,0.9493442867844688
sp|Q99836|MYD88_HUMAN,8154045.416747083,7324461.544809418,-0.43280394825352503,0.9196710959076881,0.9493442867844688
sp|Q06136|KDSR_HUMAN,6992663.481683796,7874997.1633794755,0.009213668410999885,0.9196710959076881,0.9493442867844688
sp|Q16799|RTN1_HUMAN,6077309.924391188,5919299.540080848,-0.11813148001784958,0.9196710959076881,0.9493442867844688
sp|P07948|LYN_HUMAN,62667993.875624694,67383803.98529537,0.04041508257619687,0.9196710959076881,0.9493442867844688
sp|P04004|VTNC_HUMAN,426966225.41036975,467848938.79421556,-0.0690667292156932,0.9196710959076881,0.9493442867844688
sp|Q9NZN5|ARHGC_HUMAN,295306.9063305146,298607.05008985434,0.0046500923111859535,0.9196710959076881,0.9493442867844688
sp|P57105|SYJ2B_HUMAN,745746.2718346745,753362.0585326804,-0.10935146811243553,0.9196710959076881,0.9493442867844688
sp|P51797|CLCN6_HUMAN,5962243.580853188,8087585.095124488,0.20559868008685736,0.9196710959076881,0.9493442867844688
sp|P24928|RPB1_HUMAN,14228274.021513361,15275950.142039876,0.01534492915835023,0.9196710959076881,0.9493442867844688
sp|A0A075B6J9|LV218_HUMAN,13569162.96947938,14098245.254244324,0.04505458643775347,0.9196710959076881,0.9493442867844688
sp|A0A075B6K4|LV310_HUMAN,78969239.07788229,78663612.46024601,0.12145923563477874,0.9196710959076881,0.9493442867844688
sp|Q8TBN0|R3GEF_HUMAN,862954.4936196563,751812.9486275235,-0.22578418637586437,0.9196710959076881,0.9493442867844688
sp|P31997|CEAM8_HUMAN,1460703.6728027142,1850809.6327267755,0.058139966792418014,0.9196710959076881,0.9493442867844688
sp|Q8NI08|NCOA7_HUMAN,210099.91901606994,220210.02078007828,-0.10760506602854339,0.9196710959076881,0.9493442867844688
sp|P01619|KV320_HUMAN,560571885.5344743,560542183.904781,0.06794118430970718,0.9196710959076881,0.9493442867844688
sp|P30566|PUR8_HUMAN,22921944.82219253,30557038.446507957,0.1280035954190535,0.9196710959076881,0.9493442867844688
sp|Q8NC51|PAIRB_HUMAN,53149121.27429018,56872734.109188534,-0.05654915121266772,0.9196710959076881,0.9493442867844688
sp|Q9C0C9|UBE2O_HUMAN,46136962.51547619,68416250.32852472,0.13845143384961464,0.9196710959076881,0.9493442867844688
sp|Q9Y224|RTRAF_HUMAN,53942668.96658178,53285390.66020026,0.004278555632660727,0.9196710959076881,0.9493442867844688
sp|P35251|RFC1_HUMAN,57464951.23894511,54408609.09667566,-0.17824255545556827,0.9196710959076881,0.9493442867844688
sp|P01742|HV169_HUMAN,141055441.0567985,133106639.66715966,-0.006571700385239279,0.9196710959076881,0.9493442867844688
sp|Q05315|LEG10_HUMAN,8949562.035034355,13462666.465991441,-0.042774279028678405,0.9374814853072166,0.9629652499977166
sp|Q8NBX0|SCPDL_HUMAN,17026907.94335095,18610759.413887408,0.004720614070935285,0.9374814853072166,0.9629652499977166
sp|P0DTE1|HV383_HUMAN,43465162.41261846,42451897.903695635,0.020881097494028587,0.9374814853072166,0.9629652499977166
sp|Q9NQE9|HINT3_HUMAN,16198445.598828094,16760735.414427932,0.04170972446273537,0.9374814853072166,0.9629652499977166
sp|P35637|FUS_HUMAN,46696570.13021751,50835034.31078199,-0.035989611529218105,0.9374814853072166,0.9629652499977166
sp|Q5TC12|ATPF1_HUMAN,2122570.8454938075,1997981.259945695,-0.37058077982525034,0.9374814853072166,0.9629652499977166
sp|Q08209|PP2BA_HUMAN,68577874.57262036,69719159.54235275,0.01614620184518941,0.9374814853072166,0.9629652499977166
sp|P17693|HLAG_HUMAN,36032372.85025293,34756667.1263927,-0.02711612202409301,0.9374814853072166,0.9629652499977166
sp|Q5TFE4|NT5D1_HUMAN,85587013.931734,85490205.82736182,-0.016873516160992637,0.9374814853072166,0.9629652499977166
sp|O75629|CREG1_HUMAN,24174960.84883522,24260230.645689063,-0.08923752560392854,0.9374814853072166,0.9629652499977166
sp|Q9NP58|ABCB6_HUMAN,46895671.06230658,50773029.406696625,-0.04122443440329994,0.9374814853072166,0.9629652499977166
sp|P68133|ACTS_HUMAN,14569936116.107943,16303908184.610916,0.056167214373925745,0.9374814853072166,0.9629652499977166
sp|Q8IYN0|ZN100_HUMAN / sp|Q8IYX0|ZN679_HUMAN,275018.11543354637,267167.13260226947,-0.5798385196820248,0.9374814853072166,0.9629652499977166
sp|Q9H0K1|SIK2_HUMAN,439204.24172383785,496319.7068065071,0.06220708109428967,0.9374814853072166,0.9629652499977166
sp|Q8IYB7|DI3L2_HUMAN,3426518.967053397,3558518.14127558,-0.03115668452089996,0.9374814853072166,0.9629652499977166
sp|Q9ULZ3|ASC_HUMAN,13993921.91669475,14375106.778101157,0.022338334984968067,0.9374814853072166,0.9629652499977166
sp|P04264|K2C1_HUMAN,537382102.0673546,381430054.45882446,-0.09233454051024619,0.9374814853072166,0.9629652499977166
sp|P58546|MTPN_HUMAN,16407382.467272284,17036331.01230168,0.050455211029418044,0.9374814853072166,0.9629652499977166
sp|P50502|F10A1_HUMAN,358303920.9713183,346433539.44549227,-0.08853281614287896,0.9374814853072166,0.9629652499977166
sp|A0A0C4DH29|HV103_HUMAN,144896709.42054555,127789910.60916445,-0.07890938785210351,0.9374814853072166,0.9629652499977166
sp|Q9UK41|VPS28_HUMAN,369426.63902285707,353325.1624717861,0.001071374657564354,0.9374814853072166,0.9629652499977166
sp|Q8N8E3|CE112_HUMAN,25165227.10196787,25210594.896007884,0.8249702975627359,0.9374814853072166,0.9629652499977166
sp|Q16832|DDR2_HUMAN,2773721.2847086973,2733922.0237187906,-0.07343025376939975,0.9374814853072166,0.9629652499977166
sp|Q96HR8|NAF1_HUMAN,188435.447702455,178752.95493945156,-0.0760792264922713,0.9553221687674522,0.9737874018511052
sp|P09601|HMOX1_HUMAN,70853743.37449068,70470490.87193577,-0.021815823475374977,0.9553221687674522,0.9737874018511052
sp|Q16082|HSPB2_HUMAN,5849967.054935457,6212499.695198068,0.12001946999612846,0.9553221687674522,0.9737874018511052
sp|Q15642|CIP4_HUMAN,8873797.8535045,8990323.530281793,-0.004165249444832347,0.9553221687674522,0.9737874018511052
sp|Q5EBL8|PDZ11_HUMAN,3435174.8852415606,3827707.2524866117,-0.13738896178473278,0.9553221687674522,0.9737874018511052
sp|P06732|KCRM_HUMAN / sp|KCRM_HUMAN|P06732,122824911.72573592,95118019.0963658,-0.27801405763295367,0.9553221687674522,0.9737874018511052
sp|Q93088|BHMT1_HUMAN,11791160.342070818,8576663.299244642,-0.012301202368124696,0.9553221687674522,0.9737874018511052
sp|P05164|PERM_HUMAN,64197573.75428091,181876204.88862246,0.12761014907363183,0.9553221687674522,0.9737874018511052
sp|Q6EEV4|GL1AD_HUMAN,146321.33500037255,133770.4441328744,-2.370528525859857,0.9553221687674522,0.9737874018511052
sp|A0A0C4DH67|KV108_HUMAN,55964162.87714378,54080705.37895858,0.02447080381912809,0.9553221687674522,0.9737874018511052
sp|Q6ZV73|FGD6_HUMAN,1320848.567092151,1473605.7774707593,-0.11411154853128533,0.9553221687674522,0.9737874018511052
sp|A0A0B4J1Y8|LV949_HUMAN,125626425.28640608,127462104.96749195,0.01938575087195738,0.9553221687674522,0.9737874018511052
sp|Q9UG63|ABCF2_HUMAN,750832.5575968025,757990.8297011516,0.02175884948872855,0.9553221687674522,0.9737874018511052
sp|A0A087WSX0|LV545_HUMAN,5276469.113271689,4938357.124753172,-0.10544208626892833,0.9553221687674522,0.9737874018511052
sp|Q9UGV2|NDRG3_HUMAN,1574056.77082452,2381064.6852653585,0.0397489398999006,0.9553221687674522,0.9737874018511052
sp|A0A075B6J1|LV537_HUMAN,1974245.3087283422,2277684.6719432776,0.00815105934704998,0.9553221687674522,0.9737874018511052
sp|P00533|EGFR_HUMAN,17285676.080082607,17324501.324179742,-0.005926754788456941,0.9553221687674522,0.9737874018511052
sp|Q2TAL8|QRIC1_HUMAN,3306493.3547336445,3557810.8565503475,0.01454195146386046,0.9553221687674522,0.9737874018511052
sp|Q6PCE3|PGM2L_HUMAN,37453341.62449942,42641603.41334156,0.04106529650518873,0.9553221687674522,0.9737874018511052
sp|P60891|PRPS1_HUMAN,88735364.10785513,100715442.42771704,0.04806439678801461,0.9553221687674522,0.9737874018511052
sp|P17480|UBF1_HUMAN,1082021.1290888537,1266850.2610471419,-0.08494844360673184,0.9553221687674522,0.9737874018511052
sp|P24298|ALAT1_HUMAN,294843626.8541532,301708813.774826,-0.032557366533875254,0.9553221687674522,0.9737874018511052
sp|Q04760|LGUL_HUMAN,325075640.34084934,327123826.5626052,-0.030412890959467892,0.9553221687674522,0.9737874018511052
sp|P50454|SERPH_HUMAN,83643089.39847836,84768180.16439791,0.0001536962223607229,0.9553221687674522,0.9737874018511052
sp|P50213|IDH3A_HUMAN,50436431.7465189,49719460.87206274,-0.017494169430024773,0.9553221687674522,0.9737874018511052
sp|Q9BVL4|SELO_HUMAN,10667241.345151063,10959968.182576895,0.03220798097476101,0.9553221687674522,0.9737874018511052
sp|P62312|LSM6_HUMAN,48002209.20601587,49230709.07187742,-0.08452734115314293,0.9553221687674522,0.9737874018511052
sp|Q99489|OXDD_HUMAN,1902635.1796876993,1928365.6202990373,0.05876819160102821,0.9553221687674522,0.9737874018511052
sp|Q9GZQ8|MLP3B_HUMAN / sp|A6NCE7|MP3B2_HUMAN,11931421.172070937,11719147.243056932,-0.03582963877130358,0.9553221687674522,0.9737874018511052
sp|P13798|ACPH_HUMAN,476402559.70220435,504615316.88203293,-0.05046282896945658,0.9553221687674522,0.9737874018511052
sp|P62736|ACTA_HUMAN,14719044500.699629,16164543921.806395,0.0344209182307585,0.9553221687674522,0.9737874018511052
sp|Q9H0U6|RM18_HUMAN,5986695.87655094,6177154.192067736,0.0034575803002536176,0.9553221687674522,0.9737874018511052
sp|P83111|LACTB_HUMAN,6277045.493326898,6685014.860026183,0.03939541909637142,0.9553221687674522,0.9737874018511052
sp|P30626|SORCN_HUMAN,36419713.025942564,40548365.85820185,0.05252279354657156,0.9553221687674522,0.9737874018511052
sp|P29350|PTN6_HUMAN,22798033.709151834,25390055.285893094,0.04097089563336061,0.9553221687674522,0.9737874018511052
sp|P57772|SELB_HUMAN,1100148.484006805,1185438.8535125358,-0.10062293585925373,0.9553221687674522,0.9737874018511052
sp|Q92783|STAM1_HUMAN,9080997.423942354,8910058.630005663,-0.027716898569946337,0.973184622824192,0.9838451664068458
sp|P04839|CY24B_HUMAN,8742106.773103695,10036423.145980006,0.048778258678072055,0.973184622824192,0.9838451664068458
sp|Q9BSH5|HDHD3_HUMAN,34529046.94303649,33622945.7869681,0.000697773559350289,0.973184622824192,0.9838451664068458
sp|P22735|TGM1_HUMAN,13455471.912631435,13847834.218280977,0.019436762354849653,0.973184622824192,0.9838451664068458
sp|Q9BRK3|MXRA8_HUMAN,3117796.4099096283,3121018.5464168475,0.03399071344632123,0.973184622824192,0.9838451664068458
sp|Q6UW02|CP20A_HUMAN,150416.65135246798,883766.0490585575,-0.4914058840804933,0.973184622824192,0.9838451664068458
sp|P05413|FABPH_HUMAN / sp|FABPH_HUMAN|P05413,66099051.37631916,68249638.60544096,0.0361017919285178,0.973184622824192,0.9838451664068458
sp|Q14498|RBM39_HUMAN,3076756.872476852,3301161.8576877145,0.030178260145196666,0.973184622824192,0.9838451664068458
sp|P54922|ADPRH_HUMAN,230519366.86234018,226368372.3120851,-0.02847772390802139,0.973184622824192,0.9838451664068458
sp|P28300|LYOX_HUMAN,21172470.287383437,23101357.082683682,0.20703597500936405,0.973184622824192,0.9838451664068458
sp|P01880|IGHD_HUMAN,80434932.01863387,97322739.68244314,-0.07026462139656395,0.973184622824192,0.9838451664068458
sp|P01876|IGHA1_HUMAN,10196648329.944798,9507686017.460106,0.014192041274507254,0.973184622824192,0.9838451664068458
sp|Q86WR0|CCD25_HUMAN,2468667.0163820707,2734911.749385726,-0.09167200823099285,0.973184622824192,0.9838451664068458
sp|Q86YR5|GPSM1_HUMAN,24127531.642697074,23433009.489731073,-0.9064816526765715,0.973184622824192,0.9838451664068458
sp|P49790|NU153_HUMAN,2305559.4728711993,2200970.765765191,-0.06845609727215034,0.973184622824192,0.9838451664068458
sp|P48147|PPCE_HUMAN,114886758.85990478,118749873.92967652,-0.11794772337053226,0.973184622824192,0.9838451664068458
sp|Q8IYQ7|THNS1_HUMAN,1829559.633293931,2033553.1922892735,-0.1267976489277395,0.973184622824192,0.9838451664068458
sp|P46527|CDN1B_HUMAN,3816705.909956034,3528940.159719839,-0.03544661771072113,0.973184622824192,0.9838451664068458
sp|P42226|STAT6_HUMAN,249574.84332617823,259490.9490475357,-0.5648550550403819,0.973184622824192,0.9838451664068458
sp|P29622|KAIN_HUMAN,86868533.19513121,88579602.2762811,-0.08915599869529943,0.973184622824192,0.9838451664068458
sp|P40394|ADH7_HUMAN,920653038.8491085,976338965.3454295,-0.1894239686717425,0.973184622824192,0.9838451664068458
sp|P04216|THY1_HUMAN,11227415.105926322,11055792.754275683,-0.06431638200480701,0.973184622824192,0.9838451664068458
sp|Q9C040|TRIM2_HUMAN,2059207.7873850355,2058449.3118624021,0.1197064907022323,0.973184622824192,0.9838451664068458
sp|P63027|VAMP2_HUMAN,8159059.02961612,8235639.120682113,-0.008257669136443024,0.973184622824192,0.9838451664068458
sp|Q08378|GOGA3_HUMAN,9061442.17766108,8349014.798796469,-0.07948961901930372,0.973184622824192,0.9838451664068458
sp|Q13409|DC1I2_HUMAN,50668943.53043665,51137656.581897266,0.012147422119003558,0.973184622824192,0.9838451664068458
sp|Q03013|GSTM4_HUMAN,93990119.7458105,104006282.20990428,-0.14473931603026444,0.973184622824192,0.9838451664068458
sp|Q2M1P5|KIF7_HUMAN,26833700.681921493,26283664.09186708,-0.7498474027815109,0.973184622824192,0.9838451664068458
sp|Q13418|ILK_HUMAN,33172372.193672698,33658859.93138884,-0.05028581704020747,0.973184622824192,0.9838451664068458
sp|Q9Y4D1|DAAM1_HUMAN,2159806.151183997,2160237.3904834446,-0.11523039335852506,0.973184622824192,0.9838451664068458
sp|O75832|PSD10_HUMAN,37554025.04928946,36082520.980781026,-0.282782218602661,0.973184622824192,0.9838451664068458
sp|Q13155|AIMP2_HUMAN,19499194.56482411,19142766.314509574,-0.06759652446077867,0.973184622824192,0.9838451664068458
sp|Q15643|TRIPB_HUMAN,9025024.167541783,8733196.39173168,-0.10937824295197515,0.973184622824192,0.9838451664068458
sp|Q9NSK0|KLC4_HUMAN,9938891.28328462,10624492.54184802,-0.030097180945753737,0.973184622824192,0.9838451664068458
sp|Q99952|PTN18_HUMAN,435680.4158967454,444018.48171514476,-0.6184419226485247,0.973184622824192,0.9838451664068458
sp|Q16822|PCKGM_HUMAN,282158089.479498,263946979.1228381,-0.17495590074800002,0.973184622824192,0.9838451664068458
sp|P08514|ITA2B_HUMAN,23533857.164800376,41639886.910870805,0.32216716399686757,0.973184622824192,0.9838451664068458
sp|P11498|PYC_HUMAN,456740306.21271455,494312005.33989954,-0.16034094468531407,0.973184622824192,0.9838451664068458
sp|Q96TC7|RMD3_HUMAN,1752243.4941152765,1738226.4168160707,-0.08026317184597152,0.973184622824192,0.9838451664068458
sp|Q96EY7|PTCD3_HUMAN,148113.51709280084,163422.6216021115,-1.1829068082587675,0.9910601079463959,0.9941675288534185
sp|Q9NQW7|XPP1_HUMAN,133354735.79373063,137093353.487098,-0.07385181247005754,0.9910601079463959,0.9941675288534185
sp|P08567|PLEK_HUMAN,14454512.490335213,16772643.918355063,-0.02337711745976077,0.9910601079463959,0.9941675288534185
sp|P52434|RPAB3_HUMAN,2036747.9140829928,2215868.807611546,0.04222920031996099,0.9910601079463959,0.9941675288534185
sp|Q9NPF4|OSGEP_HUMAN,2192403.7913463307,2227669.9574135924,0.021020054499342845,0.9910601079463959,0.9941675288534185
sp|P01766|HV313_HUMAN,378874249.2607563,372382282.1962139,-0.029430083181582137,0.9910601079463959,0.9941675288534185
sp|Q86YZ3|HORN_HUMAN,4583697.427296007,3545769.7326071165,0.08266888013094256,0.9910601079463959,0.9941675288534185
sp|P0DOY3|IGLC3_HUMAN,9158394876.055792,9481754656.239971,0.05009962865566767,0.9910601079463959,0.9941675288534185
sp|P49419|AL7A1_HUMAN,285430599.53883827,290151190.8851572,-0.01835693381892155,0.9910601079463959,0.9941675288534185
sp|Q13438|OS9_HUMAN,20136241.004221063,20602770.059054673,0.06346480614991402,0.9910601079463959,0.9941675288534185
sp|P43897|EFTS_HUMAN,2768326.7161024543,3112992.3644500934,0.08762055082703261,0.9910601079463959,0.9941675288534185
sp|P42566|EPS15_HUMAN,25917501.35997153,26205976.675776236,0.02495685564945724,0.9910601079463959,0.9941675288534185
sp|Q15363|TMED2_HUMAN,287215.29001921456,315972.2985856886,-0.06544119167507136,0.9910601079463959,0.9941675288534185
sp|Q15173|2A5B_HUMAN,22428912.923524506,34317552.61006434,-0.14011977540682818,0.9910601079463959,0.9941675288534185
sp|Q9Y478|AAKB1_HUMAN,35073112.345081195,38452094.04667775,-0.28514361118792536,0.9910601079463959,0.9941675288534185
sp|Q7L014|DDX46_HUMAN,3912708.6013159635,4428239.480645429,-0.04810708499324689,0.9910601079463959,0.9941675288534185
sp|Q9UBI1|COMD3_HUMAN,309854.9526673697,329091.02077612357,-0.7710246535184958,0.9910601079463959,0.9941675288534185
sp|Q9NQH7|XPP3_HUMAN,47601192.05188503,46397798.15594754,-0.03129271326647129,0.9910601079463959,0.9941675288534185
sp|P98198|AT8B2_HUMAN,3231844.0029442026,3637674.537927106,0.04218073164502504,0.9910601079463959,0.9941675288534185
sp|Q9Y4Z0|LSM4_HUMAN,58949764.48957538,60372020.50247035,-0.12129397791635707,0.9910601079463959,0.9941675288534185
sp|Q07954|LRP1_HUMAN,535917516.5638999,531083350.18774945,-0.03979211068678902,0.9910601079463959,0.9941675288534185
sp|P05156|CFAI_HUMAN,345250393.1100784,348824323.1460644,-0.02642338336258922,0.9910601079463959,0.9941675288534185
sp|P21757|MSRE_HUMAN,10202971.51277653,13024119.581807,0.019168153710310436,0.9910601079463959,0.9941675288534185
sp|P52788|SPSY_HUMAN,162495757.14132065,162451811.85536817,-0.040377177743014296,0.9910601079463959,0.9941675288534185
sp|Q6FHJ7|SFRP4_HUMAN,3034852.780610892,3166754.8115431136,-0.011149919664196357,0.9910601079463959,0.9941675288534185
sp|Q9NQG5|RPR1B_HUMAN,6679692.000392633,6658776.659651267,-0.000445192500353353,0.9910601079463959,0.9941675288534185
sp|P10746|HEM4_HUMAN,3233442.146106546,3969834.662672851,0.1443932066304534,0.9910601079463959,0.9941675288534185
sp|Q96CP2|FWCH2_HUMAN,1732694.2690881293,1770519.0017361226,-0.10020745680183553,0.9910601079463959,0.9941675288534185
sp|P22033|MUTA_HUMAN,109186905.66400145,111865333.45646714,-0.010592516128832169,0.9910601079463959,0.9941675288534185
sp|P00813|ADA_HUMAN,15288991.406975392,15512431.880282411,-0.03235259899877861,0.9910601079463959,0.9941675288534185
sp|Q6ULP2|AFTIN_HUMAN,312900.2066304811,288625.9647433974,-0.01928796664681769,0.9910601079463959,0.9941675288534185
sp|Q16891|MIC60_HUMAN,10643261.558148835,10540021.022469224,-0.03639714179569302,0.9910601079463959,0.9941675288534185
sp|Q6UXG8|BTNL9_HUMAN,3577686.594038028,3622682.0426615463,-0.0635789798460931,0.9910601079463959,0.9941675288534185
sp|Q6VY07|PACS1_HUMAN,92488042.08805072,92273720.60239683,-0.04288191648437854,0.9910601079463959,0.9941675288534185
sp|Q16851|UGPA_HUMAN,802766329.2593575,807956232.3726083,-0.12205080067158568,0.9910601079463959,0.9941675288534185
sp|Q3ZCW2|LEGL_HUMAN,2066328.4976631715,2402536.2139641764,-0.024344939533492798,0.9910601079463959,0.9941675288534185
sp|O95486|SC24A_HUMAN,468799.25767648016,541549.8912414893,-0.09150886245805054,0.9910601079463959,0.9941675288534185
sp|Q8NDH2|CC168_HUMAN,1073987.4961530531,1055950.3852892907,-0.032257357385763956,1.0,1.0
sp|Q9Y3E2|BOLA1_HUMAN,1152272.6728189164,1197249.7592257017,-0.1104000180975784,1.0,1.0
sp|A6NHX0|CAST2_HUMAN,600551.4288930141,559216.1591885436,-0.2587443398567575,1.0,1.0
sp|O00330|ODPX_HUMAN,35101013.12376876,34690119.67864128,-0.005958193025489246,1.0,1.0
sp|Q969P0|IGSF8_HUMAN,1013803.9061624821,1030504.0072934941,0.08163070442325045,1.0,1.0
sp|Q9H8G2|CAAP1_HUMAN,6687332.6302656485,6819068.913674601,-0.004404264762181915,1.0,1.0
sp|Q8N5N7|RM50_HUMAN,4142212.7292686747,4426513.619727254,-0.00668478533422473,1.0,1.0
sp|O60613|SEP15_HUMAN,5767575.597723191,5973170.2919689445,0.01934167170487166,1.0,1.0
sp|O43674|NDUB5_HUMAN,1180395.186915731,1239629.1470911105,-0.045239541703150234,1.0,1.0
sp|O75312|ZPR1_HUMAN,7133198.358231286,7073238.720065741,-0.035964993342418115,1.0,1.0
sp|P04430|KV116_HUMAN,22570692.40948049,22008231.65765321,0.04769697941084313,1.0,1.0
sp|O95714|HERC2_HUMAN / sp|Q9BVR0|HRC23_HUMAN,3662566.3003935018,4272944.210804084,0.03227494707102914,1.0,1.0
sp|Q9NV96|CC50A_HUMAN,702072.7482662156,720689.0867978228,-0.197002803056282,1.0,1.0
sp|O94992|HEXI1_HUMAN,1173428.4528256536,1128427.9412269804,-0.028029277799729437,1.0,1.0
sp|O60869|EDF1_HUMAN,6396468.221407498,7374765.838419056,0.08889229724483957,1.0,1.0
